<COLLADA xmlns="http://www.collada.org/2005/11/COLLADASchema" version="1.4.1">
  <asset>
    <contributor/>
    <created>2026-10-01T22:28:54.399596</created>
    <modified>2026-10-01T22:28:54.399610</modified>
    <unit name="meter" meter="1.0"/>
    <up_axis>Z_UP</up_axis>
  </asset>
  <library_effects>
    <effect id="effect_Wheel__L__shape004" name="effect_Wheel__L__shape004">
      <profile_COMMON>
        <technique sid="common">
          <phong>
            <emission>
              <color>0.0 0.0 0.0 1.0</color>
            </emission>
            <ambient>
              <color>0.0 0.0 0.0 1.0</color>
            </ambient>
            <diffuse>
              <color>0.6784313917160034 0.7098039388656616 0.7411764860153198 1.0</color>
            </diffuse>
            <specular>
              <color>1 1 1 1.0</color>
            </specular>
            <shininess>
              <float>0.0</float>
            </shininess>
            <reflective>
              <color>0.0 0.0 0.0 1.0</color>
            </reflective>
            <reflectivity>
              <float>0.0</float>
            </reflectivity>
            <transparent>
              <color>0.0 0.0 0.0 1.0</color>
            </transparent>
            <transparency>
              <float>1.0</float>
            </transparency>
          </phong>
        </technique>
        <extra>
          <technique profile="GOOGLEEARTH">
            <double_sided>0</double_sided>
          </technique>
        </extra>
      </profile_COMMON>
    </effect>
  </library_effects>
  <library_geometries>
    <geometry id="geometry0" name="Wheel__L__shape004">
      <mesh>
        <source id="cubeverts-array0">
          <float_array count="10584" id="cubeverts-array0-array">0.1000812 0.131 0.01051413 0.1019068 0.131 0.009697236 0.1023681 0.131 0.01080138 0.1013909 0.131 0.00861746 0.1005041 0.131 0.01152627 0.1008761 0.131 0.01255823 0.1027739 0.131 0.01192716 0.09960832 0.131 0.009524339 0.1008219 0.131 0.00756474 0.1011962 0.131 0.01360744 0.1031231 0.131 0.01307176 0.0990867 0.131 0.008559345 0.1014635 0.131 0.01467131 0.1034148 0.131 0.01423234 0.09851762 0.131 0.007621552 0.100201 0.131 0.006541693 0.1016776 0.131 0.01574718 0.1036482 0.131 0.01540602 0.09790252 0.131 0.00671329 0.09953001 0.131 0.005550862 0.1018377 0.131 0.01683238 0.1038229 0.131 0.01658987 0.0972429 0.131 0.005836819 0.09881043 0.131 0.004594711 0.1019435 0.131 0.01792422 0.1039384 0.131 0.01778097 0.09654041 0.131 0.004994316 0.09804408 0.131 0.003675617 0.09723287 0.131 0.002795865 0.1019948 0.131 0.01901997 0.1039943 0.131 0.01897633 0.1039906 0.131 0.020173 0.0957968 0.131 0.004187876 0.1019913 0.131 0.02011692 0.1039272 0.131 0.02136799 0.09501392 0.131 0.003419505 0.09637881 0.131 0.001957641 0.1019333 0.131 0.02121233 0.1038043 0.131 0.02255834 0.0941937 0.131 0.002691112 0.09548404 0.131 0.001163031 0.1018206 0.131 0.02230348 0.09333821 0.131 0.002004509 0.09455077 0.131 0.0004140098 0.1016538 0.131 0.02338767 0.1036223 0.131 0.02374109 0.1033815 0.131 0.02491329 0.09244955 0.131 0.001361403 0.09358133 0.131 -0.0002875609 0.09257812 0.131 -0.0009399367 0.1014331 0.131 0.02446218 0.09152994 0.131 0.0007633914 0.1011591 0.131 0.02552437 0.1030826 0.131 0.02607204 0.09058167 0.131 0.0002119624 0.09154363 0.131 -0.001541496 0.1008325 0.131 0.02657157 0.1027264 0.131 0.02721444 0.1023136 0.131 0.02833767 0.08960708 0.131 -0.0002915134 0.09048045 0.131 -0.002090742 0.1004541 0.131 0.0276012 0.1018453 0.131 0.02943892 0.08860861 0.131 -0.0007457845 0.08939121 0.131 -0.00258631 0.1000249 0.131 0.02861068 0.1013227 0.131 0.03051547 0.08758875 0.131 -0.001149721 0.08827863 0.131 -0.003026969 0.09954585 0.131 0.02959751 0.08655 0.131 -0.00150232 0.08714546 0.131 -0.003411621 0.09901823 0.131 0.03055924 0.1007472 0.131 0.03156462 0.08549499 0.131 -0.001802703 0.08599453 0.131 -0.003739312 0.08482869 0.131 -0.004009226 0.09844334 0.131 0.03149347 0.10012 0.131 0.03258379 0.0844263 0.131 -0.002050124 0.08365085 0.131 -0.004220693 0.09782259 0.131 0.03239789 0.09944282 0.131 0.03357042 0.0987173 0.131 0.03452208 0.08334661 0.131 -0.002243969 0.09715752 0.131 0.03327024 0.08225861 0.131 -0.002383754 0.08246394 0.131 -0.004373187 0.09644981 0.131 0.03410835 0.09794524 0.131 0.03543638 0.08116499 0.131 -0.002469133 0.08127089 0.131 -0.004466327 0.08007469 0.131 -0.004499884 0.09570119 0.131 0.03491015 0.09712857 0.131 0.03631107 0.09626932 0.131 0.03714396 0.08006847 0.131 -0.002499893 0.09491354 0.131 0.03567363 0.07897178 0.131 -0.002475959 0.0788783 0.131 -0.004473773 0.09408881 0.131 0.0363969 0.09536961 0.131 0.03793299 0.07787764 0.131 -0.002397388 0.0776847 0.131 -0.00438806 0.09322906 0.131 0.03707817 0.0944317 0.131 0.03867619 0.07649686 0.131 -0.004242957 0.07678879 0.131 -0.002264377 0.09233641 0.131 0.03771573 0.09345791 0.131 0.03937171 0.07570792 0.131 -0.002077256 0.07531773 0.131 -0.004038825 0.09245065 0.131 0.04001783 0.0914131 0.131 0.03830801 0.07463771 0.131 -0.001836491 0.07415023 0.131 -0.003776172 0.09046141 0.131 0.03885352 0.09141245 0.131 0.04061293 0.07358084 0.131 -0.00154268 0.07299728 0.131 -0.003455651 0.09034586 0.131 0.04115556 0.08948371 0.131 0.03935093 0.07253993 0.131 -0.001196554 0.07186174 0.131 -0.003078059 0.08848244 0.131 0.03979897 0.08925356 0.131 0.04164433 0.07074644 0.131 -0.002644334 0.07151756 0.131 -0.0007989725 0.08813826 0.131 0.04207806 0.08746007 0.131 0.04019655 0.06965414 0.131 -0.002155554 0.07051629 0.131 -0.0003509248 0.08641916 0.131 0.04054268 0.08700272 0.131 0.04245565 0.06858755 0.131 -0.001612936 0.06953859 0.131 0.0001464755 0.08584977 0.131 0.04277617 0.08536229 0.131 0.04083649 0.0685869 0.131 0.0006919916 0.06754935 0.131 -0.001017827 0.08429208 0.131 0.04107726 0.08468227 0.131 0.04303883 0.06654209 0.131 -0.0003717082 0.06766359 0.131 0.001284268 0.08350314 0.131 0.04324296 0.08321121 0.131 0.04126438 0.0655683 0.131 0.0003238151 0.06677094 0.131 0.001921831 0.06591119 0.131 0.002603096 0.0823153 0.131 0.04338806 0.08212236 0.131 0.04139739 0.06463039 0.131 0.001067013 0.0811217 0.131 0.04347377 0.08102822 0.131 0.04147596 0.06373068 0.131 0.001856039 0.06508646 0.131 0.003326369 0.07992531 0.131 0.04349989 0.07993153 0.131 0.04149989 0.06287143 0.131 0.00268893 0.06429881 0.131 0.004089853 0.07872911 0.131 0.04346633 0.07883501 0.131 0.04146913 0.07774139 0.131 0.04138375 0.06205476 0.131 0.003563617 0.06355019 0.131 0.004891649 0.07753606 0.131 0.04337319 0.0612827 0.131 0.004477923 0.06284248 0.131 0.005729763 0.06217742 0.131 0.006602112 0.07634915 0.131 0.04322069 0.0755737 0.131 0.04105013 0.07665339 0.131 0.04124397 0.06055718 0.131 0.005429577 0.07517131 0.131 0.04300923 0.07450501 0.131 0.0408027 0.05988 0.131 0.006416212 0.06155666 0.131 0.007506528 0.07400547 0.131 0.04273931 0.05925283 0.131 0.007435376 0.06098177 0.131 0.008440762 0.06045415 0.131 0.00940249 0.07285454 0.131 0.04241162 0.07345 0.131 0.04050232 0.05867725 0.131 0.008484534 0.07172137 0.131 0.04202697 0.07241125 0.131 0.04014972 0.05815468 0.131 0.009561078 0.05997513 0.131 0.01038932 0.05954589 0.131 0.0113988 0.07060879 0.131 0.04158631 0.07139139 0.131 0.03974578 0.07039292 0.131 0.03929151 0.05768642 0.131 0.01066233 0.06951955 0.131 0.04109074 0.06941833 0.131 0.03878804 0.05727364 0.131 0.01178556 0.0591675 0.131 0.01242843 0.06845637 0.131 0.0405415 0.05691736 0.131 0.01292796 0.05884091 0.131 0.01347563 0.06742188 0.131 0.03993994 0.06755045 0.131 0.0376386 0.06847006 0.131 0.03823661 0.05661846 0.131 0.01408671 0.05856693 0.131 0.01453782 0.06641867 0.131 0.03928756 0.0563777 0.131 0.01525891 0.05834622 0.131 0.01561233 0.06544923 0.131 0.03858599 0.0658063 0.131 0.03630889 0.06666179 0.131 0.03699549 0.05619566 0.131 0.01644166 0.05817936 0.131 0.01669652 0.06451596 0.131 0.03783697 0.05607281 0.131 0.01763201 0.05806674 0.131 0.01778767 0.06362118 0.131 0.03704236 0.06498608 0.131 0.03558049 0.05600944 0.131 0.018827 0.05800865 0.131 0.01888308 0.06276713 0.131 0.03620414 0.0642032 0.131 0.03481212 0.05600571 0.131 0.02002367 0.05800524 0.131 0.01998003 0.06195592 0.131 0.03532438 0.06345959 0.131 0.03400568 0.05606164 0.131 0.02121903 0.05805651 0.131 0.02107578 0.06118957 0.131 0.03440529 0.0627571 0.131 0.03316318 0.05617709 0.131 0.02241013 0.05816233 0.131 0.02216762 0.06046998 0.131 0.03344914 0.06148237 0.131 0.03137845 0.06209748 0.131 0.03228671 0.05635176 0.131 0.02359398 0.05832244 0.131 0.02325282 0.05979895 0.131 0.03245831 0.0609133 0.131 0.03044065 0.05658522 0.131 0.02476766 0.05853645 0.131 0.02432869 0.05917815 0.131 0.03143526 0.0568769 0.131 0.02592824 0.05880383 0.131 0.02539256 0.05860911 0.131 0.03038254 0.06039168 0.131 0.02947566 0.05722607 0.131 0.02707284 0.05912389 0.131 0.02644177 0.05809325 0.131 0.02930276 0.05991881 0.131 0.02848587 0.05763185 0.131 0.02819862 0.05949586 0.131 0.02747373 0.07241125 0.1425 0.04014972 0.07139139 0.1425 0.03974578 0.07345 0.1425 0.04050232 0.07450501 0.1425 0.0408027 0.0755737 0.1425 0.04105013 0.07665339 0.1425 0.04124397 0.07774139 0.1425 0.04138375 0.07883501 0.1425 0.04146913 0.07993153 0.1425 0.04149989 0.08102822 0.1425 0.04147596 0.08212236 0.1425 0.04139739 0.08321121 0.1425 0.04126438 0.08429208 0.1425 0.04107726 0.08536229 0.1425 0.04083649 0.08641916 0.1425 0.04054268 0.08746007 0.1425 0.04019655 0.08848244 0.1425 0.03979897 0.08948371 0.1425 0.03935093 0.09046141 0.1425 0.03885352 0.0914131 0.1425 0.03830801 0.09233641 0.1425 0.03771573 0.09322906 0.1425 0.03707817 0.09408881 0.1425 0.0363969 0.09491354 0.1425 0.03567363 0.09570119 0.1425 0.03491015 0.09644981 0.1425 0.03410835 0.09715752 0.1425 0.03327024 0.09782259 0.1425 0.03239789 0.09844334 0.1425 0.03149347 0.09901823 0.1425 0.03055924 0.09954585 0.1425 0.02959751 0.1000249 0.1425 0.02861068 0.1004541 0.1425 0.0276012 0.1008325 0.1425 0.02657157 0.1011591 0.1425 0.02552437 0.1014331 0.1425 0.02446218 0.1016538 0.1425 0.02338767 0.1018206 0.1425 0.02230348 0.1019333 0.1425 0.02121233 0.1019913 0.1425 0.02011692 0.1019948 0.1425 0.01901997 0.1019435 0.1425 0.01792422 0.1018377 0.1425 0.01683238 0.1016776 0.1425 0.01574718 0.1014635 0.1425 0.01467131 0.1011962 0.1425 0.01360744 0.1008761 0.1425 0.01255823 0.1005041 0.1425 0.01152627 0.1000812 0.1425 0.01051413 0.09960832 0.1425 0.009524339 0.0990867 0.1425 0.008559345 0.09851762 0.1425 0.007621552 0.09790252 0.1425 0.00671329 0.0972429 0.1425 0.005836819 0.09654041 0.1425 0.004994316 0.0957968 0.1425 0.004187876 0.09501392 0.1425 0.003419505 0.0941937 0.1425 0.002691112 0.09333821 0.1425 0.002004509 0.09244955 0.1425 0.001361403 0.09152994 0.1425 0.0007633914 0.09058167 0.1425 0.0002119624 0.08960708 0.1425 -0.0002915134 0.08860861 0.1425 -0.0007457845 0.08758875 0.1425 -0.001149721 0.08655 0.1425 -0.00150232 0.08549499 0.1425 -0.001802703 0.0844263 0.1425 -0.002050124 0.08334661 0.1425 -0.002243969 0.08225861 0.1425 -0.002383754 0.08116499 0.1425 -0.002469133 0.08006847 0.1425 -0.002499893 0.07897178 0.1425 -0.002475959 0.07787764 0.1425 -0.002397388 0.07678879 0.1425 -0.002264377 0.07570792 0.1425 -0.002077256 0.07463771 0.1425 -0.001836491 0.07358084 0.1425 -0.00154268 0.07253993 0.1425 -0.001196554 0.07151756 0.1425 -0.0007989725 0.07051629 0.1425 -0.0003509248 0.06953859 0.1425 0.0001464755 0.0685869 0.1425 0.0006919916 0.06766359 0.1425 0.001284268 0.06677094 0.1425 0.001921831 0.06591119 0.1425 0.002603096 0.06508646 0.1425 0.003326369 0.06429881 0.1425 0.004089853 0.06355019 0.1425 0.004891649 0.06284248 0.1425 0.005729763 0.06217742 0.1425 0.006602112 0.06155666 0.1425 0.007506528 0.06098177 0.1425 0.008440762 0.06045415 0.1425 0.00940249 0.05997513 0.1425 0.01038932 0.05954589 0.1425 0.0113988 0.0591675 0.1425 0.01242843 0.05884091 0.1425 0.01347563 0.05856693 0.1425 0.01453782 0.05834622 0.1425 0.01561233 0.05817936 0.1425 0.01669652 0.05806674 0.1425 0.01778767 0.05800865 0.1425 0.01888308 0.05800524 0.1425 0.01998003 0.05805651 0.1425 0.02107578 0.05816233 0.1425 0.02216762 0.05832244 0.1425 0.02325282 0.05853645 0.1425 0.02432869 0.05880383 0.1425 0.02539256 0.05912389 0.1425 0.02644177 0.05949586 0.1425 0.02747373 0.05991881 0.1425 0.02848587 0.06039168 0.1425 0.02947566 0.0609133 0.1425 0.03044065 0.06148237 0.1425 0.03137845 0.06209748 0.1425 0.03228671 0.0627571 0.1425 0.03316318 0.06345959 0.1425 0.03400568 0.0642032 0.1425 0.03481212 0.06498608 0.1425 0.03558049 0.0658063 0.1425 0.03630889 0.06666179 0.1425 0.03699549 0.06755045 0.1425 0.0376386 0.06847006 0.1425 0.03823661 0.06941833 0.1425 0.03878804 0.07039292 0.1425 0.03929151 0.09619361 0.1425 0.01320256 0.09585957 0.1425 0.01240321 0.09648738 0.1425 0.01401758 0.09548611 0.1425 0.0116215 0.09674016 0.1425 0.01484622 0.09507416 0.1425 0.01085937 0.09695132 0.1425 0.01568643 0.09462472 0.1425 0.01011873 0.09712034 0.1425 0.01653613 0.09413892 0.1425 0.009401405 0.0972468 0.1425 0.01739319 0.09361797 0.1425 0.008709192 0.09733038 0.1425 0.01825549 0.09306316 0.1425 0.008043806 0.09737086 0.1425 0.01912089 0.09247588 0.1425 0.007406902 0.09736816 0.1425 0.01998722 0.09185758 0.1425 0.006800063 0.09732229 0.1425 0.02085235 0.0912098 0.1425 0.006224799 0.09723335 0.1425 0.02171411 0.09053415 0.1425 0.005682539 0.09710156 0.1425 0.02257037 0.08983231 0.1425 0.00517463 0.09692726 0.1425 0.023419 0.08910603 0.1425 0.004702337 0.09671087 0.1425 0.02425788 0.08835711 0.1425 0.004266834 0.09645293 0.1425 0.02508493 0.08758741 0.1425 0.003869202 0.0961541 0.1425 0.0258981 0.08679885 0.1425 0.003510432 0.0958151 0.1425 0.02669537 0.08599339 0.1425 0.003191413 0.09543678 0.1425 0.02747474 0.08517302 0.1425 0.002912941 0.09502008 0.1425 0.02823429 0.08433979 0.1425 0.002675706 0.09456604 0.1425 0.02897212 0.08349577 0.1425 0.002480299 0.09407579 0.1425 0.0296864 0.08264307 0.1425 0.002327207 0.09355054 0.1425 0.03037536 0.08178378 0.1425 0.002216808 0.09299161 0.1425 0.03103728 0.08092007 0.1425 0.002149378 0.09240038 0.1425 0.03167051 0.08005407 0.1425 0.002125084 0.09177831 0.1425 0.03227349 0.07918793 0.1425 0.002143987 0.09112696 0.1425 0.03284472 0.07832382 0.1425 0.00220604 0.09044795 0.1425 0.03338276 0.07746387 0.1425 0.002311089 0.08974297 0.1425 0.03388629 0.07661023 0.1425 0.002458871 0.08901376 0.1425 0.03435405 0.07576501 0.1425 0.002649021 0.08826214 0.1425 0.03478489 0.07493032 0.1425 0.002881065 0.08748997 0.1425 0.03517772 0.07410824 0.1425 0.003154426 0.0866992 0.1425 0.03553157 0.0733008 0.1425 0.003468425 0.08589176 0.1425 0.03584557 0.07251003 0.1425 0.003822281 0.08506968 0.1425 0.03611893 0.08423499 0.1425 0.03635098 0.07173786 0.1425 0.004215114 0.08338977 0.1425 0.03654113 0.07098624 0.1425 0.004645948 0.07025703 0.1425 0.005113711 0.08167618 0.1425 0.03679396 0.08253613 0.1425 0.03668891 0.06955205 0.1425 0.005617241 0.06887304 0.1425 0.006155286 0.08081207 0.1425 0.03685601 0.06822169 0.1425 0.006726508 0.07994593 0.1425 0.03687492 0.06759962 0.1425 0.007329486 0.07907993 0.1425 0.03685062 0.06700839 0.1425 0.007962722 0.07821622 0.1425 0.03678319 0.06644946 0.1425 0.008624642 0.07735693 0.1425 0.03667279 0.06592421 0.1425 0.009313601 0.07650423 0.1425 0.0365197 0.06543396 0.1425 0.01002788 0.07482698 0.1425 0.03608706 0.07566021 0.1425 0.0363243 0.06497992 0.1425 0.01076571 0.06456322 0.1425 0.01152526 0.0641849 0.1425 0.01230464 0.07400661 0.1425 0.03580859 0.07320115 0.1425 0.03548957 0.0638459 0.1425 0.0131019 0.07241259 0.1425 0.0351308 0.06354706 0.1425 0.01391507 0.07164289 0.1425 0.03473317 0.06328913 0.1425 0.01474212 0.07089397 0.1425 0.03429766 0.06307274 0.1425 0.015581 0.07016769 0.1425 0.03382537 0.06289844 0.1425 0.01642963 0.0687902 0.1425 0.0327752 0.06946585 0.1425 0.03331746 0.06276665 0.1425 0.01728589 0.06267771 0.1425 0.01814765 0.06752412 0.1425 0.0315931 0.06814242 0.1425 0.03219994 0.06263183 0.1425 0.01901278 0.06693684 0.1425 0.03095619 0.06262914 0.1425 0.01987911 0.06266963 0.1425 0.02074451 0.06586108 0.1425 0.02959859 0.06638203 0.1425 0.03029081 0.0627532 0.1425 0.02160681 0.06287966 0.1425 0.02246387 0.06304868 0.1425 0.02331357 0.06537528 0.1425 0.02888128 0.06451389 0.1425 0.02737851 0.06492584 0.1425 0.02814063 0.06325984 0.1425 0.02415378 0.06351262 0.1425 0.02498242 0.06380639 0.1425 0.02579744 0.06414043 0.1425 0.02659679 0.08844624 0.14175 0.03197157 0.08606286 0.141 0.03071625 0.08714951 0.141 0.03005684 0.08816511 0.141 0.02929252 0.0871625 0.14175 0.03275057 0.08909956 0.141 0.02843088 0.08668418 0.14025 0.02751643 0.08744914 0.14025 0.02681106 0.08875011 0.14025 0.02519008 0.08658221 0.1395 0.02426342 0.08681146 0.1395 0.02392941 0.08814008 0.14025 0.02603304 0.08702378 0.1395 0.02358438 0.0759158 0.14025 0.02910524 0.07682069 0.1395 0.02697714 0.07719734 0.1395 0.02712632 0.08964603 0.14175 0.03106862 0.08994357 0.141 0.02748048 0.08927317 0.14025 0.02429058 0.08721864 0.1395 0.02322919 0.08739555 0.1395 0.02286474 0.09074996 0.14175 0.0300507 0.09068875 0.141 0.02645076 0.08970408 0.14025 0.02334347 0.08755408 0.1395 0.02249192 0.08769382 0.1395 0.02211166 0.09174706 0.14175 0.02892792 0.09132771 0.141 0.02535197 0.07410603 0.14175 0.03336146 0.09003854 0.14025 0.02235815 0.08781444 0.1395 0.02172491 0.08791563 0.1395 0.02133262 0.0926274 0.14175 0.02771144 0.09185409 0.141 0.02419501 0.09027324 0.14025 0.02134443 0.08799713 0.1395 0.02093579 0.08805876 0.1395 0.02053538 0.09338225 0.14175 0.02641335 0.09226265 0.141 0.02299139 0.09040584 0.14025 0.02031238 0.08810035 0.1395 0.02013239 0.0881218 0.1395 0.01972784 0.09400409 0.14175 0.02504656 0.09254935 0.141 0.02175308 0.09043501 0.14025 0.01927226 0.08812306 0.1395 0.01932272 0.08810413 0.1395 0.01891804 0.09448676 0.14175 0.02362464 0.09271132 0.141 0.02049237 0.09036049 0.14025 0.0182344 0.08806505 0.1395 0.0185148 0.08800591 0.1395 0.01811402 0.09482545 0.14175 0.02216173 0.09274696 0.141 0.0192218 0.09018299 0.14025 0.01720912 0.08792688 0.1395 0.01771668 0.08782813 0.1395 0.01732377 0.09501681 0.14175 0.02067236 0.09265592 0.141 0.017954 0.08990429 0.14025 0.0162066 0.08770992 0.1395 0.01693628 0.08757255 0.1395 0.01655516 0.09505891 0.14175 0.01917134 0.0924391 0.141 0.01670156 0.08952715 0.14025 0.01523682 0.08741635 0.1395 0.01618136 0.08724171 0.1395 0.01581581 0.09495136 0.14175 0.01767359 0.09209866 0.141 0.01547693 0.08905534 0.14025 0.01430941 0.08704906 0.1395 0.01545942 0.0868389 0.1395 0.01511307 0.09469521 0.14175 0.01619399 0.09163796 0.141 0.01429228 0.08849352 0.14025 0.01343358 0.08661172 0.1395 0.01477764 0.08636812 0.1395 0.01445394 0.09429301 0.14175 0.01474725 0.09106161 0.141 0.01315939 0.0878473 0.14025 0.01261804 0.08610867 0.1395 0.01414279 0.08583405 0.1395 0.01384495 0.09374877 0.14175 0.01334774 0.09037532 0.141 0.01208952 0.08712308 0.14025 0.0118709 0.08554491 0.1395 0.01356118 0.085242 0.1395 0.01329217 0.09306788 0.14175 0.01200938 0.08958592 0.141 0.0110933 0.08632807 0.14025 0.01119958 0.08492604 0.1395 0.0130386 0.08459785 0.1395 0.01280109 0.09225712 0.14175 0.01074546 0.08870125 0.141 0.01018062 0.08547017 0.14025 0.01061076 0.08425822 0.1395 0.01258023 0.083908 0.1395 0.01237658 0.09132454 0.14175 0.009568551 0.08773009 0.141 0.009360568 0.08455791 0.14025 0.01011028 0.08354807 0.1395 0.01219063 0.08317931 0.1395 0.01202286 0.09027941 0.14175 0.008490343 0.08668212 0.141 0.008641284 0.08360034 0.14025 0.009703115 0.08280266 0.1395 0.01187368 0.08241904 0.1395 0.01174346 0.08913213 0.14175 0.007521553 0.08556774 0.141 0.008029919 0.08260699 0.14025 0.00939332 0.0820294 0.1395 0.01163252 0.08163471 0.1395 0.01154115 0.08789408 0.14175 0.006671811 0.08439802 0.141 0.007532548 0.08158774 0.14025 0.009183969 0.08123596 0.1395 0.01146956 0.08083414 0.1395 0.01141793 0.08657758 0.14175 0.005949561 0.08318459 0.141 0.007154115 0.0805527 0.14025 0.009077145 0.08043025 0.1395 0.0113864 0.08002528 0.1395 0.01137504 0.0851957 0.14175 0.00536198 0.08193951 0.141 0.006898382 0.07951218 0.14025 0.009073906 0.07962025 0.1395 0.01138388 0.07921617 0.1395 0.0114129 0.08376219 0.14175 0.004914911 0.08067516 0.141 0.006767889 0.0784765 0.14025 0.009174287 0.07881404 0.1395 0.01146202 0.07841486 0.1395 0.01153113 0.08229129 0.14175 0.004612794 0.0794041 0.141 0.006763933 0.07745596 0.14025 0.00937729 0.07801961 0.1395 0.01162005 0.07762929 0.1395 0.01172856 0.08079762 0.14175 0.004458633 0.07813895 0.141 0.006886554 0.07646071 0.14025 0.009680897 0.07724486 0.1395 0.01185639 0.07686728 0.1395 0.01200322 0.07929601 0.14175 0.00445396 0.07689231 0.141 0.007134533 0.07550063 0.14025 0.01008209 0.07649749 0.1395 0.01216869 0.07613641 0.1395 0.01235239 0.07780141 0.14175 0.004598822 0.07567655 0.141 0.007505406 0.07458527 0.14025 0.01057688 0.07578493 0.1395 0.01255386 0.07544394 0.1395 0.0127726 0.07632866 0.14175 0.004891778 0.07450376 0.141 0.007995487 0.07372372 0.14025 0.01116036 0.07511427 0.1395 0.01300806 0.07479675 0.1395 0.01325967 0.0748924 0.14175 0.005329916 0.07338559 0.141 0.008599904 0.07292455 0.14025 0.01182671 0.07449216 0.1395 0.01352678 0.07420126 0.1395 0.01380875 0.07350689 0.14175 0.005908884 0.07233316 0.141 0.009312652 0.07219569 0.14025 0.01256933 0.07392479 0.1395 0.01410487 0.07366341 0.1395 0.0144144 0.07218592 0.14175 0.006622926 0.07135693 0.141 0.01012665 0.0715444 0.14025 0.01338083 0.07341779 0.1395 0.01473658 0.07318854 0.1395 0.01507059 0.0709426 0.14175 0.007464946 0.07046659 0.141 0.0110338 0.07097714 0.14025 0.01425315 0.07297622 0.1395 0.01541562 0.07278136 0.1395 0.01577081 0.06978931 0.14175 0.008426577 0.06967101 0.141 0.01202509 0.07049957 0.14025 0.0151776 0.07260445 0.1395 0.01613526 0.07244592 0.1395 0.01650808 0.0687375 0.14175 0.00949826 0.06897807 0.141 0.01309067 0.0701164 0.14025 0.01614502 0.07230618 0.1395 0.01688834 0.07218556 0.1395 0.01727509 0.06779761 0.14175 0.01066934 0.06839468 0.141 0.01421995 0.06983147 0.14025 0.01714578 0.07208437 0.1395 0.01766738 0.07200287 0.1395 0.01806421 0.066979 0.14175 0.01192819 0.06792662 0.141 0.0154017 0.06964759 0.14025 0.01816994 0.07194124 0.1395 0.01846462 0.07189965 0.1395 0.01886761 0.06628979 0.14175 0.01326229 0.06757856 0.141 0.01662419 0.0695666 0.14025 0.01920732 0.0718782 0.1395 0.01927216 0.07187694 0.1395 0.01967728 0.06573684 0.14175 0.01465838 0.06735394 0.141 0.01787526 0.06958931 0.14025 0.0202476 0.07189587 0.1395 0.02008196 0.07193495 0.1395 0.0204852 0.06532565 0.14175 0.01610259 0.06725501 0.141 0.01914247 0.06971548 0.14025 0.02128046 0.07199409 0.1395 0.02088598 0.07207312 0.1395 0.02128332 0.0650603 0.14175 0.01758057 0.06728275 0.141 0.02041324 0.06994386 0.14025 0.02229562 0.07217187 0.1395 0.02167623 0.07229008 0.1395 0.02206372 0.06494342 0.14175 0.01907762 0.06743687 0.141 0.02167493 0.07027219 0.14025 0.02328299 0.07242745 0.1395 0.02244484 0.07258365 0.1395 0.02281864 0.06497619 0.14175 0.02057887 0.06771585 0.141 0.022915 0.07069719 0.14025 0.02423277 0.07275829 0.1395 0.02318419 0.07295094 0.1395 0.02354058 0.06515826 0.14175 0.0220694 0.06811692 0.141 0.02412114 0.07121465 0.14025 0.02513551 0.0731611 0.1395 0.02388693 0.07338828 0.1395 0.02422236 0.06548785 0.14175 0.02353439 0.06863609 0.141 0.02528135 0.07181942 0.14025 0.02598225 0.07363188 0.1395 0.02454606 0.07389133 0.1395 0.02485721 0.06596165 0.14175 0.02495929 0.0692682 0.141 0.0263841 0.07250549 0.14025 0.02676456 0.07416595 0.1395 0.02515505 0.07445509 0.1395 0.02543882 0.06657499 0.14175 0.02632993 0.07000696 0.141 0.02741843 0.07326605 0.14025 0.02747467 0.074758 0.1395 0.02570783 0.07507396 0.1395 0.0259614 0.06732174 0.14175 0.02763269 0.07084504 0.141 0.02837407 0.07409354 0.14025 0.02810553 0.07540215 0.1395 0.02619891 0.07574178 0.1395 0.02641977 0.0681945 0.14175 0.02885462 0.0717741 0.141 0.02924151 0.07497972 0.14025 0.02865086 0.07645193 0.1395 0.02680937 0.076092 0.1395 0.02662342 0.06918458 0.14175 0.02998359 0.07278492 0.141 0.03001214 0.07028215 0.14175 0.03100836 0.07386745 0.141 0.0306783 0.07501092 0.141 0.03123335 0.0714763 0.14175 0.03191876 0.07275517 0.14175 0.03270573 0.07689247 0.14025 0.02946417 0.07758096 0.1395 0.02725654 0.0779706 0.1395 0.02736748 0.07790002 0.14025 0.02972406 0.07836529 0.1395 0.02745885 0.07876404 0.1395 0.02753044 0.07620397 0.141 0.0316718 0.07892844 0.14025 0.02988235 0.07916586 0.1395 0.02758207 0.07956975 0.1395 0.0276136 0.07743476 0.141 0.03198928 0.07996752 0.14025 0.02993745 0.07997472 0.1395 0.02762496 0.08037975 0.1395 0.02761612 0.07551548 0.14175 0.03387943 0.07869103 0.141 0.03218263 0.08100691 0.14025 0.02988882 0.08078383 0.1395 0.0275871 0.08118596 0.1395 0.02753798 0.07696949 0.14175 0.03425449 0.07996032 0.141 0.03224994 0.0820363 0.14025 0.02973694 0.08158514 0.1395 0.02746887 0.08198039 0.1395 0.02737995 0.07845362 0.14175 0.03448291 0.08123 0.141 0.03219053 0.08304546 0.14025 0.02948332 0.08237071 0.1395 0.02727144 0.08275514 0.1395 0.02714361 0.07995312 0.14175 0.03456243 0.08248746 0.141 0.032005 0.08402434 0.14025 0.02913048 0.08313272 0.1395 0.02699678 0.08350251 0.1395 0.02683131 0.08145309 0.14175 0.03449224 0.08372019 0.141 0.03169519 0.08496323 0.14025 0.02868193 0.08386359 0.1395 0.02664761 0.08421507 0.1395 0.02644614 0.08293861 0.14175 0.03427306 0.08491595 0.141 0.03126418 0.08585278 0.14025 0.02814212 0.08455606 0.1395 0.0262274 0.08488573 0.1395 0.02599194 0.08439494 0.14175 0.03390706 0.08520325 0.1395 0.02574033 0.08550784 0.1395 0.02547322 0.08580758 0.14175 0.03339788 0.08579874 0.1395 0.02519125 0.08607521 0.1395 0.02489513 0.08633659 0.1395 0.0245856 0.07998551 0.13725 0.02415623 0.07981466 0.1365 0.02299509 0.07998911 0.1365 0.02299998 0.08016358 0.1365 0.02299618 0.07952197 0.13725 0.02413165 0.07883055 0.138 0.02519364 0.07826946 0.138 0.02504891 0.07861371 0.13725 0.02394509 0.07906319 0.13725 0.02406104 0.07817801 0.13725 0.02378498 0.07863045 0.1365 0.02272092 0.0787927 0.1365 0.02278518 0.0804492 0.13725 0.02413453 0.08033765 0.1365 0.02298368 0.08051087 0.1365 0.02296251 0.07940327 0.138 0.02528179 0.07792521 0.13875 0.02615272 0.07727312 0.13875 0.02591308 0.07772556 0.138 0.02484903 0.08090841 0.13725 0.02406678 0.08068283 0.1365 0.02293274 0.08085309 0.1365 0.02289444 0.07998191 0.138 0.02531247 0.07859792 0.13875 0.02632625 0.0813586 0.13725 0.02395364 0.08102123 0.1365 0.0228477 0.08118683 0.1365 0.02279263 0.08056074 0.138 0.02528539 0.07928456 0.13875 0.02643193 0.08179529 0.13725 0.02379623 0.08134948 0.1365 0.02272938 0.08150877 0.1365 0.0226581 0.08113399 0.138 0.02520081 0.07997831 0.13875 0.02646872 0.08221413 0.13725 0.02359613 0.08166431 0.1365 0.02257897 0.08181572 0.1365 0.02249218 0.08169597 0.138 0.02505957 0.08067228 0.13875 0.02643625 0.08261098 0.13725 0.02335532 0.08196261 0.1365 0.02239796 0.08210462 0.1365 0.02229653 0.0822411 0.138 0.02486308 0.08135957 0.13875 0.02633484 0.08298186 0.13725 0.02307619 0.0822414 0.1365 0.02218814 0.08237261 0.1365 0.02207308 0.08276395 0.138 0.02461329 0.08203334 0.13875 0.02616551 0.08332312 0.13725 0.02276152 0.08249792 0.1365 0.02195161 0.08261701 0.1365 0.02182406 0.08325934 0.138 0.02431268 0.0826869 0.13875 0.02592993 0.08363135 0.13725 0.02241444 0.08272961 0.1365 0.02169072 0.08283541 0.1365 0.02155194 0.08372233 0.138 0.02396424 0.08331377 0.13875 0.02563045 0.08390349 0.13725 0.02203839 0.08293417 0.1365 0.02140805 0.08302563 0.1365 0.02125942 0.08414832 0.138 0.02357143 0.0839077 0.13875 0.02527004 0.08413683 0.13725 0.02163712 0.08310957 0.1365 0.02110642 0.08318578 0.1365 0.02094943 0.0845331 0.138 0.02313816 0.08446279 0.13875 0.02485229 0.08432906 0.13725 0.0212146 0.08325407 0.1365 0.02078883 0.08331426 0.1365 0.02062502 0.08487281 0.138 0.02266873 0.08497353 0.13875 0.02438134 0.08447827 0.13725 0.02077504 0.08336622 0.1365 0.02045842 0.08340981 0.1365 0.02028944 0.0851641 0.138 0.02216781 0.08543484 0.13875 0.02386188 0.08458297 0.13725 0.02032281 0.08344492 0.1365 0.02011849 0.08347147 0.1365 0.01994601 0.08540407 0.138 0.02164037 0.08584213 0.13875 0.02329907 0.08464213 0.13725 0.01986241 0.08348938 0.1365 0.01977242 0.08349863 0.1365 0.01959815 0.08559032 0.138 0.02109167 0.08619137 0.13875 0.0226985 0.08465514 0.13725 0.0193984 0.08349917 0.1365 0.01942363 0.08349101 0.1365 0.01924931 0.08572102 0.138 0.02052714 0.08647907 0.13875 0.02206614 0.08462189 0.13725 0.01893541 0.08347417 0.1365 0.01907561 0.0834487 0.1365 0.01890296 0.08579487 0.138 0.0199524 0.08670238 0.13875 0.02140829 0.08454271 0.13725 0.01847802 0.08341466 0.1365 0.0187318 0.08337212 0.1365 0.01856255 0.08581112 0.138 0.01937317 0.08685908 0.13875 0.02073146 0.08441838 0.13725 0.01803079 0.0833212 0.1365 0.01839563 0.08326202 0.1365 0.01823145 0.08576962 0.138 0.0187952 0.08694761 0.13875 0.0200424 0.08425014 0.13725 0.01759816 0.08319473 0.1365 0.01807043 0.08311951 0.1365 0.01791296 0.08567077 0.138 0.01822424 0.08696709 0.13875 0.01934795 0.08403966 0.13725 0.01718443 0.08303652 0.1365 0.01775944 0.08294598 0.1365 0.01761025 0.08551556 0.138 0.01766595 0.08691733 0.13875 0.018655 0.08378902 0.13725 0.01679372 0.08284813 0.1365 0.01746575 0.08274319 0.1365 0.01732631 0.08530554 0.138 0.01712589 0.08679882 0.13875 0.01797046 0.08350074 0.13725 0.0164299 0.08263143 0.1365 0.01719228 0.08251313 0.1365 0.01706398 0.08504279 0.138 0.01660943 0.08661275 0.13875 0.01730112 0.08317766 0.13725 0.0160966 0.08238858 0.1365 0.01694174 0.08225809 0.1365 0.01682586 0.08472993 0.138 0.01612169 0.08636095 0.13875 0.01665363 0.082823 0.13725 0.01579712 0.08212199 0.1365 0.01671663 0.08198061 0.1365 0.01661431 0.08437005 0.138 0.01566753 0.08604593 0.13875 0.01603442 0.08244028 0.13725 0.01553444 0.0818343 0.1365 0.01651918 0.08168345 0.1365 0.01643145 0.08396674 0.138 0.01525146 0.08567082 0.13875 0.01544966 0.08203332 0.13725 0.01531117 0.0815284 0.1365 0.01635135 0.08136955 0.1365 0.01627908 0.08352402 0.138 0.01487761 0.08523936 0.13875 0.01490516 0.08160614 0.13725 0.01512953 0.0812073 0.1365 0.01621482 0.08104205 0.1365 0.01615872 0.08304626 0.138 0.0145497 0.08475583 0.13875 0.01440632 0.081163 0.13725 0.01499133 0.0808742 0.1365 0.01611093 0.08070419 0.1365 0.01607157 0.08253823 0.138 0.01427099 0.08422503 0.13875 0.0139581 0.08070831 0.13725 0.01489794 0.08053242 0.1365 0.01604073 0.08035932 0.1365 0.01601849 0.08200498 0.138 0.01404425 0.08365224 0.13875 0.01356497 0.08024657 0.13725 0.01485028 0.08018534 0.1365 0.01600491 0.08001089 0.1365 0.01600002 0.0814518 0.138 0.01387173 0.08304315 0.13875 0.01323081 0.07978238 0.13725 0.01484884 0.07983642 0.1365 0.01600382 0.07966235 0.1365 0.01601632 0.08088419 0.138 0.01375515 0.08240382 0.13875 0.01295897 0.07932035 0.13725 0.01489362 0.07948913 0.1365 0.01603749 0.07931717 0.1365 0.01606726 0.08030779 0.138 0.01369565 0.0817406 0.13875 0.01275213 0.07886508 0.13725 0.01498418 0.07914691 0.1365 0.01610556 0.07897877 0.1365 0.0161523 0.07972834 0.138 0.01369385 0.08106008 0.13875 0.01261235 0.07842109 0.13725 0.01511962 0.07881317 0.1365 0.01620737 0.07865052 0.1365 0.01627062 0.07915158 0.138 0.01374975 0.08036902 0.13875 0.01254103 0.07799279 0.13725 0.0152986 0.07849123 0.1365 0.0163419 0.07833569 0.1365 0.01642103 0.07858326 0.138 0.0138628 0.0796743 0.13875 0.01253887 0.07758444 0.13725 0.01551933 0.07818428 0.1365 0.01650782 0.07803739 0.1365 0.01660204 0.07802901 0.138 0.01403188 0.07898281 0.13875 0.01260589 0.0772001 0.13725 0.01577962 0.07789538 0.1365 0.01670347 0.0777586 0.1365 0.01681186 0.07749436 0.138 0.0142553 0.07830144 0.13875 0.01274142 0.07684358 0.13725 0.01607689 0.07762739 0.1365 0.01692692 0.07750208 0.1365 0.01704839 0.0769846 0.138 0.01453084 0.07763694 0.13875 0.01294413 0.07651843 0.13725 0.01640818 0.07738299 0.1365 0.01717594 0.07727039 0.1365 0.01730928 0.07650482 0.138 0.01485577 0.07699593 0.13875 0.01321199 0.07622789 0.13725 0.01677019 0.07716459 0.1365 0.01744806 0.07706583 0.1365 0.01759195 0.07605978 0.138 0.01522685 0.07638477 0.13875 0.01354235 0.07597483 0.13725 0.01715934 0.07697437 0.1365 0.01774058 0.07689043 0.1365 0.01789358 0.07565388 0.138 0.01564041 0.07580955 0.13875 0.01393192 0.07576178 0.13725 0.01757174 0.07681422 0.1365 0.01805057 0.07674593 0.1365 0.01821117 0.07529119 0.138 0.01609232 0.07527597 0.13875 0.01437682 0.07559085 0.13725 0.01800332 0.07668574 0.1365 0.01837498 0.07663378 0.1365 0.01854158 0.0749753 0.138 0.0165781 0.07478934 0.13875 0.01487264 0.07546374 0.13725 0.01844976 0.07659019 0.1365 0.01871056 0.07655508 0.1365 0.01888151 0.07470934 0.138 0.01709292 0.07435449 0.13875 0.01541445 0.07538171 0.13725 0.01890665 0.07652853 0.1365 0.01905399 0.07651062 0.1365 0.01922758 0.07449596 0.138 0.01763166 0.07397576 0.13875 0.01599686 0.07534558 0.13725 0.01936943 0.07650137 0.1365 0.01940185 0.07650083 0.1365 0.01957637 0.07433728 0.138 0.01818897 0.07365689 0.13875 0.01661409 0.07535571 0.13725 0.01983351 0.07650899 0.1365 0.01975069 0.07652583 0.1365 0.01992439 0.07423489 0.138 0.01875931 0.07340107 0.13875 0.01726 0.07541199 0.13725 0.02029428 0.0765513 0.1365 0.02009704 0.07658534 0.1365 0.0202682 0.07418979 0.138 0.01933701 0.07321083 0.13875 0.01792817 0.07551388 0.13725 0.02074715 0.07662788 0.1365 0.02043745 0.0766788 0.1365 0.02060437 0.07420243 0.138 0.01991633 0.07308807 0.13875 0.01861197 0.07566035 0.13725 0.02118762 0.07673798 0.1365 0.02076855 0.07680527 0.1365 0.02092957 0.07427269 0.138 0.02049151 0.07303399 0.13875 0.01930458 0.07584995 0.13725 0.02161133 0.07688049 0.1365 0.02108704 0.07696348 0.1365 0.02124056 0.07439987 0.138 0.02105684 0.07304915 0.13875 0.01999915 0.07608079 0.13725 0.02201405 0.07705402 0.1365 0.02138975 0.07715187 0.1365 0.02153425 0.07458271 0.138 0.0216067 0.07313338 0.13875 0.02068875 0.07635058 0.13725 0.02239178 0.07725681 0.1365 0.02167369 0.07736857 0.1365 0.02180772 0.07481939 0.138 0.02213561 0.07328587 0.13875 0.02136653 0.07665665 0.13725 0.02274078 0.07748687 0.1365 0.02193602 0.07761142 0.1365 0.02205826 0.07510756 0.138 0.02263834 0.07350508 0.13875 0.02202577 0.07699593 0.13725 0.02305756 0.07774191 0.1365 0.02217414 0.07787801 0.1365 0.02228337 0.07544435 0.138 0.02310987 0.07378884 0.13875 0.0226599 0.07736508 0.13725 0.02333899 0.07801939 0.1365 0.02238569 0.0781657 0.1365 0.02248082 0.07582642 0.138 0.02354553 0.07413433 0.13875 0.02326263 0.07776041 0.13725 0.02358227 0.0784716 0.1365 0.02264865 0.07831655 0.1365 0.02256855 0.07624996 0.138 0.02394098 0.07453812 0.13875 0.02382797 0.07671077 0.138 0.0242923 0.07499619 0.13875 0.02435029 0.07720428 0.138 0.02459599 0.07550398 0.13875 0.02482441 0.07605647 0.13875 0.02524561 0.07664814 0.13875 0.0256097 0.07895795 0.1365 0.02284128 0.0791258 0.1365 0.02288907 0.07929581 0.1365 0.02292843 0.07946758 0.1365 0.02295927 0.07964068 0.1365 0.02298151 0.0787927 0.1425 0.02278518 0.07863045 0.1425 0.02272092 0.07895795 0.1425 0.02284128 0.0791258 0.1425 0.02288907 0.07929581 0.1425 0.02292843 0.07946758 0.1425 0.02295927 0.07964068 0.1425 0.02298151 0.07981466 0.1425 0.02299509 0.07998911 0.1425 0.02299998 0.08016358 0.1425 0.02299618 0.08033765 0.1425 0.02298368 0.08051087 0.1425 0.02296251 0.08068283 0.1425 0.02293274 0.08085309 0.1425 0.02289444 0.08102123 0.1425 0.0228477 0.08118683 0.1425 0.02279263 0.08134948 0.1425 0.02272938 0.08150877 0.1425 0.0226581 0.08166431 0.1425 0.02257897 0.08181572 0.1425 0.02249218 0.08196261 0.1425 0.02239796 0.08210462 0.1425 0.02229653 0.0822414 0.1425 0.02218814 0.08237261 0.1425 0.02207308 0.08249792 0.1425 0.02195161 0.08261701 0.1425 0.02182406 0.08272961 0.1425 0.02169072 0.08283541 0.1425 0.02155194 0.08293417 0.1425 0.02140805 0.08302563 0.1425 0.02125942 0.08310957 0.1425 0.02110642 0.08318578 0.1425 0.02094943 0.08325407 0.1425 0.02078883 0.08331426 0.1425 0.02062502 0.08336622 0.1425 0.02045842 0.08340981 0.1425 0.02028944 0.08344492 0.1425 0.02011849 0.08347147 0.1425 0.01994601 0.08348938 0.1425 0.01977242 0.08349863 0.1425 0.01959815 0.08349917 0.1425 0.01942363 0.08349101 0.1425 0.01924931 0.08347417 0.1425 0.01907561 0.0834487 0.1425 0.01890296 0.08341466 0.1425 0.0187318 0.08337212 0.1425 0.01856255 0.0833212 0.1425 0.01839563 0.08326202 0.1425 0.01823145 0.08319473 0.1425 0.01807043 0.08311951 0.1425 0.01791296 0.08303652 0.1425 0.01775944 0.08294598 0.1425 0.01761025 0.08284813 0.1425 0.01746575 0.08274319 0.1425 0.01732631 0.08263143 0.1425 0.01719228 0.08251313 0.1425 0.01706398 0.08238858 0.1425 0.01694174 0.08225809 0.1425 0.01682586 0.08212199 0.1425 0.01671663 0.08198061 0.1425 0.01661431 0.0818343 0.1425 0.01651918 0.08168345 0.1425 0.01643145 0.0815284 0.1425 0.01635135 0.08136955 0.1425 0.01627908 0.0812073 0.1425 0.01621482 0.08104205 0.1425 0.01615872 0.0808742 0.1425 0.01611093 0.08070419 0.1425 0.01607157 0.08053242 0.1425 0.01604073 0.08035932 0.1425 0.01601849 0.08018534 0.1425 0.01600491 0.08001089 0.1425 0.01600002 0.07983642 0.1425 0.01600382 0.07966235 0.1425 0.01601632 0.07948913 0.1425 0.01603749 0.07931717 0.1425 0.01606726 0.07914691 0.1425 0.01610556 0.07897877 0.1425 0.0161523 0.07881317 0.1425 0.01620737 0.07865052 0.1425 0.01627062 0.07849123 0.1425 0.0163419 0.07833569 0.1425 0.01642103 0.07818428 0.1425 0.01650782 0.07803739 0.1425 0.01660204 0.07789538 0.1425 0.01670347 0.0777586 0.1425 0.01681186 0.07762739 0.1425 0.01692692 0.07750208 0.1425 0.01704839 0.07738299 0.1425 0.01717594 0.07727039 0.1425 0.01730928 0.07716459 0.1425 0.01744806 0.07706583 0.1425 0.01759195 0.07697437 0.1425 0.01774058 0.07689043 0.1425 0.01789358 0.07681422 0.1425 0.01805057 0.07674593 0.1425 0.01821117 0.07668574 0.1425 0.01837498 0.07663378 0.1425 0.01854158 0.07659019 0.1425 0.01871056 0.07655508 0.1425 0.01888151 0.07652853 0.1425 0.01905399 0.07651062 0.1425 0.01922758 0.07650137 0.1425 0.01940185 0.07650083 0.1425 0.01957637 0.07650899 0.1425 0.01975069 0.07652583 0.1425 0.01992439 0.0765513 0.1425 0.02009704 0.07658534 0.1425 0.0202682 0.07662788 0.1425 0.02043745 0.0766788 0.1425 0.02060437 0.07673798 0.1425 0.02076855 0.07680527 0.1425 0.02092957 0.07688049 0.1425 0.02108704 0.07696348 0.1425 0.02124056 0.07705402 0.1425 0.02138975 0.07715187 0.1425 0.02153425 0.07725681 0.1425 0.02167369 0.07736857 0.1425 0.02180772 0.07748687 0.1425 0.02193602 0.07761142 0.1425 0.02205826 0.07774191 0.1425 0.02217414 0.07787801 0.1425 0.02228337 0.07801939 0.1425 0.02238569 0.0781657 0.1425 0.02248082 0.07831655 0.1425 0.02256855 0.0784716 0.1425 0.02264865 0.07998551 0.14325 0.02415623 0.07952197 0.14325 0.02413165 0.07826946 0.144 0.02504891 0.07883055 0.144 0.02519364 0.07861371 0.14325 0.02394509 0.07906319 0.14325 0.02406104 0.07817801 0.14325 0.02378498 0.0804492 0.14325 0.02413453 0.07940327 0.144 0.02528179 0.07758096 0.1455 0.02725654 0.07792521 0.14475 0.02615272 0.07719734 0.1455 0.02712632 0.0779706 0.1455 0.02736748 0.07727312 0.14475 0.02591308 0.07772556 0.144 0.02484903 0.08090841 0.14325 0.02406678 0.07998191 0.144 0.02531247 0.07836529 0.1455 0.02745885 0.07859792 0.14475 0.02632625 0.07876404 0.1455 0.02753044 0.0813586 0.14325 0.02395364 0.08056074 0.144 0.02528539 0.07916586 0.1455 0.02758207 0.07928456 0.14475 0.02643193 0.07956975 0.1455 0.0276136 0.07682069 0.1455 0.02697714 0.08179529 0.14325 0.02379623 0.08113399 0.144 0.02520081 0.07997472 0.1455 0.02762496 0.07997831 0.14475 0.02646872 0.08037975 0.1455 0.02761612 0.08221413 0.14325 0.02359613 0.08169597 0.144 0.02505957 0.08078383 0.1455 0.0275871 0.08067228 0.14475 0.02643625 0.08118596 0.1455 0.02753798 0.08261098 0.14325 0.02335532 0.0822411 0.144 0.02486308 0.08158514 0.1455 0.02746887 0.08135957 0.14475 0.02633484 0.08198039 0.1455 0.02737995 0.08298186 0.14325 0.02307619 0.08276395 0.144 0.02461329 0.08237071 0.1455 0.02727144 0.08203334 0.14475 0.02616551 0.08275514 0.1455 0.02714361 0.08332312 0.14325 0.02276152 0.08325934 0.144 0.02431268 0.08313272 0.1455 0.02699678 0.0826869 0.14475 0.02592993 0.08350251 0.1455 0.02683131 0.08363135 0.14325 0.02241444 0.08372233 0.144 0.02396424 0.08386359 0.1455 0.02664761 0.08331377 0.14475 0.02563045 0.08421507 0.1455 0.02644614 0.08390349 0.14325 0.02203839 0.08414832 0.144 0.02357143 0.0839077 0.14475 0.02527004 0.08455606 0.1455 0.0262274 0.08488573 0.1455 0.02599194 0.08413683 0.14325 0.02163712 0.0845331 0.144 0.02313816 0.08446279 0.14475 0.02485229 0.08520325 0.1455 0.02574033 0.08550784 0.1455 0.02547322 0.08432906 0.14325 0.0212146 0.08487281 0.144 0.02266873 0.08579874 0.1455 0.02519125 0.08497353 0.14475 0.02438134 0.08607521 0.1455 0.02489513 0.08447827 0.14325 0.02077504 0.0851641 0.144 0.02216781 0.08543484 0.14475 0.02386188 0.08633659 0.1455 0.0245856 0.08658221 0.1455 0.02426342 0.08458297 0.14325 0.02032281 0.08540407 0.144 0.02164037 0.08681146 0.1455 0.02392941 0.08584213 0.14475 0.02329907 0.08702378 0.1455 0.02358438 0.08464213 0.14325 0.01986241 0.08559032 0.144 0.02109167 0.08619137 0.14475 0.0226985 0.08721864 0.1455 0.02322919 0.08739555 0.1455 0.02286474 0.08465514 0.14325 0.0193984 0.08572102 0.144 0.02052714 0.08755408 0.1455 0.02249192 0.08647907 0.14475 0.02206614 0.08769382 0.1455 0.02211166 0.08462189 0.14325 0.01893541 0.08579487 0.144 0.0199524 0.08781444 0.1455 0.02172491 0.08670238 0.14475 0.02140829 0.08791563 0.1455 0.02133262 0.08454271 0.14325 0.01847802 0.08581112 0.144 0.01937317 0.08799713 0.1455 0.02093579 0.08685908 0.14475 0.02073146 0.08805876 0.1455 0.02053538 0.08441838 0.14325 0.01803079 0.08576962 0.144 0.0187952 0.08810035 0.1455 0.02013239 0.08694761 0.14475 0.0200424 0.0881218 0.1455 0.01972784 0.08425014 0.14325 0.01759816 0.08567077 0.144 0.01822424 0.08696709 0.14475 0.01934795 0.08812306 0.1455 0.01932272 0.08810413 0.1455 0.01891804 0.08403966 0.14325 0.01718443 0.08551556 0.144 0.01766595 0.08691733 0.14475 0.018655 0.08806505 0.1455 0.0185148 0.08800591 0.1455 0.01811402 0.08378902 0.14325 0.01679372 0.08530554 0.144 0.01712589 0.08679882 0.14475 0.01797046 0.08792688 0.1455 0.01771668 0.08782813 0.1455 0.01732377 0.08350074 0.14325 0.0164299 0.08504279 0.144 0.01660943 0.08661275 0.14475 0.01730112 0.08770992 0.1455 0.01693628 0.08757255 0.1455 0.01655516 0.08317766 0.14325 0.0160966 0.08472993 0.144 0.01612169 0.08636095 0.14475 0.01665363 0.08741635 0.1455 0.01618136 0.08724171 0.1455 0.01581581 0.082823 0.14325 0.01579712 0.08437005 0.144 0.01566753 0.08704906 0.1455 0.01545942 0.08604593 0.14475 0.01603442 0.0868389 0.1455 0.01511307 0.08244028 0.14325 0.01553444 0.08396674 0.144 0.01525146 0.08567082 0.14475 0.01544966 0.08661172 0.1455 0.01477764 0.08636812 0.1455 0.01445394 0.08203332 0.14325 0.01531117 0.08352402 0.144 0.01487761 0.08523936 0.14475 0.01490516 0.08610867 0.1455 0.01414279 0.08583405 0.1455 0.01384495 0.08160614 0.14325 0.01512953 0.08304626 0.144 0.0145497 0.08475583 0.14475 0.01440632 0.08554491 0.1455 0.01356118 0.085242 0.1455 0.01329217 0.081163 0.14325 0.01499133 0.08253823 0.144 0.01427099 0.08422503 0.14475 0.0139581 0.08492604 0.1455 0.0130386 0.08459785 0.1455 0.01280109 0.08070831 0.14325 0.01489794 0.08200498 0.144 0.01404425 0.08425822 0.1455 0.01258023 0.08365224 0.14475 0.01356497 0.083908 0.1455 0.01237658 0.08024657 0.14325 0.01485028 0.0814518 0.144 0.01387173 0.08304315 0.14475 0.01323081 0.08354807 0.1455 0.01219063 0.08317931 0.1455 0.01202286 0.07978238 0.14325 0.01484884 0.08088419 0.144 0.01375515 0.08280266 0.1455 0.01187368 0.08240382 0.14475 0.01295897 0.08241904 0.1455 0.01174346 0.07932035 0.14325 0.01489362 0.08030779 0.144 0.01369565 0.0817406 0.14475 0.01275213 0.0820294 0.1455 0.01163252 0.08163471 0.1455 0.01154115 0.07886508 0.14325 0.01498418 0.07972834 0.144 0.01369385 0.08106008 0.14475 0.01261235 0.08123596 0.1455 0.01146956 0.08083414 0.1455 0.01141793 0.07842109 0.14325 0.01511962 0.07915158 0.144 0.01374975 0.08036902 0.14475 0.01254103 0.08043025 0.1455 0.0113864 0.08002528 0.1455 0.01137504 0.07799279 0.14325 0.0152986 0.07858326 0.144 0.0138628 0.0796743 0.14475 0.01253887 0.07962025 0.1455 0.01138388 0.07921617 0.1455 0.0114129 0.07758444 0.14325 0.01551933 0.07802901 0.144 0.01403188 0.07898281 0.14475 0.01260589 0.07881404 0.1455 0.01146202 0.07841486 0.1455 0.01153113 0.0772001 0.14325 0.01577962 0.07749436 0.144 0.0142553 0.07830144 0.14475 0.01274142 0.07801961 0.1455 0.01162005 0.07762929 0.1455 0.01172856 0.07684358 0.14325 0.01607689 0.0769846 0.144 0.01453084 0.07763694 0.14475 0.01294413 0.07724486 0.1455 0.01185639 0.07686728 0.1455 0.01200322 0.07651843 0.14325 0.01640818 0.07650482 0.144 0.01485577 0.07699593 0.14475 0.01321199 0.07649749 0.1455 0.01216869 0.07613641 0.1455 0.01235239 0.07622789 0.14325 0.01677019 0.07605978 0.144 0.01522685 0.07638477 0.14475 0.01354235 0.07578493 0.1455 0.01255386 0.07544394 0.1455 0.0127726 0.07597483 0.14325 0.01715934 0.07565388 0.144 0.01564041 0.07580955 0.14475 0.01393192 0.07511427 0.1455 0.01300806 0.07479675 0.1455 0.01325967 0.07576178 0.14325 0.01757174 0.07529119 0.144 0.01609232 0.07527597 0.14475 0.01437682 0.07449216 0.1455 0.01352678 0.07420126 0.1455 0.01380875 0.07559085 0.14325 0.01800332 0.0749753 0.144 0.0165781 0.07478934 0.14475 0.01487264 0.07392479 0.1455 0.01410487 0.07366341 0.1455 0.0144144 0.07546374 0.14325 0.01844976 0.07470934 0.144 0.01709292 0.07435449 0.14475 0.01541445 0.07341779 0.1455 0.01473658 0.07318854 0.1455 0.01507059 0.07538171 0.14325 0.01890665 0.07449596 0.144 0.01763166 0.07397576 0.14475 0.01599686 0.07297622 0.1455 0.01541562 0.07278136 0.1455 0.01577081 0.07534558 0.14325 0.01936943 0.07433728 0.144 0.01818897 0.07365689 0.14475 0.01661409 0.07260445 0.1455 0.01613526 0.07244592 0.1455 0.01650808 0.07535571 0.14325 0.01983351 0.07423489 0.144 0.01875931 0.07340107 0.14475 0.01726 0.07230618 0.1455 0.01688834 0.07218556 0.1455 0.01727509 0.07541199 0.14325 0.02029428 0.07418979 0.144 0.01933701 0.07321083 0.14475 0.01792817 0.07208437 0.1455 0.01766738 0.07200287 0.1455 0.01806421 0.07551388 0.14325 0.02074715 0.07420243 0.144 0.01991633 0.07189965 0.1455 0.01886761 0.07308807 0.14475 0.01861197 0.07194124 0.1455 0.01846462 0.07566035 0.14325 0.02118762 0.07427269 0.144 0.02049151 0.0718782 0.1455 0.01927216 0.07303399 0.14475 0.01930458 0.07187694 0.1455 0.01967728 0.07584995 0.14325 0.02161133 0.07439987 0.144 0.02105684 0.07189587 0.1455 0.02008196 0.07304915 0.14475 0.01999915 0.07193495 0.1455 0.0204852 0.07608079 0.14325 0.02201405 0.07458271 0.144 0.0216067 0.07199409 0.1455 0.02088598 0.07313338 0.14475 0.02068875 0.07207312 0.1455 0.02128332 0.07635058 0.14325 0.02239178 0.07481939 0.144 0.02213561 0.07328587 0.14475 0.02136653 0.07217187 0.1455 0.02167623 0.07229008 0.1455 0.02206372 0.07665665 0.14325 0.02274078 0.07510756 0.144 0.02263834 0.07350508 0.14475 0.02202577 0.07242745 0.1455 0.02244484 0.07258365 0.1455 0.02281864 0.07699593 0.14325 0.02305756 0.07544435 0.144 0.02310987 0.07378884 0.14475 0.0226599 0.07275829 0.1455 0.02318419 0.07295094 0.1455 0.02354058 0.07736508 0.14325 0.02333899 0.07582642 0.144 0.02354553 0.0731611 0.1455 0.02388693 0.07413433 0.14475 0.02326263 0.07338828 0.1455 0.02422236 0.07776041 0.14325 0.02358227 0.07624996 0.144 0.02394098 0.07363188 0.1455 0.02454606 0.07453812 0.14475 0.02382797 0.07389133 0.1455 0.02485721 0.07671077 0.144 0.0242923 0.07416595 0.1455 0.02515505 0.07499619 0.14475 0.02435029 0.07445509 0.1455 0.02543882 0.07720428 0.144 0.02459599 0.074758 0.1455 0.02570783 0.07550398 0.14475 0.02482441 0.07507396 0.1455 0.0259614 0.07540215 0.1455 0.02619891 0.07605647 0.14475 0.02524561 0.07574178 0.1455 0.02641977 0.076092 0.1455 0.02662342 0.07664814 0.14475 0.0256097 0.07645193 0.1455 0.02680937 0.08684428 0.14625 0.02770844 0.08599297 0.14625 0.02834912 0.08412073 0.14625 0.02936115 0.08630062 0.147 0.0311561 0.08508211 0.14625 0.02890185 0.08510874 0.147 0.03172552 0.08447873 0.1485 0.03732082 0.08461377 0.14775 0.03462443 0.08308494 0.14775 0.03500865 0.08536146 0.1485 0.03707542 0.08623086 0.1485 0.03678633 0.08258501 0.147 0.03249539 0.08386608 0.147 0.03217343 0.07581798 0.14625 0.02933531 0.08762756 0.14625 0.02698618 0.08742989 0.147 0.03047084 0.08708476 0.1485 0.03645425 0.08609675 0.14775 0.03408989 0.08792105 0.1485 0.03608003 0.08833504 0.14625 0.02618952 0.08848531 0.147 0.02967654 0.08751913 0.14775 0.03341035 0.08873766 0.1485 0.03566459 0.08953253 0.1485 0.03520896 0.08895969 0.14625 0.02532637 0.07280985 0.1485 0.03640983 0.07366167 0.1485 0.03674721 0.07381256 0.14775 0.03405166 0.0894564 0.147 0.02878111 0.09030371 0.1485 0.03471428 0.0888668 0.14775 0.03259256 0.09104927 0.1485 0.03418177 0.08949529 0.14625 0.02440532 0.09033351 0.147 0.02779344 0.09176736 0.1485 0.03361275 0.09012634 0.14775 0.03164465 0.09245619 0.1485 0.03300866 0.08993652 0.14625 0.02343552 0.09110792 0.147 0.02672334 0.09128523 0.14775 0.03057604 0.09311406 0.1485 0.03237098 0.09373933 0.1485 0.03170129 0.09027899 0.14625 0.02242661 0.09177193 0.147 0.02558146 0.09433043 0.1485 0.03100128 0.09233197 0.14775 0.02939736 0.09488591 0.1485 0.03027267 0.09051931 0.14625 0.02138861 0.09231895 0.147 0.02437913 0.09325615 0.14775 0.02812031 0.09540437 0.1485 0.02951727 0.09588454 0.1485 0.02873698 0.09065508 0.14625 0.02033184 0.09274354 0.147 0.02312831 0.09404858 0.14775 0.02675759 0.09632523 0.1485 0.02793372 0.09672532 0.1485 0.02710949 0.09068495 0.14625 0.0192668 0.09304148 0.147 0.02184143 0.09708383 0.1485 0.02626634 0.09470139 0.14775 0.02532273 0.09739987 0.1485 0.02540637 0.09060864 0.14625 0.01820408 0.09320981 0.147 0.02053129 0.09520809 0.14775 0.02383001 0.09767265 0.1485 0.02453172 0.09790149 0.1485 0.02364455 0.0904269 0.14625 0.01715425 0.09324685 0.147 0.01921089 0.09808582 0.1485 0.02274708 0.09556365 0.14775 0.02229426 0.0982252 0.1485 0.02184155 0.09014152 0.14625 0.01612772 0.09315223 0.147 0.01789337 0.09576453 0.14775 0.02073074 0.09831926 0.1485 0.02093018 0.09836777 0.1485 0.02001526 0.08975535 0.14625 0.01513471 0.09292691 0.147 0.01659181 0.09580874 0.14775 0.01915498 0.09837063 0.1485 0.01909907 0.0983278 0.1485 0.01818386 0.08927223 0.14625 0.01418508 0.09257311 0.147 0.01531916 0.09569582 0.14775 0.01758265 0.09823942 0.1485 0.01727193 0.09810568 0.1485 0.01636555 0.08869696 0.14625 0.01328827 0.09209435 0.147 0.01408806 0.09792694 0.1485 0.01546695 0.09542693 0.14775 0.01602938 0.09770362 0.1485 0.01457838 0.08803526 0.14625 0.0124532 0.0914954 0.147 0.01291074 0.0950047 0.14775 0.0145106 0.09743629 0.1485 0.01370204 0.09712561 0.1485 0.01284012 0.08729369 0.14625 0.01168817 0.0907822 0.147 0.01179891 0.09443336 0.14775 0.01304141 0.09677235 0.1485 0.01199476 0.0963774 0.1485 0.01116806 0.08647964 0.14625 0.01100077 0.08996184 0.147 0.01076362 0.09371857 0.14775 0.0116364 0.09594173 0.1485 0.01036207 0.09546642 0.1485 0.009578796 0.08560119 0.14625 0.01039784 0.08904247 0.147 0.009815156 0.09495267 0.1485 0.008820191 0.09286743 0.14775 0.01030955 0.09440174 0.1485 0.008088139 0.08466708 0.14625 0.009885373 0.08803324 0.147 0.008962943 0.09188842 0.14775 0.009074039 0.093815 0.1485 0.007384457 0.09319392 0.1485 0.006710896 0.08368658 0.14625 0.009468459 0.08694417 0.147 0.008215451 0.09079125 0.14775 0.007942144 0.09254003 0.1485 0.006069132 0.09185497 0.1485 0.005460758 0.08266944 0.14625 0.009151244 0.08578608 0.147 0.007580111 0.08958684 0.14775 0.006925116 0.09114043 0.1485 0.004887289 0.0903982 0.1485 0.004350149 0.08162577 0.14625 0.008936879 0.0845705 0.147 0.007063236 0.08828715 0.14775 0.006033062 0.08963012 0.1485 0.003850673 0.0888381 0.1485 0.003390105 0.08056594 0.14625 0.008827495 0.08330948 0.147 0.006669963 0.08802409 0.1485 0.002969588 0.08690509 0.14775 0.00527485 0.08719015 0.1485 0.002590169 0.0795005 0.14625 0.00882418 0.08201557 0.147 0.006404201 0.08545441 0.14775 0.004658013 0.08633833 0.1485 0.00225279 0.08547074 0.1485 0.00195829 0.07844001 0.14625 0.008926965 0.08070164 0.147 0.00626859 0.08394952 0.14775 0.004188682 0.08458956 0.1485 0.001707402 0.08369697 0.1485 0.001500748 0.07739503 0.14625 0.00913483 0.07938073 0.147 0.00626448 0.08240538 0.14775 0.003871522 0.08279518 0.1485 0.001338844 0.08188645 0.1485 0.001222092 0.07637593 0.14625 0.009445708 0.07806597 0.147 0.006391909 0.08083733 0.14775 0.003709686 0.08097302 0.1485 0.001150781 0.08005718 0.1485 0.001125089 0.07539285 0.14625 0.009856511 0.07677044 0.147 0.006649613 0.07926096 0.14775 0.00370478 0.0791412 0.1485 0.00114508 0.07822735 0.1485 0.001210704 0.07445557 0.14625 0.01036316 0.075507 0.147 0.00703503 0.07769194 0.14775 0.003856854 0.07731791 0.1485 0.001321799 0.07641513 0.1485 0.001478087 0.07357339 0.14625 0.01096061 0.07428822 0.147 0.007544329 0.07614585 0.14775 0.004164397 0.07552127 0.1485 0.001679181 0.07463854 0.1485 0.00192458 0.07275507 0.14625 0.01164292 0.07312621 0.147 0.008172449 0.07463808 0.14775 0.004624352 0.07376914 0.1485 0.002213674 0.07291524 0.1485 0.002545744 0.07200876 0.14625 0.01240333 0.0720325 0.147 0.008913148 0.07318359 0.14775 0.005232148 0.07207895 0.1485 0.002919966 0.07126234 0.1485 0.003335408 0.07134187 0.14625 0.01323426 0.07101798 0.147 0.009759063 0.07179684 0.14775 0.005981744 0.07046747 0.1485 0.003791039 0.06969629 0.1485 0.004285723 0.07076102 0.14625 0.01412747 0.07009273 0.147 0.01070179 0.07049162 0.14775 0.006865691 0.06895073 0.1485 0.004818233 0.06823264 0.1485 0.005387245 0.07027201 0.14625 0.01507407 0.06926595 0.147 0.01173195 0.06928089 0.14775 0.007875203 0.06754381 0.1485 0.005991343 0.06688594 0.1485 0.006629025 0.06987967 0.14625 0.01606466 0.06854584 0.147 0.01283932 0.0681767 0.14775 0.009000247 0.06626067 0.1485 0.007298707 0.06566957 0.1485 0.007998723 0.06958791 0.14625 0.01708939 0.06793957 0.147 0.01401289 0.06719002 0.14775 0.01022964 0.06511409 0.1485 0.008727332 0.06459563 0.1485 0.009482725 0.06939963 0.14625 0.01813808 0.06745316 0.147 0.01524098 0.06633064 0.14775 0.01155117 0.06411546 0.1485 0.01026302 0.06367477 0.1485 0.01106628 0.0693167 0.14625 0.01920031 0.06709145 0.147 0.01651141 0.06560712 0.14775 0.0129517 0.06327468 0.1485 0.01189051 0.06291617 0.1485 0.01273366 0.06933995 0.14625 0.02026551 0.06685802 0.147 0.01781154 0.06502664 0.14775 0.01441731 0.06260013 0.1485 0.01359363 0.06232735 0.1485 0.01446828 0.06946914 0.14625 0.0213231 0.06675521 0.147 0.01912845 0.06459498 0.14775 0.01593343 0.06209851 0.1485 0.01535545 0.06191417 0.1485 0.01625292 0.069703 0.14625 0.02236258 0.06678403 0.147 0.02044905 0.06168074 0.1485 0.01806982 0.06431641 0.14775 0.017485 0.0617748 0.1485 0.01715845 0.07003918 0.14625 0.0233736 0.0669442 0.147 0.02176022 0.06163223 0.1485 0.01898474 0.06419372 0.14775 0.01905659 0.06162938 0.1485 0.01990093 0.07047437 0.14625 0.02434613 0.06723412 0.147 0.02304893 0.0616722 0.1485 0.02081614 0.06422811 0.14775 0.02063259 0.06176058 0.1485 0.02172807 0.07100422 0.14625 0.0252705 0.06765092 0.147 0.02430236 0.06189431 0.1485 0.02263445 0.06441926 0.14775 0.02219734 0.06207306 0.1485 0.02353305 0.07162348 0.14625 0.02613751 0.06819044 0.147 0.02550807 0.06476525 0.14775 0.02373528 0.06229638 0.1485 0.02442162 0.06256371 0.1485 0.02529796 0.07232599 0.14625 0.02693856 0.06884734 0.147 0.02665407 0.06526265 0.14775 0.02523112 0.06287439 0.1485 0.02615988 0.06322764 0.1485 0.02700524 0.07310476 0.14625 0.02766568 0.06961507 0.147 0.02772896 0.06590652 0.14775 0.02667001 0.0636226 0.1485 0.02783194 0.06405827 0.1485 0.02863793 0.07395206 0.14625 0.02831165 0.07048602 0.147 0.02872207 0.06453358 0.1485 0.0294212 0.06669045 0.14775 0.02803763 0.06504733 0.1485 0.03017981 0.07485947 0.14625 0.02887004 0.07145152 0.147 0.02962354 0.06760667 0.14775 0.02932041 0.06559826 0.1485 0.03091186 0.066185 0.1485 0.03161554 0.07250198 0.147 0.03042438 0.06680608 0.1485 0.0322891 0.06864605 0.14775 0.03050559 0.06745997 0.1485 0.03293087 0.07362695 0.147 0.03111666 0.07481527 0.147 0.03169348 0.06979827 0.14775 0.03158139 0.06814503 0.1485 0.03353924 0.06885957 0.1485 0.03411271 0.0696018 0.1485 0.03464985 0.07105189 0.14775 0.03253712 0.07036988 0.1485 0.03514933 0.0711619 0.1485 0.03560989 0.07239443 0.14775 0.03336328 0.07197591 0.1485 0.03603041 0.07681804 0.14625 0.02970283 0.07784972 0.14625 0.02996895 0.07890278 0.14625 0.03013103 0.07605511 0.147 0.03214912 0.07996674 0.14625 0.03018745 0.07733416 0.147 0.03247905 0.08103103 0.14625 0.03013765 0.0786397 0.147 0.03267999 0.07529218 0.14775 0.03459542 0.07452926 0.1485 0.03704171 0.07541044 0.1485 0.0372926 0.08208508 0.14625 0.02998213 0.07995876 0.147 0.03274994 0.07630303 0.1485 0.03749925 0.0768186 0.14775 0.03498915 0.07720482 0.1485 0.03766116 0.0831184 0.14625 0.02972244 0.08127824 0.147 0.0326882 0.07837663 0.14775 0.03522895 0.07811355 0.1485 0.03777791 0.07902698 0.1485 0.03784922 0.07995079 0.14775 0.03531242 0.07994282 0.1485 0.03787491 0.0808588 0.1485 0.03785492 0.08177265 0.1485 0.0377893 0.08152544 0.14775 0.03523875 0.08268209 0.1485 0.0376782 0.08358487 0.1485 0.03752191 0.07186174 0.1485 -0.003078059 0.07074644 0.1485 -0.002644334 0.06965414 0.1485 -0.002155554 0.07299728 0.1485 -0.003455651 0.06858755 0.1485 -0.001612936 0.06754935 0.1485 -0.001017827 0.07415023 0.1485 -0.003776172 0.07531773 0.1485 -0.004038825 0.06654209 0.1485 -0.0003717082 0.07649686 0.1485 -0.004242957 0.0655683 0.1485 0.0003238151 0.0776847 0.1485 -0.00438806 0.06463039 0.1485 0.001067013 0.06373068 0.1485 0.001856039 0.0788783 0.1485 -0.004473773 0.08127089 0.1485 -0.004466327 0.08007469 0.1485 -0.004499884 0.06287143 0.1485 0.00268893 0.08246394 0.1485 -0.004373187 0.06205476 0.1485 0.003563617 0.0612827 0.1485 0.004477923 0.06055718 0.1485 0.005429577 0.08365085 0.1485 -0.004220693 0.05988 0.1485 0.006416212 0.08599453 0.1485 -0.003739312 0.08482869 0.1485 -0.004009226 0.05925283 0.1485 0.007435376 0.08827863 0.1485 -0.003026969 0.08714546 0.1485 -0.003411621 0.05867725 0.1485 0.008484534 0.05815468 0.1485 0.009561078 0.08939121 0.1485 -0.00258631 0.05768642 0.1485 0.01066233 0.09048045 0.1485 -0.002090742 0.05727364 0.1485 0.01178556 0.05691736 0.1485 0.01292796 0.09257812 0.1485 -0.0009399367 0.09154363 0.1485 -0.001541496 0.05661846 0.1485 0.01408671 0.0563777 0.1485 0.01525891 0.09455077 0.1485 0.0004140098 0.09358133 0.1485 -0.0002875609 0.05619566 0.1485 0.01644166 0.05607281 0.1485 0.01763201 0.09548404 0.1485 0.001163031 0.09637881 0.1485 0.001957641 0.05600944 0.1485 0.018827 0.09723287 0.1485 0.002795865 0.05600571 0.1485 0.02002367 0.09881043 0.1485 0.004594711 0.09804408 0.1485 0.003675617 0.05606164 0.1485 0.02121903 0.05617709 0.1485 0.02241013 0.100201 0.1485 0.006541693 0.09953001 0.1485 0.005550862 0.05635176 0.1485 0.02359398 0.05658522 0.1485 0.02476766 0.1008219 0.1485 0.00756474 0.0568769 0.1485 0.02592824 0.1013909 0.1485 0.00861746 0.05722607 0.1485 0.02707284 0.1019068 0.1485 0.009697236 0.05763185 0.1485 0.02819862 0.1023681 0.1485 0.01080138 0.05809325 0.1485 0.02930276 0.1027739 0.1485 0.01192716 0.05860911 0.1485 0.03038254 0.1031231 0.1485 0.01307176 0.05917815 0.1485 0.03143526 0.1034148 0.1485 0.01423234 0.05979895 0.1485 0.03245831 0.1036482 0.1485 0.01540602 0.06046998 0.1485 0.03344914 0.1038229 0.1485 0.01658987 0.06118957 0.1485 0.03440529 0.1039384 0.1485 0.01778097 0.06195592 0.1485 0.03532438 0.1039943 0.1485 0.01897633 0.06276713 0.1485 0.03620414 0.1039906 0.1485 0.020173 0.06362118 0.1485 0.03704236 0.1039272 0.1485 0.02136799 0.06451596 0.1485 0.03783697 0.1038043 0.1485 0.02255834 0.06544923 0.1485 0.03858599 0.1036223 0.1485 0.02374109 0.06641867 0.1485 0.03928756 0.1033815 0.1485 0.02491329 0.06742188 0.1485 0.03993994 0.1030826 0.1485 0.02607204 0.06845637 0.1485 0.0405415 0.1027264 0.1485 0.02721444 0.06951955 0.1485 0.04109074 0.1023136 0.1485 0.02833767 0.07060879 0.1485 0.04158631 0.1018453 0.1485 0.02943892 0.07172137 0.1485 0.04202697 0.1013227 0.1485 0.03051547 0.07285454 0.1485 0.04241162 0.1007472 0.1485 0.03156462 0.07400547 0.1485 0.04273931 0.10012 0.1485 0.03258379 0.07517131 0.1485 0.04300923 0.09944282 0.1485 0.03357042 0.07634915 0.1485 0.04322069 0.0987173 0.1485 0.03452208 0.07753606 0.1485 0.04337319 0.09794524 0.1485 0.03543638 0.07872911 0.1485 0.04346633 0.09712857 0.1485 0.03631107 0.07992531 0.1485 0.04349989 0.09626932 0.1485 0.03714396 0.0811217 0.1485 0.04347377 0.09536961 0.1485 0.03793299 0.0823153 0.1485 0.04338806 0.0944317 0.1485 0.03867619 0.08350314 0.1485 0.04324296 0.09345791 0.1485 0.03937171 0.08468227 0.1485 0.04303883 0.09245065 0.1485 0.04001783 0.08584977 0.1485 0.04277617 0.09141245 0.1485 0.04061293 0.08700272 0.1485 0.04245565 0.09034586 0.1485 0.04115556 0.08813826 0.1485 0.04207806 0.08925356 0.1485 0.04164433 0.07060879 0.144 0.04158631 0.07172137 0.144 0.04202697 0.07285454 0.144 0.04241162 0.07400547 0.144 0.04273931 0.07517131 0.144 0.04300923 0.07634915 0.144 0.04322069 0.07753606 0.144 0.04337319 0.07872911 0.144 0.04346633 0.07992531 0.144 0.04349989 0.0811217 0.144 0.04347377 0.0823153 0.144 0.04338806 0.08350314 0.144 0.04324296 0.08468227 0.144 0.04303883 0.08584977 0.144 0.04277617 0.08700272 0.144 0.04245565 0.08813826 0.144 0.04207806 0.08925356 0.144 0.04164433 0.09034586 0.144 0.04115556 0.09141245 0.144 0.04061293 0.09245065 0.144 0.04001783 0.09345791 0.144 0.03937171 0.0944317 0.144 0.03867619 0.09536961 0.144 0.03793299 0.09626932 0.144 0.03714396 0.09712857 0.144 0.03631107 0.09794524 0.144 0.03543638 0.0987173 0.144 0.03452208 0.09944282 0.144 0.03357042 0.10012 0.144 0.03258379 0.1007472 0.144 0.03156462 0.1013227 0.144 0.03051547 0.1018453 0.144 0.02943892 0.1023136 0.144 0.02833767 0.1027264 0.144 0.02721444 0.1030826 0.144 0.02607204 0.1033815 0.144 0.02491329 0.1036223 0.144 0.02374109 0.1038043 0.144 0.02255834 0.1039272 0.144 0.02136799 0.1039906 0.144 0.020173 0.1039943 0.144 0.01897633 0.1039384 0.144 0.01778097 0.1038229 0.144 0.01658987 0.1036482 0.144 0.01540602 0.1034148 0.144 0.01423234 0.1031231 0.144 0.01307176 0.1027739 0.144 0.01192716 0.1023681 0.144 0.01080138 0.1019068 0.144 0.009697236 0.1013909 0.144 0.00861746 0.1008219 0.144 0.00756474 0.100201 0.144 0.006541693 0.09953001 0.144 0.005550862 0.09881043 0.144 0.004594711 0.09804408 0.144 0.003675617 0.09723287 0.144 0.002795865 0.09637881 0.144 0.001957641 0.09548404 0.144 0.001163031 0.09455077 0.144 0.0004140098 0.09358133 0.144 -0.0002875609 0.09257812 0.144 -0.0009399367 0.09154363 0.144 -0.001541496 0.09048045 0.144 -0.002090742 0.08939121 0.144 -0.00258631 0.08827863 0.144 -0.003026969 0.08714546 0.144 -0.003411621 0.08599453 0.144 -0.003739312 0.08482869 0.144 -0.004009226 0.08365085 0.144 -0.004220693 0.08246394 0.144 -0.004373187 0.08127089 0.144 -0.004466327 0.08007469 0.144 -0.004499884 0.0788783 0.144 -0.004473773 0.0776847 0.144 -0.00438806 0.07649686 0.144 -0.004242957 0.07531773 0.144 -0.004038825 0.07415023 0.144 -0.003776172 0.07299728 0.144 -0.003455651 0.07186174 0.144 -0.003078059 0.07074644 0.144 -0.002644334 0.06965414 0.144 -0.002155554 0.06858755 0.144 -0.001612936 0.06754935 0.144 -0.001017827 0.06654209 0.144 -0.0003717082 0.0655683 0.144 0.0003238151 0.06463039 0.144 0.001067013 0.06373068 0.144 0.001856039 0.06287143 0.144 0.00268893 0.06205476 0.144 0.003563617 0.0612827 0.144 0.004477923 0.06055718 0.144 0.005429577 0.05988 0.144 0.006416212 0.05925283 0.144 0.007435376 0.05867725 0.144 0.008484534 0.05815468 0.144 0.009561078 0.05768642 0.144 0.01066233 0.05727364 0.144 0.01178556 0.05691736 0.144 0.01292796 0.05661846 0.144 0.01408671 0.0563777 0.144 0.01525891 0.05619566 0.144 0.01644166 0.05607281 0.144 0.01763201 0.05600944 0.144 0.018827 0.05600571 0.144 0.02002367 0.05606164 0.144 0.02121903 0.05617709 0.144 0.02241013 0.05635176 0.144 0.02359398 0.05658522 0.144 0.02476766 0.0568769 0.144 0.02592824 0.05722607 0.144 0.02707284 0.05763185 0.144 0.02819862 0.05809325 0.144 0.02930276 0.05860911 0.144 0.03038254 0.05917815 0.144 0.03143526 0.05979895 0.144 0.03245831 0.06046998 0.144 0.03344914 0.06118957 0.144 0.03440529 0.06195592 0.144 0.03532438 0.06276713 0.144 0.03620414 0.06362118 0.144 0.03704236 0.06451596 0.144 0.03783697 0.06544923 0.144 0.03858599 0.06641867 0.144 0.03928756 0.06742188 0.144 0.03993994 0.06845637 0.144 0.0405415 0.06951955 0.144 0.04109074 0.06948808 0.144 -0.009663326 0.06804748 0.144 -0.009103098 0.06663659 0.144 -0.008471758 0.06525893 0.144 -0.007770875 0.07095482 0.144 -0.01015105 0.06391791 0.144 -0.007002193 0.07244405 0.144 -0.01056506 0.07395206 0.144 -0.01090432 0.06261687 0.144 -0.006167623 0.07547511 0.144 -0.01116799 0.06135905 0.144 -0.005269239 0.06014758 0.144 -0.004309274 0.07855114 0.144 -0.01146612 0.07700941 0.144 -0.01135541 0.05898547 0.144 -0.003290116 0.08164157 0.144 -0.01145651 0.08009647 0.144 -0.01149985 0.0578756 0.144 -0.002214298 0.05682073 0.144 -0.001084495 0.05582349 0.144 9.648421e-05 0.08318258 0.144 -0.0113362 0.08471568 0.144 -0.01113923 0.05488636 0.144 0.001325704 0.05401167 0.144 0.002600108 0.08774294 0.144 -0.01051744 0.08623706 0.144 -0.01086608 0.05320158 0.144 0.003916527 0.05245812 0.144 0.005271689 0.08922955 0.144 -0.01009418 0.09213032 0.144 -0.009028151 0.09069323 0.144 -0.009597335 0.05178313 0.144 0.006662226 0.09353725 0.144 -0.008388041 0.0511783 0.144 0.008084679 0.05064512 0.144 0.009535512 0.05018492 0.144 0.01101112 0.09491052 0.144 -0.007678598 0.09624673 0.144 -0.006901585 0.04979885 0.144 0.01250783 0.09754255 0.144 -0.006058933 0.04948786 0.144 0.01402192 0.1000002 0.144 -0.004185251 0.09879475 0.144 -0.005152737 0.04925273 0.144 0.01554964 0.04909404 0.144 0.01708718 0.101156 0.144 -0.00315888 0.04901219 0.144 0.01863071 0.1033069 0.144 -0.0009398281 0.1022591 0.144 -0.002076175 0.04900738 0.144 0.0201764 0.04907962 0.144 0.02172042 0.1042968 0.144 0.0002473353 0.04922874 0.144 0.02325891 0.1052263 0.144 0.001482364 0.04945435 0.144 0.02478806 0.04975591 0.144 0.02630406 0.106093 0.144 0.002762187 0.1068949 0.144 0.004083623 0.05013266 0.144 0.02780315 0.1076299 0.144 0.005443387 0.05058367 0.144 0.02928159 0.1082962 0.144 0.006838097 0.05110781 0.144 0.03073571 0.1088922 0.144 0.008264287 0.05170378 0.144 0.0321619 0.1094163 0.144 0.00971841 0.05237009 0.144 0.03355661 0.1098673 0.144 0.01119685 0.05310511 0.144 0.03491638 0.1102441 0.144 0.01269594 0.05390698 0.144 0.03623781 0.1105456 0.144 0.01421194 0.05477373 0.144 0.03751764 0.1107713 0.144 0.01574109 0.05570319 0.144 0.03875267 0.1109204 0.144 0.01727958 0.05669306 0.144 0.03993983 0.1109926 0.144 0.0188236 0.05774088 0.144 0.04107618 0.1109878 0.144 0.02036929 0.05884403 0.144 0.04215888 0.110906 0.144 0.02191282 0.05999978 0.144 0.04318525 0.1107473 0.144 0.02345036 0.06120525 0.144 0.04415274 0.1105121 0.144 0.02497808 0.06245745 0.144 0.04505893 0.1102011 0.144 0.02649217 0.06375327 0.144 0.04590158 0.1098151 0.144 0.02798888 0.06508948 0.144 0.0466786 0.1093549 0.144 0.02946449 0.06646275 0.144 0.04738804 0.1088217 0.144 0.03091532 0.06786968 0.144 0.04802815 0.1082169 0.144 0.03233777 0.06930677 0.144 0.04859734 0.1075419 0.144 0.03372831 0.07077045 0.144 0.04909418 0.1067984 0.144 0.03508347 0.07225706 0.144 0.04951744 0.1059883 0.144 0.03639989 0.07376294 0.144 0.04986609 0.1051136 0.144 0.0376743 0.07528432 0.144 0.05013923 0.1041765 0.144 0.03890351 0.07681742 0.144 0.0503362 0.1031793 0.144 0.0400845 0.07835843 0.144 0.0504565 0.1021244 0.144 0.0412143 0.07990353 0.144 0.05049985 0.1010145 0.144 0.04229012 0.08144886 0.144 0.05046612 0.09985242 0.144 0.04330927 0.08299059 0.144 0.05035541 0.09864095 0.144 0.04426924 0.08452489 0.144 0.05016798 0.09738313 0.144 0.04516762 0.08604794 0.144 0.04990432 0.09608209 0.144 0.04600219 0.08755595 0.144 0.04956506 0.09474107 0.144 0.04677087 0.08904518 0.144 0.04915105 0.09336341 0.144 0.04747176 0.09051192 0.144 0.04866333 0.09195252 0.144 0.0481031 0.06786968 0.1348 0.04802815 0.06930677 0.1348 0.04859734 0.07077045 0.1348 0.04909418 0.07225706 0.1348 0.04951744 0.07376294 0.1348 0.04986609 0.07528432 0.1348 0.05013923 0.07681742 0.1348 0.0503362 0.07835843 0.1348 0.0504565 0.07990353 0.1348 0.05049985 0.08144886 0.1348 0.05046612 0.08299059 0.1348 0.05035541 0.08452489 0.1348 0.05016798 0.08604794 0.1348 0.04990432 0.08755595 0.1348 0.04956506 0.08904518 0.1348 0.04915105 0.09051192 0.1348 0.04866333 0.09195252 0.1348 0.0481031 0.09336341 0.1348 0.04747176 0.09474107 0.1348 0.04677087 0.09608209 0.1348 0.04600219 0.09738313 0.1348 0.04516762 0.09864095 0.1348 0.04426924 0.09985242 0.1348 0.04330927 0.1010145 0.1348 0.04229012 0.1021244 0.1348 0.0412143 0.1031793 0.1348 0.0400845 0.1041765 0.1348 0.03890351 0.1051136 0.1348 0.0376743 0.1059883 0.1348 0.03639989 0.1067984 0.1348 0.03508347 0.1075419 0.1348 0.03372831 0.1082169 0.1348 0.03233777 0.1088217 0.1348 0.03091532 0.1093549 0.1348 0.02946449 0.1098151 0.1348 0.02798888 0.1102011 0.1348 0.02649217 0.1105121 0.1348 0.02497808 0.1107473 0.1348 0.02345036 0.110906 0.1348 0.02191282 0.1109878 0.1348 0.02036929 0.1109926 0.1348 0.0188236 0.1109204 0.1348 0.01727958 0.1107713 0.1348 0.01574109 0.1105456 0.1348 0.01421194 0.1102441 0.1348 0.01269594 0.1098673 0.1348 0.01119685 0.1094163 0.1348 0.00971841 0.1088922 0.1348 0.008264287 0.1082962 0.1348 0.006838097 0.1076299 0.1348 0.005443387 0.1068949 0.1348 0.004083623 0.106093 0.1348 0.002762187 0.1052263 0.1348 0.001482364 0.1042968 0.1348 0.0002473353 0.1033069 0.1348 -0.0009398281 0.1022591 0.1348 -0.002076175 0.101156 0.1348 -0.00315888 0.1000002 0.1348 -0.004185251 0.09879475 0.1348 -0.005152737 0.09754255 0.1348 -0.006058933 0.09624673 0.1348 -0.006901585 0.09491052 0.1348 -0.007678598 0.09353725 0.1348 -0.008388041 0.09213032 0.1348 -0.009028151 0.09069323 0.1348 -0.009597335 0.08922955 0.1348 -0.01009418 0.08774294 0.1348 -0.01051744 0.08623706 0.1348 -0.01086608 0.08471568 0.1348 -0.01113923 0.08318258 0.1348 -0.0113362 0.08164157 0.1348 -0.01145651 0.08009647 0.1348 -0.01149985 0.07855114 0.1348 -0.01146612 0.07700941 0.1348 -0.01135541 0.07547511 0.1348 -0.01116799 0.07395206 0.1348 -0.01090432 0.07244405 0.1348 -0.01056506 0.07095482 0.1348 -0.01015105 0.06948808 0.1348 -0.009663326 0.06804748 0.1348 -0.009103098 0.06663659 0.1348 -0.008471758 0.06525893 0.1348 -0.007770875 0.06391791 0.1348 -0.007002193 0.06261687 0.1348 -0.006167623 0.06135905 0.1348 -0.005269239 0.06014758 0.1348 -0.004309274 0.05898547 0.1348 -0.003290116 0.0578756 0.1348 -0.002214298 0.05682073 0.1348 -0.001084495 0.05582349 0.1348 9.648421e-05 0.05488636 0.1348 0.001325704 0.05401167 0.1348 0.002600108 0.05320158 0.1348 0.003916527 0.05245812 0.1348 0.005271689 0.05178313 0.1348 0.006662226 0.0511783 0.1348 0.008084679 0.05064512 0.1348 0.009535512 0.05018492 0.1348 0.01101112 0.04979885 0.1348 0.01250783 0.04948786 0.1348 0.01402192 0.04925273 0.1348 0.01554964 0.04909404 0.1348 0.01708718 0.04901219 0.1348 0.01863071 0.04900738 0.1348 0.0201764 0.04907962 0.1348 0.02172042 0.04922874 0.1348 0.02325891 0.04945435 0.1348 0.02478806 0.04975591 0.1348 0.02630406 0.05013266 0.1348 0.02780315 0.05058367 0.1348 0.02928159 0.05110781 0.1348 0.03073571 0.05170378 0.1348 0.0321619 0.05237009 0.1348 0.03355661 0.05310511 0.1348 0.03491638 0.05390698 0.1348 0.03623781 0.05477373 0.1348 0.03751764 0.05570319 0.1348 0.03875267 0.05669306 0.1348 0.03993983 0.05774088 0.1348 0.04107618 0.05884403 0.1348 0.04215888 0.05999978 0.1348 0.04318525 0.06120525 0.1348 0.04415274 0.06245745 0.1348 0.04505893 0.06375327 0.1348 0.04590158 0.06508948 0.1348 0.0466786 0.06646275 0.1348 0.04738804 0.1023681 0.1348 0.01080138 0.1019068 0.1348 0.009697236 0.1027739 0.1348 0.01192716 0.1013909 0.1348 0.00861746 0.1031231 0.1348 0.01307176 0.1008219 0.1348 0.00756474 0.1034148 0.1348 0.01423234 0.100201 0.1348 0.006541693 0.1036482 0.1348 0.01540602 0.09953001 0.1348 0.005550862 0.1038229 0.1348 0.01658987 0.09881043 0.1348 0.004594711 0.1039384 0.1348 0.01778097 0.09804408 0.1348 0.003675617 0.1039943 0.1348 0.01897633 0.09723287 0.1348 0.002795865 0.1039906 0.1348 0.020173 0.09637881 0.1348 0.001957641 0.1039272 0.1348 0.02136799 0.09548404 0.1348 0.001163031 0.1038043 0.1348 0.02255834 0.09455077 0.1348 0.0004140098 0.1036223 0.1348 0.02374109 0.09358133 0.1348 -0.0002875609 0.1033815 0.1348 0.02491329 0.09257812 0.1348 -0.0009399367 0.1030826 0.1348 0.02607204 0.09154363 0.1348 -0.001541496 0.1027264 0.1348 0.02721444 0.09048045 0.1348 -0.002090742 0.1023136 0.1348 0.02833767 0.08939121 0.1348 -0.00258631 0.1018453 0.1348 0.02943892 0.08827863 0.1348 -0.003026969 0.1013227 0.1348 0.03051547 0.08714546 0.1348 -0.003411621 0.1007472 0.1348 0.03156462 0.08599453 0.1348 -0.003739312 0.10012 0.1348 0.03258379 0.08482869 0.1348 -0.004009226 0.09944282 0.1348 0.03357042 0.08365085 0.1348 -0.004220693 0.0987173 0.1348 0.03452208 0.08246394 0.1348 -0.004373187 0.09794524 0.1348 0.03543638 0.08127089 0.1348 -0.004466327 0.09712857 0.1348 0.03631107 0.08007469 0.1348 -0.004499884 0.09626932 0.1348 0.03714396 0.0788783 0.1348 -0.004473773 0.09536961 0.1348 0.03793299 0.0776847 0.1348 -0.00438806 0.0944317 0.1348 0.03867619 0.07649686 0.1348 -0.004242957 0.09345791 0.1348 0.03937171 0.07531773 0.1348 -0.004038825 0.09245065 0.1348 0.04001783 0.07415023 0.1348 -0.003776172 0.09141245 0.1348 0.04061293 0.07299728 0.1348 -0.003455651 0.09034586 0.1348 0.04115556 0.07186174 0.1348 -0.003078059 0.08925356 0.1348 0.04164433 0.07074644 0.1348 -0.002644334 0.08813826 0.1348 0.04207806 0.06965414 0.1348 -0.002155554 0.08700272 0.1348 0.04245565 0.06858755 0.1348 -0.001612936 0.08584977 0.1348 0.04277617 0.06754935 0.1348 -0.001017827 0.08468227 0.1348 0.04303883 0.06654209 0.1348 -0.0003717082 0.0655683 0.1348 0.0003238151 0.08350314 0.1348 0.04324296 0.0823153 0.1348 0.04338806 0.06463039 0.1348 0.001067013 0.06373068 0.1348 0.001856039 0.0811217 0.1348 0.04347377 0.07992531 0.1348 0.04349989 0.06287143 0.1348 0.00268893 0.07872911 0.1348 0.04346633 0.06205476 0.1348 0.003563617 0.07634915 0.1348 0.04322069 0.07753606 0.1348 0.04337319 0.0612827 0.1348 0.004477923 0.07517131 0.1348 0.04300923 0.06055718 0.1348 0.005429577 0.07400547 0.1348 0.04273931 0.05988 0.1348 0.006416212 0.05925283 0.1348 0.007435376 0.07285454 0.1348 0.04241162 0.05867725 0.1348 0.008484534 0.05815468 0.1348 0.009561078 0.07060879 0.1348 0.04158631 0.07172137 0.1348 0.04202697 0.05768642 0.1348 0.01066233 0.05727364 0.1348 0.01178556 0.06951955 0.1348 0.04109074 0.06845637 0.1348 0.0405415 0.05691736 0.1348 0.01292796 0.05661846 0.1348 0.01408671 0.06641867 0.1348 0.03928756 0.06742188 0.1348 0.03993994 0.0563777 0.1348 0.01525891 0.06544923 0.1348 0.03858599 0.05619566 0.1348 0.01644166 0.05607281 0.1348 0.01763201 0.06451596 0.1348 0.03783697 0.06276713 0.1348 0.03620414 0.06362118 0.1348 0.03704236 0.05600944 0.1348 0.018827 0.05600571 0.1348 0.02002367 0.05606164 0.1348 0.02121903 0.06118957 0.1348 0.03440529 0.06195592 0.1348 0.03532438 0.05617709 0.1348 0.02241013 0.06046998 0.1348 0.03344914 0.05635176 0.1348 0.02359398 0.05979895 0.1348 0.03245831 0.05658522 0.1348 0.02476766 0.05860911 0.1348 0.03038254 0.05917815 0.1348 0.03143526 0.0568769 0.1348 0.02592824 0.05722607 0.1348 0.02707284 0.05763185 0.1348 0.02819862 0.05809325 0.1348 0.02930276 0.07058923 0.145 0.04163229 0.07170414 0.1488 0.04207386 0.07170414 0.145 0.04207386 0.07058923 0.1488 0.04163229 0.07283966 0.1488 0.04245932 0.07283966 0.145 0.04245932 0.073993 0.1488 0.04278769 0.073993 0.145 0.04278769 0.07516125 0.1488 0.04305817 0.07516125 0.145 0.04305817 0.07634155 0.145 0.04327008 0.07634155 0.1488 0.04327008 0.07753094 0.1488 0.04342289 0.07753094 0.145 0.04342289 0.07872646 0.1488 0.04351622 0.07872646 0.145 0.04351622 0.07992516 0.145 0.04354985 0.07992516 0.1488 0.04354985 0.08112403 0.1488 0.04352368 0.08112403 0.145 0.04352368 0.08232012 0.145 0.04343779 0.08232012 0.1488 0.04343779 0.08351044 0.1488 0.04329239 0.08351044 0.145 0.04329239 0.08469202 0.1488 0.04308783 0.08469202 0.145 0.04308783 0.08586195 0.1488 0.04282463 0.08586195 0.145 0.04282463 0.0870173 0.1488 0.04250344 0.0870173 0.145 0.04250344 0.0881552 0.1488 0.04212506 0.0881552 0.145 0.04212506 0.08927283 0.1488 0.04169043 0.08927283 0.145 0.04169043 0.09036741 0.1488 0.04120064 0.09036741 0.145 0.04120064 0.0914362 0.1488 0.04065689 0.0914362 0.145 0.04065689 0.09247657 0.1488 0.04006054 0.09247657 0.145 0.04006054 0.09348592 0.1488 0.03941308 0.09348592 0.145 0.03941308 0.09446175 0.1488 0.03871611 0.09446175 0.145 0.03871611 0.09540161 0.1488 0.03797136 0.09540161 0.145 0.03797136 0.09630318 0.145 0.03718069 0.09630318 0.1488 0.03718069 0.09716423 0.1488 0.03634607 0.09716423 0.145 0.03634607 0.0979826 0.1488 0.03546956 0.0979826 0.145 0.03546956 0.09875626 0.1488 0.03455335 0.09875626 0.145 0.03455335 0.09948329 0.145 0.03359972 0.09948329 0.1488 0.03359972 0.1001619 0.145 0.03261103 0.1001619 0.1488 0.03261103 0.1007904 0.1488 0.03158974 0.1007904 0.145 0.03158974 0.1013671 0.145 0.0305384 0.1013671 0.1488 0.0305384 0.1018908 0.1488 0.02945961 0.1018908 0.145 0.02945961 0.10236 0.145 0.02835607 0.10236 0.1488 0.02835607 0.1027737 0.1488 0.0272305 0.1027737 0.145 0.0272305 0.1031307 0.1488 0.02608572 0.1031307 0.145 0.02608572 0.1034302 0.1488 0.02492456 0.1034302 0.145 0.02492456 0.1036715 0.145 0.02374992 0.1036715 0.1488 0.02374992 0.1038539 0.1488 0.02256471 0.1038539 0.145 0.02256471 0.103977 0.1488 0.02137188 0.103977 0.145 0.02137188 0.1040405 0.145 0.0201744 0.1040405 0.1488 0.0201744 0.1040442 0.1488 0.01897524 0.1040442 0.145 0.01897524 0.1039882 0.145 0.01777739 0.1039882 0.1488 0.01777739 0.1038725 0.1488 0.01658382 0.1038725 0.145 0.01658382 0.1036975 0.145 0.0153975 0.1036975 0.1488 0.0153975 0.1034635 0.145 0.01422137 0.1034635 0.1488 0.01422137 0.1031712 0.1488 0.01305838 0.1031712 0.145 0.01305838 0.1028213 0.1488 0.01191139 0.1028213 0.145 0.01191139 0.1024147 0.1488 0.01078327 0.1024147 0.145 0.01078327 0.1019524 0.1488 0.009676829 0.1019524 0.145 0.009676829 0.1014354 0.1488 0.008594805 0.1014354 0.145 0.008594805 0.1008652 0.1488 0.007539894 0.1008652 0.145 0.007539894 0.1002431 0.1488 0.006514717 0.1002431 0.145 0.006514717 0.09957067 0.1488 0.005521823 0.09957067 0.145 0.005521823 0.09884959 0.1488 0.004563681 0.09884959 0.145 0.004563681 0.09808165 0.1488 0.003642674 0.09808165 0.145 0.003642674 0.09726875 0.1488 0.00276109 0.09726875 0.145 0.00276109 0.09641292 0.1488 0.001921122 0.09641292 0.145 0.001921122 0.09551628 0.145 0.001124857 0.09551628 0.1488 0.001124857 0.09458106 0.1488 0.0003742764 0.09458106 0.145 0.0003742764 0.0936096 0.1488 -0.0003287548 0.0936096 0.145 -0.0003287548 0.0926043 0.1488 -0.0009824887 0.0926043 0.145 -0.0009824887 0.09156767 0.1488 -0.0015853 0.09156767 0.145 -0.0015853 0.09050227 0.1488 -0.00213569 0.09050227 0.145 -0.00213569 0.08941077 0.1488 -0.00263229 0.08941077 0.145 -0.00263229 0.08829586 0.1488 -0.003073865 0.08829586 0.145 -0.003073865 0.08716034 0.1488 -0.003459319 0.08716034 0.145 -0.003459319 0.086007 0.1488 -0.003787692 0.086007 0.145 -0.003787692 0.08483875 0.1488 -0.004058168 0.08483875 0.145 -0.004058168 0.08365845 0.145 -0.004270075 0.08365845 0.1488 -0.004270075 0.08246906 0.1488 -0.004422886 0.08246906 0.145 -0.004422886 0.08127354 0.145 -0.004516221 0.08127354 0.1488 -0.004516221 0.08007484 0.1488 -0.004549847 0.08007484 0.145 -0.004549847 0.07887597 0.1488 -0.004523682 0.07887597 0.145 -0.004523682 0.07767988 0.1488 -0.00443779 0.07767988 0.145 -0.00443779 0.07648956 0.145 -0.004292385 0.07648956 0.1488 -0.004292385 0.07530798 0.1488 -0.004087828 0.07530798 0.145 -0.004087828 0.07413805 0.1488 -0.003824629 0.07413805 0.145 -0.003824629 0.0729827 0.1488 -0.00350344 0.0729827 0.145 -0.00350344 0.0718448 0.145 -0.003125062 0.0718448 0.1488 -0.003125062 0.07072717 0.145 -0.002690434 0.07072717 0.1488 -0.002690434 0.06963259 0.1488 -0.002200637 0.06963259 0.145 -0.002200637 0.0685638 0.1488 -0.001656889 0.0685638 0.145 -0.001656889 0.06752343 0.1488 -0.001060542 0.06752343 0.145 -0.001060542 0.06651408 0.1488 -0.0004130773 0.06651408 0.145 -0.0004130773 0.06553825 0.145 0.000283894 0.06553825 0.1488 0.000283894 0.06459839 0.145 0.001028639 0.06459839 0.1488 0.001028639 0.06369682 0.1488 0.001819308 0.06369682 0.145 0.001819308 0.06283577 0.145 0.002653933 0.06283577 0.1488 0.002653933 0.0620174 0.1488 0.00353044 0.0620174 0.145 0.00353044 0.06124374 0.1488 0.00444665 0.06124374 0.145 0.00444665 0.0605167 0.1488 0.005400285 0.0605167 0.145 0.005400285 0.05983811 0.1488 0.006388974 0.05983811 0.145 0.006388974 0.05920964 0.1488 0.00741026 0.05920964 0.145 0.00741026 0.05863286 0.145 0.008461602 0.05863286 0.1488 0.008461602 0.05810921 0.1488 0.009540387 0.05810921 0.145 0.009540387 0.05763997 0.145 0.01064393 0.05763997 0.1488 0.01064393 0.05722633 0.1488 0.0117695 0.05722633 0.145 0.0117695 0.0568693 0.145 0.01291428 0.0568693 0.1488 0.01291428 0.05656979 0.1488 0.01407544 0.05656979 0.145 0.01407544 0.05632852 0.1488 0.01525008 0.05632852 0.145 0.01525008 0.05614611 0.145 0.01643529 0.05614611 0.1488 0.01643529 0.05602299 0.1488 0.01762812 0.05602299 0.145 0.01762812 0.0559595 0.1488 0.0188256 0.0559595 0.145 0.0188256 0.05595576 0.1488 0.02002476 0.05595576 0.145 0.02002476 0.05601181 0.1488 0.02122261 0.05601181 0.145 0.02122261 0.05612749 0.1488 0.02241618 0.05612749 0.145 0.02241618 0.05630253 0.1488 0.0236025 0.05630253 0.145 0.0236025 0.05653648 0.1488 0.02477863 0.05653648 0.145 0.02477863 0.05682876 0.1488 0.02594163 0.05682876 0.145 0.02594163 0.05717865 0.1488 0.02708861 0.05717865 0.145 0.02708861 0.05758529 0.1488 0.02821672 0.05758529 0.145 0.02821672 0.05804764 0.1488 0.02932317 0.05804764 0.145 0.02932317 0.05856458 0.1488 0.0304052 0.05856458 0.145 0.0304052 0.0591348 0.1488 0.03146011 0.0591348 0.145 0.03146011 0.0597569 0.1488 0.03248528 0.0597569 0.145 0.03248528 0.06042933 0.1488 0.03347818 0.06042933 0.145 0.03347818 0.06115041 0.1488 0.03443632 0.06115041 0.145 0.03443632 0.06191835 0.1488 0.03535733 0.06191835 0.145 0.03535733 0.06273125 0.1488 0.03623891 0.06273125 0.145 0.03623891 0.06358709 0.1488 0.03707888 0.06358709 0.145 0.03707888 0.06448372 0.1488 0.03787514 0.06448372 0.145 0.03787514 0.06541894 0.1488 0.03862572 0.06541894 0.145 0.03862572 0.0663904 0.1488 0.03932875 0.0663904 0.145 0.03932875 0.0673957 0.1488 0.03998249 0.0673957 0.145 0.03998249 0.06843233 0.1488 0.0405853 0.06843233 0.145 0.0405853 0.06949773 0.145 0.04113569 0.06949773 0.1488 0.04113569 0.07037127 0.1488 -0.01206398 0.06880991 0.1488 -0.0115448 0.06727636 0.1488 -0.01094843 0.06577445 0.1488 -0.01027635 0.0643079 0.1488 -0.009530254 0.06288037 0.1488 -0.008711981 0.07356187 0.1488 -0.01286585 0.07195657 0.1488 -0.0125047 0.0614954 0.1488 -0.007823568 0.07518318 0.1488 -0.01314653 0.06015644 0.1488 -0.006867225 0.07681647 0.1488 -0.01334605 0.05886681 0.1488 -0.005845328 0.05762971 0.1488 -0.004760419 0.0801027 0.1488 -0.0134998 0.07845766 0.1488 -0.0134639 0.05644824 0.1488 -0.003615195 0.05532532 0.1488 -0.002412503 0.08338791 0.1488 -0.01332559 0.08174747 0.1488 -0.01345366 0.05426374 0.1488 -0.001155333 0.08501991 0.1488 -0.01311592 0.05326616 0.1488 0.00015319 0.08663944 0.1488 -0.01282515 0.05233503 0.1488 0.001509812 0.08824247 0.1488 -0.01245402 0.05147268 0.1488 0.00291116 0.05068126 0.1488 0.004353751 0.089825 0.1488 -0.01200344 0.0913831 0.1488 -0.01147455 0.04996272 0.1488 0.005833998 0.04931887 0.1488 0.00734822 0.0929129 0.1488 -0.01086864 0.09441061 0.1488 -0.01018724 0.04875129 0.1488 0.008892654 0.09729489 0.1488 -0.008604882 0.09587247 0.1488 -0.009432024 0.0482614 0.1488 0.01046346 0.04785042 0.1488 0.01205673 0.0986743 0.1488 -0.007707866 0.04751937 0.1488 0.01366851 0.1012905 0.1488 -0.005713304 0.1000073 0.1488 -0.006743207 0.04726907 0.1488 0.01529478 0.04710014 0.1488 0.01693151 0.1025209 0.1488 -0.004620716 0.04701301 0.1488 0.01857463 0.1036952 0.1488 -0.003468161 0.04700789 0.1488 0.02022004 0.0470848 0.1488 0.02186367 0.1048106 0.1488 -0.002258502 0.1058643 0.1488 -0.0009947494 0.04724353 0.1488 0.02350142 0.1068537 0.1488 0.0003199569 0.0474837 0.1488 0.02512922 0.1077764 0.1488 0.001682348 0.04780472 0.1488 0.02674302 0.10863 0.1488 0.003089036 0.04820578 0.1488 0.02833882 0.1094124 0.1488 0.004536525 0.04868587 0.1488 0.02991265 0.1101217 0.1488 0.006021215 0.04924383 0.1488 0.03146058 0.1107562 0.1488 0.007539416 0.04987825 0.1488 0.03297879 0.1113141 0.1488 0.009087352 0.05058755 0.1488 0.03446347 0.1117942 0.1488 0.01066118 0.05136998 0.1488 0.03591096 0.1121953 0.1488 0.01225698 0.05222359 0.1488 0.03731765 0.1125163 0.1488 0.01387078 0.05314626 0.1488 0.03868004 0.1127565 0.1488 0.01549858 0.05413568 0.1488 0.03999475 0.1129152 0.1488 0.01713633 0.05518941 0.1488 0.0412585 0.1129921 0.1488 0.01877996 0.05630483 0.1488 0.04246816 0.112987 0.1488 0.02042537 0.05747915 0.1488 0.04362072 0.1128999 0.1488 0.02206849 0.05870947 0.1488 0.0447133 0.1127309 0.1488 0.02370522 0.05999271 0.1488 0.04574321 0.1124806 0.1488 0.02533149 0.0613257 0.1488 0.04670787 0.1121496 0.1488 0.02694327 0.06270511 0.1488 0.04760488 0.1117386 0.1488 0.02853654 0.06412753 0.1488 0.04843203 0.1112487 0.1488 0.03010735 0.06558939 0.1488 0.04918724 0.1106811 0.1488 0.03165178 0.0670871 0.1488 0.04986864 0.1100373 0.1488 0.033166 0.0686169 0.1488 0.05047455 0.1093187 0.1488 0.03464625 0.070175 0.1488 0.05100344 0.1085273 0.1488 0.03608884 0.07175753 0.1488 0.05145402 0.107665 0.1488 0.03749019 0.07336056 0.1488 0.05182515 0.1067338 0.1488 0.03884681 0.07498009 0.1488 0.05211592 0.1057363 0.1488 0.04015533 0.07661209 0.1488 0.0523256 0.1046747 0.1488 0.0414125 0.07825253 0.1488 0.05245366 0.1035518 0.1488 0.0426152 0.0798973 0.1488 0.05249981 0.1023703 0.1488 0.04376042 0.08154234 0.1488 0.0524639 0.1011332 0.1488 0.04484533 0.08318353 0.1488 0.05234605 0.09984357 0.1488 0.04586723 0.08481682 0.1488 0.05214653 0.0985046 0.1488 0.04682357 0.08643813 0.1488 0.05186585 0.09711963 0.1488 0.04771198 0.08804343 0.1488 0.0515047 0.0956921 0.1488 0.04853025 0.08962873 0.1488 0.05106398 0.09422555 0.1488 0.04927636 0.09119009 0.1488 0.0505448 0.09272364 0.1488 0.04994843 0.0670871 0.131 0.04986864 0.0686169 0.131 0.05047455 0.070175 0.131 0.05100344 0.07175753 0.131 0.05145402 0.07336056 0.131 0.05182515 0.07498009 0.131 0.05211592 0.07661209 0.131 0.0523256 0.07825253 0.131 0.05245366 0.0798973 0.131 0.05249981 0.08154234 0.131 0.0524639 0.08318353 0.131 0.05234605 0.08481682 0.131 0.05214653 0.08643813 0.131 0.05186585 0.08804343 0.131 0.0515047 0.08962873 0.131 0.05106398 0.09119009 0.131 0.0505448 0.09272364 0.131 0.04994843 0.09422555 0.131 0.04927636 0.0956921 0.131 0.04853025 0.09711963 0.131 0.04771198 0.0985046 0.131 0.04682357 0.09984357 0.131 0.04586723 0.1011332 0.131 0.04484533 0.1023703 0.131 0.04376042 0.1035518 0.131 0.0426152 0.1046747 0.131 0.0414125 0.1057363 0.131 0.04015533 0.1067338 0.131 0.03884681 0.107665 0.131 0.03749019 0.1085273 0.131 0.03608884 0.1093187 0.131 0.03464625 0.1100373 0.131 0.033166 0.1106811 0.131 0.03165178 0.1112487 0.131 0.03010735 0.1117386 0.131 0.02853654 0.1121496 0.131 0.02694327 0.1124806 0.131 0.02533149 0.1127309 0.131 0.02370522 0.1128999 0.131 0.02206849 0.112987 0.131 0.02042537 0.1129921 0.131 0.01877996 0.1129152 0.131 0.01713633 0.1127565 0.131 0.01549858 0.1125163 0.131 0.01387078 0.1121953 0.131 0.01225698 0.1117942 0.131 0.01066118 0.1113141 0.131 0.009087352 0.1107562 0.131 0.007539416 0.1101217 0.131 0.006021215 0.1094124 0.131 0.004536525 0.10863 0.131 0.003089036 0.1077764 0.131 0.001682348 0.1068537 0.131 0.0003199569 0.1058643 0.131 -0.0009947494 0.1048106 0.131 -0.002258502 0.1036952 0.131 -0.003468161 0.1025209 0.131 -0.004620716 0.1012905 0.131 -0.005713304 0.1000073 0.131 -0.006743207 0.0986743 0.131 -0.007707866 0.09729489 0.131 -0.008604882 0.09587247 0.131 -0.009432024 0.09441061 0.131 -0.01018724 0.0929129 0.131 -0.01086864 0.0913831 0.131 -0.01147455 0.089825 0.131 -0.01200344 0.08824247 0.131 -0.01245402 0.08663944 0.131 -0.01282515 0.08501991 0.131 -0.01311592 0.08338791 0.131 -0.01332559 0.08174747 0.131 -0.01345366 0.0801027 0.131 -0.0134998 0.07845766 0.131 -0.0134639 0.07681647 0.131 -0.01334605 0.07518318 0.131 -0.01314653 0.07356187 0.131 -0.01286585 0.07195657 0.131 -0.0125047 0.07037127 0.131 -0.01206398 0.06880991 0.131 -0.0115448 0.06727636 0.131 -0.01094843 0.06577445 0.131 -0.01027635 0.0643079 0.131 -0.009530254 0.06288037 0.131 -0.008711981 0.0614954 0.131 -0.007823568 0.06015644 0.131 -0.006867225 0.05886681 0.131 -0.005845328 0.05762971 0.131 -0.004760419 0.05644824 0.131 -0.003615195 0.05532532 0.131 -0.002412503 0.05426374 0.131 -0.001155333 0.05326616 0.131 0.00015319 0.05233503 0.131 0.001509812 0.05147268 0.131 0.00291116 0.05068126 0.131 0.004353751 0.04996272 0.131 0.005833998 0.04931887 0.131 0.00734822 0.04875129 0.131 0.008892654 0.0482614 0.131 0.01046346 0.04785042 0.131 0.01205673 0.04751937 0.131 0.01366851 0.04726907 0.131 0.01529478 0.04710014 0.131 0.01693151 0.04701301 0.131 0.01857463 0.04700789 0.131 0.02022004 0.0470848 0.131 0.02186367 0.04724353 0.131 0.02350142 0.0474837 0.131 0.02512922 0.04780472 0.131 0.02674302 0.04820578 0.131 0.02833882 0.04868587 0.131 0.02991265 0.04924383 0.131 0.03146058 0.04987825 0.131 0.03297879 0.05058755 0.131 0.03446347 0.05136998 0.131 0.03591096 0.05222359 0.131 0.03731765 0.05314626 0.131 0.03868004 0.05413568 0.131 0.03999475 0.05518941 0.131 0.0412585 0.05630483 0.131 0.04246816 0.05747915 0.131 0.04362072 0.05870947 0.131 0.0447133 0.05999271 0.131 0.04574321 0.0613257 0.131 0.04670787 0.06270511 0.131 0.04760488 0.06412753 0.131 0.04843203 0.06558939 0.131 0.04918724 0.1019524 0.131 0.009676829 0.1024147 0.131 0.01078327 0.1028213 0.131 0.01191139 0.1014354 0.131 0.008594805 0.1031712 0.131 0.01305838 0.1008652 0.131 0.007539894 0.1034635 0.131 0.01422137 0.1002431 0.131 0.006514717 0.1036975 0.131 0.0153975 0.09957067 0.131 0.005521823 0.1038725 0.131 0.01658382 0.09884959 0.131 0.004563681 0.1039882 0.131 0.01777739 0.09808165 0.131 0.003642674 0.1040442 0.131 0.01897524 0.09726875 0.131 0.00276109 0.1040405 0.131 0.0201744 0.09641292 0.131 0.001921122 0.103977 0.131 0.02137188 0.09551628 0.131 0.001124857 0.1038539 0.131 0.02256471 0.09458106 0.131 0.0003742764 0.1036715 0.131 0.02374992 0.0936096 0.131 -0.0003287548 0.1034302 0.131 0.02492456 0.0926043 0.131 -0.0009824887 0.1031307 0.131 0.02608572 0.09156767 0.131 -0.0015853 0.1027737 0.131 0.0272305 0.09050227 0.131 -0.00213569 0.10236 0.131 0.02835607 0.08941077 0.131 -0.00263229 0.1018908 0.131 0.02945961 0.08829586 0.131 -0.003073865 0.1013671 0.131 0.0305384 0.08716034 0.131 -0.003459319 0.1007904 0.131 0.03158974 0.086007 0.131 -0.003787692 0.1001619 0.131 0.03261103 0.08483875 0.131 -0.004058168 0.09948329 0.131 0.03359972 0.08365845 0.131 -0.004270075 0.09875626 0.131 0.03455335 0.08246906 0.131 -0.004422886 0.0979826 0.131 0.03546956 0.08127354 0.131 -0.004516221 0.09716423 0.131 0.03634607 0.08007484 0.131 -0.004549847 0.09630318 0.131 0.03718069 0.07887597 0.131 -0.004523682 0.09540161 0.131 0.03797136 0.07767988 0.131 -0.00443779 0.09446175 0.131 0.03871611 0.07648956 0.131 -0.004292385 0.09348592 0.131 0.03941308 0.07530798 0.131 -0.004087828 0.09247657 0.131 0.04006054 0.07413805 0.131 -0.003824629 0.0914362 0.131 0.04065689 0.0729827 0.131 -0.00350344 0.09036741 0.131 0.04120064 0.0718448 0.131 -0.003125062 0.08927283 0.131 0.04169043 0.07072717 0.131 -0.002690434 0.0881552 0.131 0.04212506 0.06963259 0.131 -0.002200637 0.0870173 0.131 0.04250344 0.08586195 0.131 0.04282463 0.0685638 0.131 -0.001656889 0.06752343 0.131 -0.001060542 0.06651408 0.131 -0.0004130773 0.08469202 0.131 0.04308783 0.08351044 0.131 0.04329239 0.06553825 0.131 0.000283894 0.06459839 0.131 0.001028639 0.08232012 0.131 0.04343779 0.08112403 0.131 0.04352368 0.06369682 0.131 0.001819308 0.06283577 0.131 0.002653933 0.07872646 0.131 0.04351622 0.07992516 0.131 0.04354985 0.07753094 0.131 0.04342289 0.0620174 0.131 0.00353044 0.06124374 0.131 0.00444665 0.07516125 0.131 0.04305817 0.07634155 0.131 0.04327008 0.0605167 0.131 0.005400285 0.073993 0.131 0.04278769 0.05983811 0.131 0.006388974 0.05920964 0.131 0.00741026 0.07283966 0.131 0.04245932 0.05863286 0.131 0.008461602 0.07170414 0.131 0.04207386 0.05810921 0.131 0.009540387 0.07058923 0.131 0.04163229 0.05763997 0.131 0.01064393 0.06949773 0.131 0.04113569 0.05722633 0.131 0.0117695 0.0673957 0.131 0.03998249 0.06843233 0.131 0.0405853 0.0568693 0.131 0.01291428 0.05656979 0.131 0.01407544 0.0663904 0.131 0.03932875 0.05632852 0.131 0.01525008 0.06541894 0.131 0.03862572 0.05614611 0.131 0.01643529 0.05602299 0.131 0.01762812 0.06448372 0.131 0.03787514 0.06358709 0.131 0.03707888 0.0559595 0.131 0.0188256 0.06273125 0.131 0.03623891 0.05595576 0.131 0.02002476 0.05601181 0.131 0.02122261 0.06115041 0.131 0.03443632 0.06191835 0.131 0.03535733 0.05612749 0.131 0.02241618 0.06042933 0.131 0.03347818 0.05630253 0.131 0.0236025 0.0591348 0.131 0.03146011 0.0597569 0.131 0.03248528 0.05653648 0.131 0.02477863 0.05682876 0.131 0.02594163 0.05856458 0.131 0.0304052 0.05717865 0.131 0.02708861 0.05804764 0.131 0.02932317 0.05758529 0.131 0.02821672 0.07170414 0.1348 0.04207386 0.07058923 0.1348 0.04163229 0.07283966 0.1348 0.04245932 0.073993 0.1348 0.04278769 0.07516125 0.1348 0.04305817 0.07634155 0.1348 0.04327008 0.07753094 0.1348 0.04342289 0.07872646 0.1348 0.04351622 0.07992516 0.1348 0.04354985 0.08112403 0.1348 0.04352368 0.08232012 0.1348 0.04343779 0.08351044 0.1348 0.04329239 0.08469202 0.1348 0.04308783 0.08586195 0.1348 0.04282463 0.0870173 0.1348 0.04250344 0.0881552 0.1348 0.04212506 0.08927283 0.1348 0.04169043 0.09036741 0.1348 0.04120064 0.0914362 0.1348 0.04065689 0.09247657 0.1348 0.04006054 0.09348592 0.1348 0.03941308 0.09446175 0.1348 0.03871611 0.09540161 0.1348 0.03797136 0.09630318 0.1348 0.03718069 0.09716423 0.1348 0.03634607 0.0979826 0.1348 0.03546956 0.09875626 0.1348 0.03455335 0.09948329 0.1348 0.03359972 0.1001619 0.1348 0.03261103 0.1007904 0.1348 0.03158974 0.1013671 0.1348 0.0305384 0.1018908 0.1348 0.02945961 0.10236 0.1348 0.02835607 0.1027737 0.1348 0.0272305 0.1031307 0.1348 0.02608572 0.1034302 0.1348 0.02492456 0.1036715 0.1348 0.02374992 0.1038539 0.1348 0.02256471 0.103977 0.1348 0.02137188 0.1040405 0.1348 0.0201744 0.1040442 0.1348 0.01897524 0.1039882 0.1348 0.01777739 0.1038725 0.1348 0.01658382 0.1036975 0.1348 0.0153975 0.1034635 0.1348 0.01422137 0.1031712 0.1348 0.01305838 0.1028213 0.1348 0.01191139 0.1024147 0.1348 0.01078327 0.1019524 0.1348 0.009676829 0.1014354 0.1348 0.008594805 0.1008652 0.1348 0.007539894 0.1002431 0.1348 0.006514717 0.09957067 0.1348 0.005521823 0.09884959 0.1348 0.004563681 0.09808165 0.1348 0.003642674 0.09726875 0.1348 0.00276109 0.09641292 0.1348 0.001921122 0.09551628 0.1348 0.001124857 0.09458106 0.1348 0.0003742764 0.0936096 0.1348 -0.0003287548 0.0926043 0.1348 -0.0009824887 0.09156767 0.1348 -0.0015853 0.09050227 0.1348 -0.00213569 0.08941077 0.1348 -0.00263229 0.08829586 0.1348 -0.003073865 0.08716034 0.1348 -0.003459319 0.086007 0.1348 -0.003787692 0.08483875 0.1348 -0.004058168 0.08365845 0.1348 -0.004270075 0.08246906 0.1348 -0.004422886 0.08127354 0.1348 -0.004516221 0.08007484 0.1348 -0.004549847 0.07887597 0.1348 -0.004523682 0.07767988 0.1348 -0.00443779 0.07648956 0.1348 -0.004292385 0.07530798 0.1348 -0.004087828 0.07413805 0.1348 -0.003824629 0.0729827 0.1348 -0.00350344 0.0718448 0.1348 -0.003125062 0.07072717 0.1348 -0.002690434 0.06963259 0.1348 -0.002200637 0.0685638 0.1348 -0.001656889 0.06752343 0.1348 -0.001060542 0.06651408 0.1348 -0.0004130773 0.06553825 0.1348 0.000283894 0.06459839 0.1348 0.001028639 0.06369682 0.1348 0.001819308 0.06283577 0.1348 0.002653933 0.0620174 0.1348 0.00353044 0.06124374 0.1348 0.00444665 0.0605167 0.1348 0.005400285 0.05983811 0.1348 0.006388974 0.05920964 0.1348 0.00741026 0.05863286 0.1348 0.008461602 0.05810921 0.1348 0.009540387 0.05763997 0.1348 0.01064393 0.05722633 0.1348 0.0117695 0.0568693 0.1348 0.01291428 0.05656979 0.1348 0.01407544 0.05632852 0.1348 0.01525008 0.05614611 0.1348 0.01643529 0.05602299 0.1348 0.01762812 0.0559595 0.1348 0.0188256 0.05595576 0.1348 0.02002476 0.05601181 0.1348 0.02122261 0.05612749 0.1348 0.02241618 0.05630253 0.1348 0.0236025 0.05653648 0.1348 0.02477863 0.05682876 0.1348 0.02594163 0.05717865 0.1348 0.02708861 0.05758529 0.1348 0.02821672 0.05804764 0.1348 0.02932317 0.05856458 0.1348 0.0304052 0.0591348 0.1348 0.03146011 0.0597569 0.1348 0.03248528 0.06042933 0.1348 0.03347818 0.06115041 0.1348 0.03443632 0.06191835 0.1348 0.03535733 0.06273125 0.1348 0.03623891 0.06358709 0.1348 0.03707888 0.06448372 0.1348 0.03787514 0.06541894 0.1348 0.03862572 0.0663904 0.1348 0.03932875 0.0673957 0.1348 0.03998249 0.06843233 0.1348 0.0405853 0.06949773 0.1348 0.04113569 0.06947113 0.1348 -0.009710363 0.0680282 0.1348 -0.009149232 0.06661504 0.1348 -0.008516873 0.06523515 0.1348 -0.007814861 0.07094023 0.1348 -0.01019887 0.07243186 0.1348 -0.01061355 0.06389197 0.1348 -0.007044939 0.07394231 0.1348 -0.01095335 0.06258884 0.1348 -0.006209023 0.06132899 0.1348 -0.005309189 0.07546781 0.1348 -0.01121745 0.06011556 0.1348 -0.004347676 0.0785488 0.1348 -0.01151607 0.07700459 0.1348 -0.01140518 0.05895157 0.1348 -0.003326874 0.08009663 0.1348 -0.01154985 0.05783991 0.1348 -0.002249321 0.08318771 0.1348 -0.01138593 0.08164422 0.1348 -0.01150644 0.05678334 0.1348 -0.001117696 0.0557845 0.1348 6.518822e-05 0.05484585 0.1348 0.00129639 0.08472329 0.1348 -0.01118865 0.08775542 0.1348 -0.01056586 0.08624712 0.1348 -0.01091506 0.05396975 0.1348 0.00257285 0.05315836 0.1348 0.003891392 0.08924444 0.1348 -0.01014191 0.0524137 0.1348 0.005248741 0.09071047 0.1348 -0.009644266 0.05173762 0.1348 0.00664152 0.09214988 0.1348 -0.009074164 0.05113181 0.1348 0.008066267 0.09493458 0.1348 -0.007722435 0.09355908 0.1348 -0.008433022 0.05059777 0.1348 0.009519441 0.05013683 0.1348 0.01099743 0.04975014 0.1348 0.01249655 0.09627293 0.1348 -0.006944168 0.09757084 0.1348 -0.006100157 0.04943865 0.1348 0.01401309 0.09882507 0.1348 -0.0051925 0.04920314 0.1348 0.01554327 0.1000325 0.1348 -0.004223453 0.04904419 0.1348 0.01708328 0.102295 0.1348 -0.002110975 0.1011901 0.1348 -0.003195426 0.04896221 0.1348 0.01862931 0.04895739 0.1348 0.0201775 0.1033445 0.1348 -0.0009727955 0.04902975 0.1348 0.021724 0.105267 0.1348 0.001453303 0.104336 0.1348 0.0002162826 0.04917911 0.1348 0.02326497 0.04940509 0.1348 0.02479659 0.1061351 0.1348 0.00273519 0.04970713 0.1348 0.02631503 0.1069383 0.1348 0.004058758 0.1076745 0.1348 0.005420715 0.05008449 0.1348 0.02781654 0.05053622 0.1348 0.02929737 0.1083419 0.1348 0.006817675 0.05106121 0.1348 0.03075384 0.1089388 0.1348 0.008246165 0.05165814 0.1348 0.03218232 0.1094638 0.1348 0.009702634 0.05232553 0.1348 0.03357928 0.1099155 0.1348 0.01118346 0.05306173 0.1348 0.03494124 0.1102929 0.1348 0.01268496 0.05386489 0.1348 0.03626481 0.1105949 0.1348 0.01420341 0.05473304 0.1348 0.0375467 0.1108209 0.1348 0.01573503 0.055664 0.1348 0.03878372 0.1109702 0.1348 0.017276 0.05665547 0.1348 0.0399728 0.1110426 0.1348 0.0188225 0.05770497 0.1348 0.04111097 0.1110378 0.1348 0.02037069 0.05880991 0.1348 0.04219543 0.1109558 0.1348 0.02191672 0.05996752 0.1348 0.04322345 0.1107969 0.1348 0.02345673 0.06117494 0.1348 0.0441925 0.1105614 0.1348 0.02498691 0.06242916 0.1348 0.04510016 0.1102499 0.1348 0.02650345 0.06372706 0.1348 0.04594417 0.1098632 0.1348 0.02800257 0.06506542 0.1348 0.04672243 0.1094022 0.1348 0.02948056 0.06644092 0.1348 0.04743302 0.1088682 0.1348 0.03093373 0.06785012 0.1348 0.04807417 0.1082624 0.1348 0.03235848 0.06928953 0.1348 0.04864426 0.1075863 0.1348 0.03375126 0.07075556 0.1348 0.04914191 0.1068416 0.1348 0.03510861 0.07224458 0.1348 0.04956586 0.1060303 0.1348 0.03642715 0.07375288 0.1348 0.04991506 0.1051541 0.1348 0.03770361 0.07527671 0.1348 0.05018865 0.1042155 0.1348 0.03893481 0.07681229 0.1348 0.05038594 0.1032167 0.1348 0.04011769 0.07835578 0.1348 0.05050644 0.1021601 0.1348 0.04124932 0.07990337 0.1348 0.05054985 0.1010484 0.1348 0.04232687 0.0814512 0.1348 0.05051607 0.09988444 0.1348 0.04334768 0.08299541 0.1348 0.05040518 0.09867101 0.1348 0.04430919 0.08453219 0.1348 0.05021745 0.09741116 0.1348 0.04520902 0.08605769 0.1348 0.04995335 0.09610803 0.1348 0.04604494 0.08756814 0.1348 0.04961355 0.09476485 0.1348 0.04681486 0.08905977 0.1348 0.04919888 0.09338496 0.1348 0.04751687 0.09052887 0.1348 0.04871037 0.0919718 0.1348 0.04814923 0.06785012 0.145 0.04807417 0.06928953 0.145 0.04864426 0.07075556 0.145 0.04914191 0.07224458 0.145 0.04956586 0.07375288 0.145 0.04991506 0.07527671 0.145 0.05018865 0.07681229 0.145 0.05038594 0.07835578 0.145 0.05050644 0.07990337 0.145 0.05054985 0.0814512 0.145 0.05051607 0.08299541 0.145 0.05040518 0.08453219 0.145 0.05021745 0.08605769 0.145 0.04995335 0.08756814 0.145 0.04961355 0.08905977 0.145 0.04919888 0.09052887 0.145 0.04871037 0.0919718 0.145 0.04814923 0.09338496 0.145 0.04751687 0.09476485 0.145 0.04681486 0.09610803 0.145 0.04604494 0.09741116 0.145 0.04520902 0.09867101 0.145 0.04430919 0.09988444 0.145 0.04334768 0.1010484 0.145 0.04232687 0.1021601 0.145 0.04124932 0.1032167 0.145 0.04011769 0.1042155 0.145 0.03893481 0.1051541 0.145 0.03770361 0.1060303 0.145 0.03642715 0.1068416 0.145 0.03510861 0.1075863 0.145 0.03375126 0.1082624 0.145 0.03235848 0.1088682 0.145 0.03093373 0.1094022 0.145 0.02948056 0.1098632 0.145 0.02800257 0.1102499 0.145 0.02650345 0.1105614 0.145 0.02498691 0.1107969 0.145 0.02345673 0.1109558 0.145 0.02191672 0.1110378 0.145 0.02037069 0.1110426 0.145 0.0188225 0.1109702 0.145 0.017276 0.1108209 0.145 0.01573503 0.1105949 0.145 0.01420341 0.1102929 0.145 0.01268496 0.1099155 0.145 0.01118346 0.1094638 0.145 0.009702634 0.1089388 0.145 0.008246165 0.1083419 0.145 0.006817675 0.1076745 0.145 0.005420715 0.1069383 0.145 0.004058758 0.1061351 0.145 0.00273519 0.105267 0.145 0.001453303 0.104336 0.145 0.0002162826 0.1033445 0.145 -0.0009727955 0.102295 0.145 -0.002110975 0.1011901 0.145 -0.003195426 0.1000325 0.145 -0.004223453 0.09882507 0.145 -0.0051925 0.09757084 0.145 -0.006100157 0.09627293 0.145 -0.006944168 0.09493458 0.145 -0.007722435 0.09355908 0.145 -0.008433022 0.09214988 0.145 -0.009074164 0.09071047 0.145 -0.009644266 0.08924444 0.145 -0.01014191 0.08775542 0.145 -0.01056586 0.08624712 0.145 -0.01091506 0.08472329 0.145 -0.01118865 0.08318771 0.145 -0.01138593 0.08164422 0.145 -0.01150644 0.08009663 0.145 -0.01154985 0.0785488 0.145 -0.01151607 0.07700459 0.145 -0.01140518 0.07546781 0.145 -0.01121745 0.07394231 0.145 -0.01095335 0.07243186 0.145 -0.01061355 0.07094023 0.145 -0.01019887 0.06947113 0.145 -0.009710363 0.0680282 0.145 -0.009149232 0.06661504 0.145 -0.008516873 0.06523515 0.145 -0.007814861 0.06389197 0.145 -0.007044939 0.06258884 0.145 -0.006209023 0.06132899 0.145 -0.005309189 0.06011556 0.145 -0.004347676 0.05895157 0.145 -0.003326874 0.05783991 0.145 -0.002249321 0.05678334 0.145 -0.001117696 0.0557845 0.145 6.518822e-05 0.05484585 0.145 0.00129639 0.05396975 0.145 0.00257285 0.05315836 0.145 0.003891392 0.0524137 0.145 0.005248741 0.05173762 0.145 0.00664152 0.05113181 0.145 0.008066267 0.05059777 0.145 0.009519441 0.05013683 0.145 0.01099743 0.04975014 0.145 0.01249655 0.04943865 0.145 0.01401309 0.04920314 0.145 0.01554327 0.04904419 0.145 0.01708328 0.04896221 0.145 0.01862931 0.04895739 0.145 0.0201775 0.04902975 0.145 0.021724 0.04917911 0.145 0.02326497 0.04940509 0.145 0.02479659 0.04970713 0.145 0.02631503 0.05008449 0.145 0.02781654 0.05053622 0.145 0.02929737 0.05106121 0.145 0.03075384 0.05165814 0.145 0.03218232 0.05232553 0.145 0.03357928 0.05306173 0.145 0.03494124 0.05386489 0.145 0.03626481 0.05473304 0.145 0.0375467 0.055664 0.145 0.03878372 0.05665547 0.145 0.0399728 0.05770497 0.145 0.04111097 0.05880991 0.145 0.04219543 0.05996752 0.145 0.04322345 0.06117494 0.145 0.0441925 0.06242916 0.145 0.04510016 0.06372706 0.145 0.04594417 0.06506542 0.145 0.04672243 0.06644092 0.145 0.04743302</float_array>
          <technique_common>
            <accessor count="3528" source="#cubeverts-array0-array" stride="3">
              <param type="float" name="X"/>
              <param type="float" name="Y"/>
              <param type="float" name="Z"/>
            </accessor>
          </technique_common>
        </source>
        <source id="cubenormals-array0">
          <float_array count="21168" id="cubenormals-array0-array">0 -1 0 0 -1 0 0 -1 0 0 -1 0 0 -1 -0 0 -1 0 0 -1 0 0 -1 0 0 -1 -0 0 -1 0 0 -1 0 0 -1 -0 0 -1 0 0 -1 0 0 -1 0 0 -1 -0 0 -1 0 0 -1 0 0 -1 -0 0 -1 0 0 -1 0 0 -1 0 0 -1 -0 0 -1 0 0 -1 0 0 -1 0 0 -1 0 0 -1 -0 0 -1 0 0 -1 0 0 -1 0 0 -1 0 0 -1 0 0 -1 0 0 -1 0 0 -1 0 0 -1 0 0 -1 0 0 -1 0 0 -1 0 0 -1 0 0 -1 0 0 -1 0 0 -1 0 0 -1 0 0 -1 0 0 -1 0 0 -1 0 0 -1 0 0 -1 0 0 -1 0 0 -1 0 0 -1 0 0 -1 0 0 -1 0 0 -1 0 0 -1 0 0 -1 0 0 -1 0 0 -1 0 0 -1 0 0 -1 0 0 -1 0 0 -1 0 0 -1 0 0 -1 0 0 -1 0 0 -1 0 0 -1 0 0 -1 0 0 -1 0 0 -1 0 0 -1 0 0 -1 -0 0 -1 0 0 -1 0 0 -1 0 0 -1 0 0 -1 -0 0 -1 0 0 -1 0 0 -1 0 0 -1 0 0 -1 0 0 -1 0 0 -1 0 0 -1 0 0 -1 0 0 -1 0 0 -1 0 0 -1 0 0 -1 0 0 -1 0 0 -1 -0 0 -1 0 0 -1 0 0 -1 0 0 -1 -0 0 -1 0 0 -1 0 0 -1 0 0 -1 -0 0 -1 0 0 -1 0 0 -1 0 0 -1 -0 0 -1 0 0 -1 0 0 -1 0 0 -1 -0 0 -1 -0 0 -1 0 0 -1 -0 0 -1 0 0 -1 0 0 -1 0 0 -1 0 0 -1 -0 0 -1 0 0 -1 0 0 -1 -0 0 -1 0 0 -1 0 0 -1 0 0 -1 0 0 -1 0 0 -1 -0 0 -1 0 0 -1 0 0 -1 0 0 -1 0 0 -1 -0 0 -1 0 0 -1 0 0 -1 0 0 -1 -0 0 -1 0 0 -1 0 0 -1 0 0 -1 -0 0 -1 0 0 -1 0 0 -1 0 0 -1 -0 0 -1 0 0 -1 0 0 -1 -0 0 -1 -0 0 -1 0 0 -1 0 0 -1 -0 0 -1 0 0 -1 0 0 -1 0 0 -1 0 0 -1 0 0 -1 0 0 -1 0 0 -1 0 0 -1 0 0 -1 0 0 -1 0 0 -1 0 0 -1 0 0 -1 0 0 -1 0 0 -1 0 0 -1 -0 0 -1 0 0 -1 0 0 -1 0 0 -1 -0 0 -1 0 0 -1 0 0 -1 0 0 -1 0 0 -1 0 0 -1 0 0 -1 0 0 -1 0 0 -1 0 0 -1 0 0 -1 0 0 -1 0 0 -1 0 0 -1 0 0 -1 0 0 -1 0 0 -1 0 0 -1 -0 0 -1 0 0 -1 -0 0 -1 0 0 -1 0 0 -1 0 0 -1 0 0 -1 0 0 -1 0 0 -1 0 0 -1 0 0 -1 0 0 -1 0 0 -1 0 0 -1 0 0 -1 0 0 -1 0 0 -1 0 0 -1 0 0 -1 0 0 -1 0 0 -1 0 0 -1 0 0 -1 0 0 -1 0 0 -1 0 0 -1 0 0 -1 0 0 -1 0 0 -1 0 0 -1 0 0 -1 0 0 -1 0 0 -1 0 0 -1 0 0 -1 -0 0 -1 0 0 -1 0 0 -1 0 0 -1 -0 0 -1 0 0 -1 0 0 -1 0 0 -1 0 0 -1 -0 0 -1 0 0 -1 0 0 -1 0 0 -1 0 0 -1 -0 0 -1 0 0 -1 0 0 -1 -0 0 -1 0 0 -1 0 0 -1 0 0 -1 -0 0 -1 0 0 -1 0 0 -1 -0 0 -1 0 0 -1 0 0 -1 0 0.3682384 0 -0.9297314 0.3682384 0 -0.9297314 0.321432 0 -0.9469327 0.2738373 0 -0.9617761 0.321432 0 -0.9469327 0.2738373 0 -0.9617761 0.2255528 0 -0.9742309 0.2255528 0 -0.9742309 0.1767113 0 -0.9842627 0.1274315 0 -0.9918474 0.1767113 0 -0.9842627 0.07783118 0 -0.9969666 0.1274315 0 -0.9918474 0.07783118 0 -0.9969666 0.02804293 0 -0.9996067 0.02804293 0 -0.9996067 -0.02181817 0 -0.9997619 -0.02181817 -0 -0.9997619 -0.07162665 0 -0.9974315 -0.07162665 -0 -0.9974315 -0.1212556 -0 -0.9926213 -0.1212556 0 -0.9926213 -0.1705843 0 -0.9853431 -0.1705843 0 -0.9853431 -0.2194847 -0 -0.975616 -0.2194847 0 -0.975616 -0.2678444 0 -0.9634622 -0.2678444 -0 -0.9634622 -0.315536 0 -0.9489136 -0.315536 0 -0.9489136 -0.3624392 -0 -0.9320074 -0.3624392 0 -0.9320074 -0.408449 0 -0.9127811 -0.45344 0 -0.8912868 -0.408449 -0 -0.9127811 -0.45344 0 -0.8912868 -0.4972998 -0 -0.8675787 -0.4972998 0 -0.8675787 -0.5399327 0 -0.8417082 -0.5399327 -0 -0.8417082 -0.5812122 0 -0.813752 -0.6210538 0 -0.7837679 -0.5812122 -0 -0.813752 -0.6210538 0 -0.7837679 -0.6593521 0 -0.7518343 -0.6593521 -0 -0.7518343 -0.6960041 0 -0.7180378 -0.6960041 -0 -0.7180378 -0.7309296 0 -0.6824528 -0.7309296 -0 -0.6824528 -0.7640408 0 -0.6451679 -0.7640408 -0 -0.6451679 -0.7952492 0 -0.6062827 -0.8244827 0 -0.5658872 -0.7952492 -0 -0.6062827 -0.8244827 0 -0.5658872 -0.8516643 0 -0.5240877 -0.8516643 -0 -0.5240877 -0.876728 0 -0.4809865 -0.8996156 0 -0.4366827 -0.876728 -0 -0.4809865 -0.8996156 0 -0.4366827 -0.9202627 0 -0.391301 -0.9202627 -0 -0.391301 -0.9386232 0 -0.3449443 -0.9386232 -0 -0.3449443 -0.9546511 0 -0.2977268 -0.9546511 -0 -0.2977268 -0.9683049 0 -0.2497716 -0.9795508 0 -0.2011971 -0.9683049 -0 -0.2497716 -0.9795508 0 -0.2011971 -0.9883628 -0 -0.1521149 -0.9883628 0 -0.1521149 -0.994716 -0 -0.1026642 -0.994716 0 -0.1026642 -0.9985969 -0 -0.05295609 -0.9985969 0 -0.05295609 -0.9999952 -0 -0.003108923 -0.9999952 0 -0.003108923 -0.9989075 0 0.04673133 -0.9989075 0 0.04673133 -0.9953355 0 0.09647401 -0.9953355 0 0.09647401 -0.9892895 0 0.1459666 -0.9892895 0 0.1459666 -0.9807852 0 0.1950906 -0.9807852 0 0.1950906 -0.9698403 0 0.2437411 -0.9698403 0 0.2437411 -0.9564853 0 0.2917804 -0.9564853 0 0.2917804 -0.940752 0 0.3390953 -0.940752 0 0.3390953 -0.9226815 0 0.3855631 -0.9226815 0 0.3855631 -0.9023152 0 0.4310769 -0.9023152 0 0.4310769 -0.8797051 0 0.4755196 -0.854908 0 0.5187797 -0.8797051 0 0.4755196 -0.8279904 0 0.5607423 -0.854908 0 0.5187797 -0.8279904 0 0.5607423 -0.7990062 0 0.6013227 -0.7680393 0 0.6404027 -0.7990062 0 0.6013227 -0.7680393 0 0.6404027 -0.7351666 0 0.6778865 -0.7004613 0 0.7136904 -0.7351666 0 0.6778865 -0.6640144 0 0.7477197 -0.7004613 0 0.7136904 -0.6640144 0 0.7477197 -0.6259226 0 0.7798852 -0.5862651 0 0.8101192 -0.6259226 0 0.7798852 -0.5862651 0 0.8101192 -0.5451583 0 0.8383331 -0.5451583 0 0.8383331 -0.5026938 0 0.8644646 -0.5026938 0 0.8644646 -0.4589765 0 0.8884484 -0.4589765 0 0.8884484 -0.4141222 0 0.9102213 -0.4141222 0 0.9102213 -0.3682372 0 0.9297318 -0.3682372 0 0.9297318 -0.3214337 0 0.9469321 -0.3214337 0 0.9469321 -0.2738363 0 0.9617763 -0.2738363 0 0.9617763 -0.225553 0 0.9742309 -0.225553 0 0.9742309 -0.1767117 0 0.9842626 -0.1767117 0 0.9842626 -0.1274313 0 0.9918474 -0.1274313 0 0.9918474 -0.07783312 0 0.9969664 -0.07783312 0 0.9969664 -0.02804163 0 0.9996067 -0.02804163 0 0.9996067 0.02181948 0 0.9997619 0.02181948 0 0.9997619 0.071626 -0 0.9974316 0.071626 0 0.9974316 0.1212558 0 0.9926212 0.1212558 0 0.9926212 0.1705828 0 0.9853433 0.1705828 0 0.9853433 0.219485 -0 0.9756159 0.219485 0 0.9756159 0.2678437 0 0.9634624 0.2678437 0 0.9634624 0.3155359 -0 0.9489136 0.3155359 0 0.9489136 0.3624409 0 0.9320067 0.3624409 0 0.9320067 0.4084491 -0 0.9127811 0.4084491 0 0.9127811 0.4534386 0 0.8912875 0.4534386 0 0.8912875 0.4973019 0 0.8675776 0.4973019 0 0.8675776 0.5399316 -0 0.8417089 0.5399316 0 0.8417089 0.5812129 0 0.8137515 0.621053 -0 0.7837686 0.5812129 0 0.8137515 0.621053 0 0.7837686 0.6593516 0 0.7518348 0.6960053 -0 0.7180366 0.6593516 0 0.7518348 0.6960053 0 0.7180366 0.7309296 0 0.6824528 0.7309296 0 0.6824528 0.7640403 -0 0.6451685 0.7640403 0 0.6451685 0.7952511 0 0.6062803 0.7952511 0 0.6062803 0.8244807 -0 0.5658901 0.8244807 0 0.5658901 0.8516645 0 0.5240874 0.8516645 0 0.5240874 0.8767297 0 0.4809835 0.8767297 0 0.4809835 0.8996139 -0 0.4366862 0.8996139 0 0.4366862 0.920263 0 0.3913004 0.920263 0 0.3913004 0.938623 -0 0.3449448 0.938623 0 0.3449448 0.9546511 0 0.2977268 0.9546511 0 0.2977268 0.9683049 -0 0.2497714 0.9683049 0 0.2497714 0.9795508 -0 0.2011969 0.9795508 0 0.2011969 0.994716 -0 0.1026642 0.9883623 0 0.1521184 0.9883623 0 0.1521184 0.994716 0 0.1026642 0.998597 0 0.05295262 0.9999952 -0 0.0031124 0.998597 0 0.05295262 0.9989071 0 -0.04673827 0.9999952 0 0.0031124 0.9953359 0 -0.09647056 0.9989071 0 -0.04673827 0.9953359 0 -0.09647056 0.98929 0 -0.1459632 0.9807846 0 -0.1950938 0.98929 0 -0.1459632 0.9807846 0 -0.1950938 0.9698403 0 -0.2437415 0.9698403 0 -0.2437415 0.9564855 0 -0.2917801 0.9564855 0 -0.2917801 0.940752 0 -0.3390953 0.9226815 0 -0.3855631 0.940752 0 -0.3390953 0.9023137 0 -0.4310801 0.9226815 0 -0.3855631 0.9023137 0 -0.4310801 0.8797068 0 -0.4755166 0.8797068 0 -0.4755166 0.8549097 0 -0.518777 0.8549097 0 -0.518777 0.8279867 0 -0.5607476 0.8279867 0 -0.5607476 0.7990083 0 -0.6013201 0.7990083 0 -0.6013201 0.7680408 0 -0.6404009 0.7680408 0 -0.6404009 0.7351642 0 -0.677889 0.7351642 0 -0.677889 0.7004616 0 -0.7136902 0.7004616 0 -0.7136902 0.664015 0 -0.7477193 0.664015 0 -0.7477193 0.6259229 0 -0.779885 0.6259229 0 -0.779885 0.5862663 0 -0.8101184 0.5451582 0 -0.8383331 0.5862663 0 -0.8101184 0.5451582 0 -0.8383331 0.5026917 0 -0.8644657 0.5026917 0 -0.8644657 0.458976 0 -0.8884487 0.458976 0 -0.8884487 0.4141239 0 -0.9102206 0.4141239 0 -0.9102206 0 -1 0 0 -1 0 0 -1 0 0 -1 -0 0 -1 0 0 -1 0 0 -1 0 0 -1 -0 0 -1 0 0 -1 0 0 -1 0 0 -1 0 0 -1 -0 0 -1 0 0 -1 0 0 -1 0 0 -1 -0 0 -1 0 0 -1 0 0 -1 -0 0 -1 0 0 -1 0 0 -1 -0 0 -1 0 0 -1 0 0 -1 0 0 -1 -0 0 -1 0 0 -1 0 0 -1 0 0 -1 0 0 -1 0 0 -1 0 0 -1 0 0 -1 0 0 -1 0 0 -1 0 0 -1 0 0 -1 0 0 -1 0 0 -1 0 0 -1 0 0 -1 0 0 -1 0 0 -1 0 0 -1 0 0 -1 0 0 -1 0 0 -1 0 0 -1 0 0 -1 0 0 -1 0 0 -1 0 0 -1 0 0 -1 0 0 -1 0 0 -1 0 0 -1 0 0 -1 0 0 -1 0 0 -1 0 0 -1 0 0 -1 0 0 -1 0 0 -1 0 0 -1 0 0 -1 0 0 -1 0 0 -1 0 0 -1 0 0 -1 0 0 -1 0 0 -1 0 0 -1 0 0 -1 0 0 -1 0 0 -1 0 0 -1 0 0 -1 0 0 -1 0 0 -1 0 0 -1 0 0 -1 0 0 -1 -0 0 -1 0 0 -1 0 0 -1 0 0 -1 0 0 -1 0 0 -1 0 0 -1 0 0 -1 0 0 -1 0 0 -1 0 0 -1 0 0 -1 0 0 -1 0 0 -1 -0 0 -1 0 0 -1 0 0 -1 0 0 -1 -0 0 -1 0 0 -1 0 0 -1 0 0 -1 -0 0 -1 0 0 -1 0 0 -1 -0 0 -1 0 0 -1 -0 0 -1 0 0 -1 0 0 -1 -0 0 -1 0 0 -1 0 0 -1 0 0 -1 -0 0 -1 0 0 -1 0 0 -1 0 0 -1 -0 0 -1 0 0 -1 0 0 -1 0 0 -1 0 0 -1 -0 0 -1 0 0 -1 0 0 -1 0 0 -1 0 0 -1 -0 0 -1 0 0 -1 0 0 -1 0 0 -1 -0 0 -1 0 0 -1 0 0 -1 0 0 -1 -0 0 -1 -0 0 -1 0 0 -1 0 0 -1 0 0 -1 -0 0 -1 0 0 -1 0 0 -1 -0 0 -1 0 0 -1 0 0 -1 -0 0 -1 0 0 -1 0 0 -1 0 0 -1 0 0 -1 0 0 -1 0 0 -1 0 0 -1 0 0 -1 0 0 -1 0 0 -1 0 0 -1 0 0 -1 0 0 -1 0 0 -1 0 0 -1 0 0 -1 0 0 -1 0 0 -1 0 0 -1 0 0 -1 0 0 -1 0 0 -1 0 0 -1 0 0 -1 0 0 -1 0 0 -1 0 0 -1 0 0 -1 0 0 -1 0 0 -1 0 0 -1 0 0 -1 0 0 -1 0 0 -1 0 0 -1 0 0 -1 0 0 -1 0 0 -1 0 0 -1 0 0 -1 0 0 -1 0 0 -1 0 0 -1 0 0 -1 0 0 -1 0 0 -1 0 0 -1 0 0 -1 0 0 -1 0 0 -1 0 0 -1 0 0 -1 0 0 -1 0 0 -1 0 0 -1 0 0 -1 0 0 -1 0 0 -1 0 0 -1 0 0 -1 0 0 -1 0 0 -1 0 0 -1 0 0 -1 0 0 -1 0 0 -1 0 0 -1 0 0 -1 0 0 -1 0 0 -1 0 0 -1 0 0 -1 0 0 -1 -0 0 -1 0 0 -1 0 0 -1 0 0 -1 0 0 -1 0 0 -1 -0 0 -1 0 0 -1 0 0 -1 0 0 -1 -0 0 -1 0 0 -1 0 0 -1 -0 0 -1 0 0 -1 0 0 -1 0 0 -1 0 0 -1 -0 0 -1 0 0 -1 0 0 -1 0 0 -1 -0 0 -1 0 0 -1 0 0 -1 0 0 -1 -0 0 -1 0 0.1602251 -0.9511101 0.2640409 0.1857192 -0.95111 0.2467753 0.1602256 -0.9511102 0.2640401 0.2093673 -0.9511102 0.2270564 0.2093668 -0.95111 0.2270575 0.2544279 -0.9511946 0.174629 0.2512 -0.950711 0.181789 0.2628173 -0.9511946 0.1617279 -0.1136349 -0.9511947 0.2869073 0.185719 -0.9511101 0.2467754 0.191652 -0.9511947 0.2418638 0.2034706 -0.9511947 0.2320094 0.1841602 -0.9519479 0.2447041 0.2502065 -0.9511101 0.18107 0.2309339 -0.9511101 0.2050833 0.2309343 -0.9511102 0.2050821 0.2680527 -0.9507109 0.1558733 0.270552 -0.9511947 0.148426 0.2776139 -0.9511946 0.1347564 0.2093671 -0.9511099 0.2270578 0.2147801 -0.9511948 0.2215808 0.2255595 -0.9511948 0.2105978 0.2093673 -0.9511101 0.2270572 0.2076104 -0.9519478 0.2251518 0.2502068 -0.95111 0.1810698 0.2839841 -0.9511945 0.1207563 0.2896529 -0.9511945 0.1064436 0.2822397 -0.950711 0.1284104 0.2309345 -0.95111 0.2050831 0.2357759 -0.9511947 0.1990938 0.2454077 -0.9511947 0.1870928 0.2502067 -0.9511101 0.1810697 0.2289961 -0.9519479 0.2033618 0.2309346 -0.9511101 0.2050824 0.2669924 -0.9511101 0.1552572 -0.1136349 -0.9511946 0.2869075 0.2669924 -0.9511101 0.1552567 0.2945965 -0.9511945 0.09187935 0.2936229 -0.950711 0.09967039 0.298811 -0.9511945 0.07707745 0.2502069 -0.9511101 0.1810696 0.2669924 -0.95111 0.1552572 0.2544287 -0.9511946 0.1746277 0.2628161 -0.9511946 0.1617297 0.248107 -0.9519479 0.17955 0.2811234 -0.9511101 0.1279033 0.2811234 -0.9511102 0.1279025 0.3020884 -0.9507108 0.06993922 0.3022816 -0.9511947 0.06208412 0.3049996 -0.9511947 0.04694514 0.264751 -0.9519477 0.1539558 0.2705504 -0.9511947 0.1484293 0.2776133 -0.9511947 0.1347574 0.2669907 -0.9511103 0.1552582 0.2924621 -0.95111 0.09927636 0.2924619 -0.9511101 0.09927469 0.3069607 -0.9511948 0.0316782 0.308158 -0.9511948 0.01634188 0.3075506 -0.950711 0.03951439 0.2787648 -0.951948 0.1268276 0.2839853 -0.9511948 0.1207509 0.2896512 -0.9511948 0.1064454 0.2811239 -0.9511099 0.1279035 0.2811237 -0.9511103 0.1279008 0.3008934 -0.95111 0.06966346 0.3008932 -0.9511101 0.06966252 0.3099564 -0.950711 0.008694084 0.3085898 -0.9511947 0.0009588904 0.3082542 -0.9511947 -0.01441829 0.2924616 -0.9511102 0.0992746 0.292462 -0.9511099 0.09927689 0.2945974 -0.9511946 0.09187662 0.2988105 -0.9511946 0.07707915 0.2900073 -0.9519478 0.09844363 0.3063342 -0.9511101 0.03935691 0.3063345 -0.9511099 0.03935814 0.3092823 -0.9507109 -0.02220812 0.3071514 -0.9511948 -0.02977209 0.3052858 -0.9511948 -0.04504457 0.2983678 -0.951948 0.06907778 0.3022813 -0.9511946 0.06208613 0.3049999 -0.9511947 0.04694376 0.3008927 -0.9511103 0.06966235 0.3063341 -0.9511101 0.03935691 0.3008929 -0.9511101 0.06966336 0.308731 -0.9511099 0.008661139 0.3087304 -0.9511101 0.008659697 0.3026625 -0.9511946 -0.06020125 0.2992841 -0.9511946 -0.07521803 0.3055331 -0.9507112 -0.0528942 0.3063336 -0.9511102 0.0393576 0.3069615 -0.9511945 0.03167911 0.308159 -0.9511946 0.0163409 0.3037629 -0.951948 0.03902731 0.3087301 -0.9511102 0.008661113 0.3080587 -0.9511101 -0.02212181 0.3080594 -0.9511098 -0.0221203 0.2951623 -0.9511948 -0.09004267 0.2903078 -0.9511948 -0.1046414 0.2987486 -0.950711 -0.08305299 0.3085899 -0.9511947 0.0009620292 0.3082541 -0.9511947 -0.01442228 0.3087305 -0.9511101 0.008660519 0.3061402 -0.9519477 0.008587856 0.3043253 -0.9511101 -0.05268511 0.3043259 -0.9511099 -0.0526842 0.2889946 -0.9507111 -0.1123863 0.2847334 -0.9511944 -0.118979 0.2784459 -0.9511945 -0.1330301 0.3054734 -0.9519479 -0.02193568 0.3071525 -0.9511945 -0.02977129 0.3052868 -0.9511945 -0.04504418 0.3080586 -0.9511101 -0.02212132 0.304325 -0.9511102 -0.05268404 0.3080583 -0.9511102 -0.02212179 0.2975675 -0.9511101 -0.08272369 0.2975668 -0.9511102 -0.08272445 0.2763691 -0.950711 -0.1406014 0.2714704 -0.9511946 -0.14674 0.2638185 -0.9511946 -0.1600892 0.302662 -0.9511946 -0.06020297 0.2992842 -0.9511947 -0.07521757 0.2975675 -0.9511101 -0.08272369 0.3017719 -0.9519476 -0.05224298 0.3043253 -0.9511101 -0.05268503 0.2878515 -0.9511102 -0.1119418 0.2878514 -0.9511102 -0.1119418 0.2752758 -0.9511101 -0.1400451 0.2609966 -0.9507109 -0.1674205 0.2555096 -0.9511947 -0.1730421 0.246568 -0.9511946 -0.1855611 0.2951633 -0.9511948 -0.09003943 0.2950702 -0.9519478 -0.08203044 0.290308 -0.9511948 -0.104641 0.2975677 -0.9511099 -0.08272475 0.2752758 -0.95111 -0.140046 0.2430301 -0.9507109 -0.1925752 0.2370093 -0.9511948 -0.1976237 0.2268658 -0.9511946 -0.2091902 0.284731 -0.9511944 -0.1189844 0.2784474 -0.9511945 -0.1330267 0.2854362 -0.951948 -0.1110009 0.2878527 -0.9511099 -0.1119407 0.2878514 -0.9511102 -0.1119418 0.2599642 -0.9511101 -0.1667582 0.2599641 -0.9511101 -0.1667582 0.2420687 -0.9511101 -0.1918134 0.2226471 -0.950711 -0.2158168 0.2161572 -0.9511945 -0.2202383 0.2049103 -0.9511946 -0.2307394 0.2752753 -0.9511102 -0.1400464 0.2714698 -0.9511949 -0.1467393 0.2638169 -0.9511948 -0.1600904 0.2729654 -0.9519478 -0.1388712 0.2752758 -0.95111 -0.140046 0.2420688 -0.9511101 -0.1918129 0.1931515 -0.9511948 -0.2406677 0.1809184 -0.9511948 -0.2499941 0.2000535 -0.950711 -0.2369122 0.242069 -0.95111 -0.191813 0.2599642 -0.9511101 -0.1667582 0.2555094 -0.9511947 -0.1730424 0.2465667 -0.9511947 -0.1855628 0.2599641 -0.95111 -0.1667582 0.257782 -0.951948 -0.1653584 0.2217665 -0.9511101 -0.2149629 0.2217663 -0.9511102 -0.214963 0.1992619 -0.9511102 -0.2359748 0.1682308 -0.9511946 -0.2587029 0.1551251 -0.9511946 -0.2667677 0.1754695 -0.950711 -0.2556544 0.240037 -0.9519478 -0.1902041 0.2370115 -0.9511947 -0.1976213 0.226866 -0.9511948 -0.2091899 0.2420688 -0.9511099 -0.191814 0.1992613 -0.9511099 -0.2359762 0.1491433 -0.9507111 -0.2718543 0.1416394 -0.9511946 -0.2741662 0.1277924 -0.9511946 -0.2808877 0.2199055 -0.951948 -0.2131586 0.2161558 -0.9511948 -0.2202388 0.2049091 -0.9511948 -0.2307396 0.1992613 -0.9511099 -0.2359762 0.2217672 -0.95111 -0.2149633 0.2217669 -0.9511099 -0.2149634 0.1747761 -0.9511101 -0.2546431 0.1747755 -0.9511101 -0.2546432 0.1213336 -0.9507111 -0.2853536 0.1136349 -0.9511946 -0.2869073 0.09919247 -0.9511947 -0.2922148 0.1992618 -0.9511102 -0.2359749 0.1931532 -0.9511945 -0.2406673 0.1809179 -0.9511945 -0.2499952 0.1747758 -0.9511102 -0.2546426 0.1975897 -0.9519479 -0.2339948 0.1208538 -0.9511101 -0.2842253 0.1485536 -0.9511101 -0.2707794 0.1485537 -0.9511101 -0.2707794 0.09231879 -0.950711 -0.2960167 0.08450273 -0.9511946 -0.2967962 0.06960405 -0.9511946 -0.3006393 0.1747759 -0.9511102 -0.2546423 0.1682316 -0.9511946 -0.2587023 0.1551264 -0.9511946 -0.2667669 0.1733095 -0.9519477 -0.2525058 0.1208537 -0.9511101 -0.2842254 0.06238632 -0.9507111 -0.3037377 0.05453168 -0.9511947 -0.3037351 0.03932442 -0.9511947 -0.3060756 0.1485536 -0.9511101 -0.2707794 0.1416366 -0.9511947 -0.2741674 0.127795 -0.9511947 -0.2808864 0.1485527 -0.9511102 -0.2707794 0.1473062 -0.9519478 -0.2685074 0.09195364 -0.9511101 -0.2948458 0.09195408 -0.9511101 -0.2948459 0.06213956 -0.9511101 -0.3025363 0.0318338 -0.950711 -0.3084401 0.02401897 -0.9511946 -0.3076555 0.008653206 -0.9511946 -0.3084702 0.120854 -0.9511101 -0.2842251 0.09195399 -0.9511101 -0.2948456 0.1136345 -0.9511947 -0.2869074 0.09919218 -0.9511947 -0.2922149 0.1198397 -0.9519479 -0.2818397 0.1208535 -0.9511102 -0.2842251 0.06213956 -0.9511101 -0.3025363 -0.006733287 -0.9511947 -0.3085181 -0.02210322 -0.9511946 -0.3077989 0.0009651255 -0.950711 -0.310077 0.09195378 -0.9511101 -0.2948459 0.084503 -0.9511947 -0.2967961 0.06960393 -0.9511947 -0.3006393 0.09118206 -0.9519479 -0.2923714 0.03170807 -0.9511101 -0.3072201 0.03170788 -0.9511101 -0.30722 -0.03741902 -0.9511946 -0.3063144 -0.05264044 -0.9511946 -0.3040686 -0.02991361 -0.950711 -0.3086322 0.06161819 -0.9519479 -0.2999974 0.05453183 -0.9511946 -0.3037351 0.03932391 -0.9511947 -0.3060758 0.06213968 -0.9511101 -0.3025364 0.06213956 -0.9511101 -0.3025363 0.0009613084 -0.9511101 -0.3088506 0.0009610967 -0.9511101 -0.3088505 -0.06773079 -0.9511946 -0.3010671 -0.08265479 -0.9511946 -0.2973164 -0.06049481 -0.950711 -0.3041201 0.03144174 -0.9519479 -0.3046419 0.0009610971 -0.9511101 -0.3088506 0.03170783 -0.9511101 -0.3072201 0.02401875 -0.9511946 -0.3076553 0.008653349 -0.9511947 -0.3084701 0.03170808 -0.9511101 -0.3072202 -0.06025553 -0.9511101 -0.3029172 -0.02979512 -0.9511101 -0.3074116 -0.02979529 -0.9511101 -0.3074115 -0.09737082 -0.9511945 -0.2928273 -0.1118468 -0.9511946 -0.2876095 -0.09047481 -0.9507109 -0.2965856 0.0009530804 -0.9519478 -0.3062586 0.0009611468 -0.9511101 -0.3088506 -0.006733244 -0.9511946 -0.308518 -0.02210337 -0.9511947 -0.3077989 -0.06025554 -0.9511101 -0.3029172 -0.1260438 -0.9511946 -0.2816767 -0.139929 -0.9511946 -0.2750431 -0.119555 -0.9507109 -0.2861038 -0.0297953 -0.9511102 -0.3074115 -0.02979513 -0.9511101 -0.3074116 -0.02954525 -0.9519479 -0.3048317 -0.03741809 -0.9511947 -0.3063144 -0.05264069 -0.9511947 -0.3040684 -0.0901169 -0.9511101 -0.2954124 -0.09011692 -0.9511102 -0.2954124 -0.119082 -0.9511101 -0.2849719 -0.1534628 -0.9511946 -0.2677275 -0.1666183 -0.9511946 -0.2597445 -0.1474485 -0.950711 -0.2727775 -0.06025555 -0.9511101 -0.3029172 -0.06025537 -0.9511101 -0.3029174 -0.05974969 -0.9519478 -0.3003752 -0.06773101 -0.9511947 -0.3010667 -0.08265436 -0.9511948 -0.2973162 -0.1190828 -0.9511101 -0.2849719 -0.1793563 -0.9511945 -0.2511182 -0.1916535 -0.9511945 -0.2418635 -0.1738753 -0.950711 -0.2567413 -0.1190827 -0.9511102 -0.2849717 -0.09011693 -0.9511101 -0.2954125 -0.09011693 -0.9511101 -0.2954124 -0.08936064 -0.9519479 -0.2929333 -0.09737155 -0.9511948 -0.2928267 -0.1118467 -0.9511947 -0.2876091 -0.1468652 -0.9511101 -0.2716984 -0.1731874 -0.9511102 -0.2557255 -0.1468645 -0.95111 -0.2716993 -0.2034691 -0.9511945 -0.2320114 -0.2147816 -0.9511945 -0.2215803 -0.1985745 -0.9507109 -0.2381532 -0.1190824 -0.9511101 -0.2849717 -0.1180831 -0.9519479 -0.2825803 -0.1260439 -0.9511947 -0.2816766 -0.1399269 -0.9511946 -0.2750441 -0.1731876 -0.9511102 -0.2557255 -0.2255601 -0.9511948 -0.210597 -0.2357753 -0.9511948 -0.1990942 -0.2212992 -0.9507109 -0.2171989 -0.1468651 -0.9511102 -0.2716985 -0.1468646 -0.95111 -0.2716994 -0.1456326 -0.9519479 -0.2694184 -0.1534633 -0.9511947 -0.2677267 -0.1666173 -0.9511948 -0.2597445 -0.1977889 -0.9511101 -0.237211 -0.1977889 -0.9511102 -0.2372109 -0.2204237 -0.9511102 -0.2163396 -0.2454066 -0.9511947 -0.1870943 -0.2544279 -0.9511947 -0.1746285 -0.241826 -0.9507111 -0.1940842 -0.1731877 -0.9511102 -0.2557255 -0.1731873 -0.9511101 -0.2557262 -0.1793576 -0.9511948 -0.2511165 -0.1916522 -0.9511947 -0.2418638 -0.1717336 -0.9519479 -0.2535798 -0.220425 -0.95111 -0.2163391 -0.2628168 -0.9511947 -0.1617281 -0.2705522 -0.9511946 -0.1484257 -0.2599493 -0.950711 -0.1690414 -0.1977888 -0.9511101 -0.237211 -0.1977889 -0.9511102 -0.2372109 -0.2034704 -0.9511946 -0.2320102 -0.2147806 -0.9511945 -0.2215812 -0.1961291 -0.9519478 -0.2352205 -0.2408703 -0.9511098 -0.1933171 -0.2408704 -0.95111 -0.1933164 -0.2776137 -0.9511947 -0.1347562 -0.2839833 -0.9511948 -0.1207559 -0.2754888 -0.9507111 -0.142318 -0.2204253 -0.9511101 -0.216338 -0.2255595 -0.9511948 -0.2105976 -0.2357759 -0.9511948 -0.1990933 -0.220425 -0.9511101 -0.2163391 -0.2185753 -0.951948 -0.2145224 -0.2589208 -0.9511099 -0.1683745 -0.2589211 -0.9511101 -0.1683727 -0.2896521 -0.9511948 -0.1064433 -0.2945959 -0.9511948 -0.09187915 -0.2882901 -0.9507108 -0.1141827 -0.24087 -0.9511101 -0.1933161 -0.2408698 -0.95111 -0.1933171 -0.2388479 -0.951948 -0.1916943 -0.2454075 -0.9511946 -0.187093 -0.2544284 -0.9511947 -0.1746277 -0.2743992 -0.9511101 -0.1417555 -0.2743993 -0.9511102 -0.1417551 -0.2988108 -0.9511946 -0.07707742 -0.302282 -0.9511946 -0.0620842 -0.2982264 -0.9507109 -0.08491053 -0.2589209 -0.9511099 -0.1683745 -0.2567483 -0.9519478 -0.1669599 -0.262816 -0.9511946 -0.1617294 -0.2589211 -0.9511102 -0.1683728 -0.2705503 -0.9511948 -0.1484291 -0.2871494 -0.9511102 -0.1137308 -0.2871494 -0.9511102 -0.1137309 -0.3051981 -0.9507111 -0.05479497 -0.3049998 -0.9511946 -0.04694517 -0.3069612 -0.9511946 -0.03167826 -0.2720954 -0.9519479 -0.1405671 -0.2743991 -0.9511099 -0.1417573 -0.274399 -0.9511102 -0.1417554 -0.2776131 -0.9511947 -0.1347574 -0.2839855 -0.9511947 -0.1207511 -0.2970467 -0.9511102 -0.08457387 -0.2970468 -0.9511101 -0.08457467 -0.3081583 -0.9511947 -0.01634189 -0.3085898 -0.9511947 -0.0009588905 -0.3091374 -0.9507111 -0.02413378 -0.2871494 -0.9511102 -0.1137308 -0.2871494 -0.9511101 -0.1137307 -0.28474 -0.9519478 -0.1127764 -0.2896514 -0.9511946 -0.1064468 -0.2945977 -0.9511946 -0.09187535 -0.3039914 -0.9511101 -0.05457831 -0.3039915 -0.9511101 -0.0545787 -0.3079151 -0.9511101 -0.02403836 -0.308255 -0.9511945 0.01441833 -0.3100043 -0.9507111 0.006766098 -0.3071525 -0.9511945 0.02977219 -0.297047 -0.95111 -0.08457397 -0.2970469 -0.9511101 -0.08457328 -0.2945544 -0.9519478 -0.08386364 -0.2988102 -0.9511948 -0.07707774 -0.3022809 -0.9511948 -0.06208741 -0.307915 -0.9511101 -0.02403867 -0.3077905 -0.950711 0.03759779 -0.3052858 -0.9511948 0.04504457 -0.3026619 -0.9511948 0.06020112 -0.3069613 -0.9511946 -0.0316818 -0.3039915 -0.9511101 -0.05457908 -0.3039913 -0.9511101 -0.05457866 -0.3014402 -0.9519479 -0.05412102 -0.3050006 -0.9511946 -0.04694251 -0.3087781 -0.9511103 0.006739335 -0.3087783 -0.9511101 0.006738687 -0.3025174 -0.9507108 0.06805898 -0.2992843 -0.9511946 0.07521807 -0.295163 -0.9511946 0.09004287 -0.3081588 -0.9511946 -0.01634089 -0.3085903 -0.9511946 -0.0009606716 -0.3053313 -0.9519478 -0.02383716 -0.3079149 -0.9511101 -0.02403867 -0.307915 -0.9511101 -0.02403888 -0.3065738 -0.9511099 0.03744916 -0.3065726 -0.9511102 0.03745109 -0.2942377 -0.9507111 0.09784032 -0.290308 -0.9511947 0.1046415 -0.2847325 -0.9511948 0.1189786 -0.3082542 -0.9511947 0.01442364 -0.3071522 -0.9511947 0.0297699 -0.3061871 -0.9519479 0.006683245 -0.308779 -0.9511099 0.006738702 -0.3087784 -0.9511101 0.006739805 -0.3013216 -0.9511099 0.06778748 -0.30132 -0.9511102 0.06778958 -0.278445 -0.9511948 0.1330297 -0.27147 -0.9511948 0.1467398 -0.2830343 -0.9507108 0.1266509 -0.3052865 -0.9511947 0.04504279 -0.3026615 -0.9511946 0.06020565 -0.3040005 -0.9519478 0.03713518 -0.3065725 -0.9511102 0.03745108 -0.3065736 -0.9511099 0.03744951 -0.293074 -0.9511102 0.09745336 -0.2819144 -0.9511101 0.1261498 -0.2930732 -0.9511103 0.0974541 -0.2638183 -0.9511947 0.160089 -0.2555094 -0.9511947 0.1730419 -0.2690172 -0.950711 0.1542019 -0.2992847 -0.9511948 0.07521489 -0.2951628 -0.9511947 0.09004188 -0.2987925 -0.9519477 0.06722 -0.3013216 -0.9511099 0.06778747 -0.3013205 -0.9511102 0.06778874 -0.2819144 -0.9511101 0.1261497 -0.2465679 -0.9511946 0.1855615 -0.2370096 -0.9511946 0.197624 -0.2523262 -0.950711 0.1802222 -0.2930744 -0.95111 0.09745347 -0.2906149 -0.9519477 0.09663562 -0.2903086 -0.9511946 0.1046413 -0.2847313 -0.9511946 0.1189831 -0.2930736 -0.9511101 0.09745423 -0.2679524 -0.9511102 0.1535937 -0.2679541 -0.9511099 0.1535925 -0.2268665 -0.9511947 0.2091894 -0.2161569 -0.9511948 0.2202381 -0.2331283 -0.9507111 0.2044496 -0.2784467 -0.9511947 0.1330262 -0.2714701 -0.9511948 0.1467396 -0.2819139 -0.9511101 0.126151 -0.2795483 -0.9519477 0.1250925 -0.2819151 -0.9511099 0.12615 -0.2513293 -0.9511098 0.1795092 -0.2513285 -0.95111 0.1795096 -0.211613 -0.9507109 0.2266464 -0.2049102 -0.9511946 0.2307393 -0.1931515 -0.9511946 0.2406686 -0.2638173 -0.9511947 0.1600904 -0.255509 -0.9511947 0.1730424 -0.2679537 -0.9511099 0.1535928 -0.2679523 -0.9511102 0.1535936 -0.265704 -0.9519481 0.1523033 -0.2322069 -0.9511099 0.2036416 -0.2322062 -0.95111 0.2036419 -0.1809186 -0.9511947 0.2499944 -0.1682302 -0.9511946 0.2587031 -0.187995 -0.9507111 0.2465895 -0.2492194 -0.9519479 0.1780029 -0.2465669 -0.9511946 0.185563 -0.2370118 -0.9511945 0.1976215 -0.2513289 -0.9511101 0.1795089 -0.2513284 -0.9511101 0.1795092 -0.2107761 -0.9511101 0.22575 -0.1872516 -0.9511101 0.2456144 -0.2107771 -0.9511099 0.2257496 -0.1625082 -0.950711 0.2640827 -0.1354066 -0.9507109 0.2789514 -0.1551254 -0.9511948 0.266767 -0.1416391 -0.9511948 0.2741657 -0.2268659 -0.9511947 0.20919 -0.2161559 -0.9511948 0.2202391 -0.2322066 -0.9511101 0.2036412 -0.2302578 -0.9519479 0.2019321 -0.2322058 -0.9511101 0.2036415 -0.1872516 -0.9511101 0.2456145 -0.2049094 -0.9511946 0.2307401 -0.1931538 -0.9511946 0.2406667 -0.2090074 -0.9519479 0.2238553 -0.2107769 -0.9511101 0.2257494 -0.2107761 -0.9511102 0.2257496 -0.1618655 -0.9511101 0.2630384 -0.1618655 -0.9511101 0.2630383 -0.1348709 -0.9511101 0.2778479 -0.1348713 -0.9511102 0.2778475 -0.1809177 -0.9511947 0.2499951 -0.1682308 -0.9511947 0.2587028 -0.1856802 -0.9519478 0.2435533 -0.1872516 -0.9511101 0.2456145 -0.1872516 -0.9511101 0.2456144 -0.1551268 -0.9511946 0.2667668 -0.141637 -0.9511946 0.2741674 -0.1618653 -0.9511102 0.2630381 -0.1618659 -0.9511101 0.2630381 -0.1605076 -0.9519478 0.2608308 -0.1348712 -0.9511101 0.2778475 -0.1348713 -0.9511102 0.2778475 -0.1337395 -0.9519478 0.275516 -0.1277924 -0.9511947 0.2808876 -0.1277943 -0.9511946 0.2808869 -0.09919254 -0.9511946 0.292215 -0.08450276 -0.9511946 0.2967963 -0.1069594 -0.9507109 0.291047 -0.07744873 -0.950711 0.3002506 -0.06960408 -0.9511946 0.3006394 -0.0545317 -0.9511946 0.3037352 -0.1065363 -0.9511102 0.2898957 -0.1065363 -0.9511101 0.2898957 -0.04716909 -0.950711 0.3064698 -0.03932369 -0.9511947 0.3060756 -0.02401895 -0.9511947 0.3076552 -0.07714231 -0.9511101 0.2990628 -0.07714238 -0.9511101 0.2990629 -0.01642011 -0.950711 0.3096433 -0.008653198 -0.9511948 0.30847 0.006732555 -0.9511947 0.3085178 -0.09919222 -0.9511948 0.2922148 -0.08450337 -0.9511948 0.2967959 -0.1065358 -0.9511101 0.2898959 -0.1065364 -0.95111 0.289896 -0.1056418 -0.9519479 0.2874632 -0.04698255 -0.95111 0.3052578 -0.04698196 -0.9511101 0.3052576 0.01449286 -0.950711 0.3097396 0.02210394 -0.9511946 0.3077989 0.0374176 -0.9511946 0.3063146 -0.06960315 -0.9511945 0.3006398 -0.05453271 -0.9511945 0.3037352 -0.07649564 -0.9519479 0.2965529 -0.07714226 -0.9511102 0.2990626 -0.07714309 -0.95111 0.2990628 -0.01635546 -0.9511101 0.3084188 -0.01635518 -0.9511101 0.3084188 0.05264046 -0.9511946 0.3040687 0.06773216 -0.9511946 0.3010667 0.04526031 -0.950711 0.3067577 -0.03932341 -0.9511947 0.3060758 -0.0240196 -0.9511946 0.3076552 -0.04698197 -0.9511101 0.3052577 -0.04658746 -0.9519479 0.3026959 -0.04698171 -0.9511102 0.3052576 0.01443486 -0.9511101 0.3085146 0.01443553 -0.9511102 0.3085143 0.08265406 -0.9511947 0.2973163 0.09737071 -0.9511946 0.292827 0.07557841 -0.950711 0.3007267 -0.008652786 -0.9511947 0.3084702 -0.0162179 -0.951948 0.3058302 0.00673285 -0.9511948 0.3085181 -0.01635546 -0.9511101 0.3084188 -0.01635516 -0.9511101 0.3084186 0.04508126 -0.9511101 0.3055442 0.04508162 -0.9511101 0.3055439 0.105146 -0.950711 0.2917071 0.1118461 -0.9511945 0.2876097 0.1260438 -0.9511946 0.2816768 0.02210364 -0.9511948 0.3077987 0.03741831 -0.9511947 0.3063143 0.04508169 -0.95111 0.3055444 0.01431408 -0.9519479 0.3059253 0.01443487 -0.95111 0.3085148 0.01443524 -0.9511101 0.3085146 0.07527963 -0.9511101 0.2995372 0.07527948 -0.9511101 0.2995373 0.1399299 -0.9511948 0.275042 0.1534614 -0.9511948 0.2677276 0.1336676 -0.9507108 0.2797887 0.05264017 -0.9511947 0.3040683 0.06773145 -0.9511948 0.3010664 0.04470318 -0.9519479 0.3029798 0.04508156 -0.9511101 0.3055443 0.1047301 -0.9511101 0.2905533 0.1047301 -0.9511101 0.2905533 0.1608627 -0.9507109 0.2650886 0.1666183 -0.9511946 0.2597445 0.1793567 -0.9511946 0.2511177 0.08265442 -0.9511946 0.2973162 0.09737155 -0.9511946 0.2928267 0.10473 -0.9511101 0.2905532 0.07527942 -0.95111 0.2995375 0.07527965 -0.9511101 0.2995373 0.07464758 -0.9519479 0.2970234 0.1331394 -0.9511101 0.2786818 0.1602266 -0.9511099 0.2640403 0.133139 -0.9511101 0.2786823 0.1864559 -0.9507108 0.247756 0.1916531 -0.9511947 0.241863 0.2034691 -0.9511947 0.2320106 0.1047296 -0.9511102 0.2905532 0.111847 -0.9511946 0.2876093 0.1260438 -0.9511946 0.2816768 0.1331392 -0.9511102 0.2786815 0.1038508 -0.9519478 0.2881151 0.185718 -0.9511102 0.2467755 0.1602248 -0.9511102 0.2640405 0.2101991 -0.950711 0.2279584 0.2147812 -0.9511945 0.2215806 0.2255607 -0.9511946 0.2105975 0.1399271 -0.9511947 0.275044 0.153463 -0.9511947 0.2677272 0.1320221 -0.9519477 0.2763432 0.1331392 -0.9511102 0.2786815 0.1857191 -0.9511101 0.2467752 0.2357758 -0.9511947 0.199094 0.2454065 -0.9511947 0.1870943 0.2318508 -0.9507111 0.2058976 0.166618 -0.9511948 0.2597442 0.1793572 -0.9511948 0.2511167 0.158881 -0.9519479 0.2618243 -0.01526515 -0.8388839 0.5440962 0.01187398 -0.8388841 0.5441806 -0.02891804 -0.837711 0.5453475 -0.1360444 -0.838652 0.5274038 -0.1360427 -0.8386523 0.5274037 -0.2004316 -0.8388839 0.5060643 0.03899015 -0.8388844 0.5429115 0.06599887 -0.8388844 0.5402936 0.02552288 -0.8377109 0.5455173 -0.0828544 -0.8386521 0.5383287 -0.08285371 -0.8386522 0.5383286 -0.1749611 -0.8388839 0.5154244 -0.1490505 -0.8388839 0.5235052 -0.1867299 -0.8408079 0.5081081 -0.18788 -0.8386519 0.5112377 -0.1878775 -0.8386525 0.5112377 0.07971348 -0.8377112 0.5402645 0.09285092 -0.8388843 0.5363318 0.119469 -0.8388843 0.531037 -0.02884146 -0.838652 0.5439034 -0.02884135 -0.8386521 0.5439034 -0.1227714 -0.8388839 0.5302838 -0.09618592 -0.8388841 0.5357443 -0.1352098 -0.8408079 0.5241759 -0.1360444 -0.8386519 0.527404 -0.1360424 -0.8386524 0.5274037 0.1331108 -0.8377112 0.5296428 0.1457875 -0.8388839 0.5244232 0.1717512 -0.8388839 0.5165029 0.02545633 -0.838652 0.5440724 0.0254553 -0.8386517 0.5440728 -0.06936131 -0.8388838 0.5398733 -0.04236596 -0.8388837 0.5426595 -0.2004354 -0.8388839 0.5060626 -0.0823476 -0.840808 0.5350335 -0.08285481 -0.8386518 0.538329 -0.08285374 -0.8386521 0.5383288 0.1851825 -0.8377112 0.5137582 0.1972785 -0.8388842 0.5073012 0.2223203 -0.8388842 0.4968371 0.07950172 -0.8386518 0.5388346 0.1327584 -0.8386519 0.5282407 0.07950244 -0.8386519 0.5388342 -0.01526298 -0.8388839 0.5440962 0.01187525 -0.8388841 0.5441806 -0.02866473 -0.840808 0.5405741 -0.02884135 -0.838652 0.5439034 -0.02884127 -0.838652 0.5439034 0.2468149 -0.8388844 0.4851345 0.2706853 -0.8388844 0.4722314 0.2354172 -0.8377109 0.4927669 0.1327576 -0.838652 0.5282406 0.03898812 -0.8388839 0.5429122 0.06599917 -0.838884 0.5402942 0.0252997 -0.8408082 0.5407416 0.02545555 -0.838652 0.5440724 0.02545632 -0.8386522 0.5440721 0.2833109 -0.8377112 0.4668778 0.293894 -0.8388849 0.4581468 0.3163539 -0.8388849 0.4429359 0.1846923 -0.8386518 0.5123983 0.1846935 -0.8386521 0.5123973 0.09284996 -0.8388844 0.536332 0.1194695 -0.8388843 0.5310369 0.07901587 -0.8408083 0.5355352 0.07950169 -0.8386519 0.5388344 0.07950258 -0.8386521 0.5388339 0.3283916 -0.837711 0.4363475 0.3380453 -0.8388839 0.4266138 0.3588855 -0.838884 0.409237 0.2347932 -0.8386518 0.4914624 0.2347937 -0.838652 0.4914619 0.1457897 -0.838884 0.5244225 0.1717477 -0.8388841 0.5165038 0.1327571 -0.8386519 0.528241 0.1327576 -0.838652 0.5282406 0.1319443 -0.8408081 0.5250071 0.3702053 -0.8377102 0.4014842 0.3788483 -0.8388838 0.3908298 0.3978575 -0.8388837 0.3714614 0.2825611 -0.838652 0.4656416 0.2825609 -0.8386519 0.4656419 0.1972796 -0.8388847 0.5072998 0.2223221 -0.8388848 0.4968351 0.1846937 -0.8386518 0.5123978 0.1835636 -0.8408085 0.5092598 0.2347932 -0.8386518 0.4914624 0.1846945 -0.838652 0.512397 0.4158717 -0.8388834 0.3511771 0.432864 -0.8388835 0.3300051 0.4083399 -0.837711 0.3626278 0.3275218 -0.8386523 0.4351918 0.3275208 -0.8386518 0.4351932 0.369224 -0.8386521 0.40042 0.2468167 -0.8388833 0.4851355 0.2706845 -0.8388831 0.4722339 0.2347913 -0.8386523 0.4914626 0.2333538 -0.8408085 0.4884537 0.4487758 -0.8388839 0.3080162 0.4635698 -0.8388839 0.2852664 0.4424166 -0.8377105 0.3201697 0.3692257 -0.8386518 0.4004192 0.2825622 -0.8386523 0.4656403 0.2938901 -0.8388839 0.458151 0.3163587 -0.8388839 0.4429345 0.2825612 -0.838652 0.4656416 0.2808327 -0.8408079 0.4627904 0.4772127 -0.8388841 0.2618046 0.4896666 -0.8388841 0.2376975 0.4720964 -0.8377108 0.2745278 0.4072565 -0.8386518 0.3616703 0.4072579 -0.8386525 0.3616669 0.3692254 -0.8386521 0.4004189 0.3275205 -0.8386521 0.4351928 0.3380483 -0.8388838 0.4266113 0.3588901 -0.8388839 0.4092332 0.3255146 -0.8408084 0.4325293 0.3275199 -0.8386519 0.4351938 0.4970858 -0.8377104 0.226157 0.5009074 -0.8388828 0.2129962 0.5109057 -0.8388829 0.1877525 0.4412447 -0.8386519 0.3193215 0.4708462 -0.8386518 0.2738009 0.4412456 -0.8386526 0.3193184 0.3788425 -0.8388837 0.3908357 0.3978559 -0.8388837 0.3714631 0.3669625 -0.8408078 0.3979707 0.3692214 -0.8386531 0.4004205 0.5171332 -0.8377101 0.1755417 0.5196281 -0.8388838 0.162051 0.5270603 -0.8388837 0.1359472 0.4708458 -0.838652 0.2738011 0.441247 -0.8386514 0.3193194 0.4158736 -0.8388845 0.3511723 0.4328606 -0.8388845 0.3300065 0.4072568 -0.8386515 0.3616706 0.4047678 -0.8408078 0.3594514 0.4072593 -0.8386531 0.361664 0.5331802 -0.8388841 0.1095094 0.5379738 -0.8388842 0.08281004 0.5320414 -0.837711 0.1231761 0.4957678 -0.838652 0.2255596 0.495768 -0.8386524 0.2255574 0.515762 -0.8386524 0.1750763 0.4487717 -0.8388852 0.3080188 0.4635693 -0.8388852 0.2852632 0.4708459 -0.8386519 0.2738012 0.4412453 -0.8386519 0.3193206 0.4385428 -0.840809 0.3173648 0.5416608 -0.8377109 0.06959898 0.5414329 -0.8388854 0.05587266 0.5435433 -0.8388854 0.02884081 0.5306329 -0.8386516 0.12285 0.5157639 -0.8386518 0.1750737 0.4708457 -0.838652 0.2738014 0.4772142 -0.838884 0.2618018 0.4896702 -0.8388839 0.2376905 0.4679624 -0.8408087 0.2721247 0.5443073 -0.8388842 0.001689509 0.5437152 -0.8388842 -0.02543794 0.5458993 -0.8377109 0.01531291 0.5402258 -0.8386523 0.0694146 0.5306316 -0.8386521 0.122852 0.500905 -0.8388844 0.2129958 0.510904 -0.8388844 0.1877504 0.4927334 -0.8408075 0.2241798 0.4957674 -0.838652 0.2255602 0.4957675 -0.8386523 0.2255594 0.5447112 -0.8377109 -0.03911696 0.5417699 -0.8388845 -0.05251781 0.5384793 -0.8388844 -0.07945479 0.5402274 -0.8386515 0.06941112 0.519625 -0.8388836 0.1620617 0.5270586 -0.8388838 0.1359533 0.5157618 -0.8386523 0.1750773 0.5157616 -0.8386533 0.1750729 0.5126061 -0.8408073 0.1740061 0.5338552 -0.838883 -0.1061785 0.5278919 -0.838883 -0.1326854 0.5381084 -0.8377115 -0.09316064 0.5444531 -0.8386521 0.01527234 0.5432684 -0.8386522 -0.03901334 0.5444539 -0.8386517 0.01527497 0.5331807 -0.8388842 0.1095073 0.5379748 -0.8388842 0.08280439 0.5273841 -0.8408084 0.1220954 0.5306318 -0.838652 0.122852 0.5306311 -0.8386532 0.1228471 0.5261601 -0.8377113 -0.1462712 0.5206252 -0.8388844 -0.1588159 0.5120644 -0.8388845 -0.1845612 0.5432681 -0.8386524 -0.03901193 0.5414352 -0.8388837 0.05587587 0.543547 -0.8388837 0.02882476 0.5402275 -0.8386515 0.06941113 0.5402269 -0.8386521 0.06940877 0.536919 -0.8408087 0.06898378 0.5089819 -0.8377103 -0.1979362 0.5022184 -0.8388845 -0.2098798 0.4911428 -0.8388844 -0.2346311 0.5366838 -0.8386524 -0.09291165 0.524766 -0.8386528 -0.1458836 0.5366827 -0.8386529 -0.09291382 0.5411214 -0.8408074 0.0151832 0.5444531 -0.8386521 0.01527494 0.5443098 -0.8388825 0.00169135 0.5437179 -0.8388826 -0.02543188 0.5444539 -0.8386517 0.0152767 0.4867456 -0.8377108 -0.2476274 0.4788336 -0.8388839 -0.2588283 0.4653313 -0.8388839 -0.2823838 0.5076327 -0.8386523 -0.1974115 0.5247661 -0.8386524 -0.145886 0.5366862 -0.8386508 -0.09291207 0.5432683 -0.8386521 -0.039017 0.5432705 -0.8386508 -0.03901211 0.539942 -0.8408085 -0.03877812 0.5417703 -0.8388845 -0.05251363 0.5384796 -0.8388844 -0.07945206 0.4596673 -0.8377112 -0.294866 0.4506877 -0.8388833 -0.3052138 0.4349065 -0.8388834 -0.3273087 0.5076327 -0.8386524 -0.1974114 0.4854559 -0.8386524 -0.2469712 0.5247677 -0.8386514 -0.1458864 0.5366859 -0.8386513 -0.09291018 0.533851 -0.8388848 -0.1061859 0.5278922 -0.8388848 -0.1326733 0.5333995 -0.840808 -0.09234123 0.4280282 -0.8377108 -0.3391643 0.4180576 -0.8388835 -0.3485717 0.4001593 -0.8388838 -0.3689806 0.4854555 -0.838652 -0.2469732 0.5247673 -0.8386523 -0.1458823 0.5215555 -0.8408079 -0.1449895 0.5206255 -0.8388828 -0.1588228 0.5120629 -0.8388828 -0.184573 0.3921286 -0.8377102 -0.380101 0.3812672 -0.8388833 -0.3884715 0.361424 -0.8388832 -0.4069983 0.4584492 -0.8386528 -0.2940846 0.4584524 -0.838652 -0.2940819 0.5076326 -0.8386523 -0.1974119 0.5045268 -0.8408071 -0.1962041 0.5022267 -0.8388842 -0.209861 0.4911364 -0.8388842 -0.234645 0.4854553 -0.8386522 -0.2469731 0.507633 -0.8386522 -0.1974115 0.3406958 -0.8388838 -0.4245 0.3191219 -0.8388841 -0.4409477 0.3523352 -0.8377109 -0.4172533 0.3910898 -0.8386516 -0.379094 0.4268905 -0.8386527 -0.3382695 0.4268951 -0.8386515 -0.3382664 0.4788339 -0.838884 -0.2588277 0.4824838 -0.8408076 -0.2454627 0.4653372 -0.8388841 -0.2823738 0.4854552 -0.8386518 -0.2469744 0.4584527 -0.8386518 -0.2940821 0.3090421 -0.8377101 -0.4502607 0.2967207 -0.8388848 -0.4563214 0.2736311 -0.8388847 -0.47053 0.3910913 -0.8386523 -0.379091 0.4584523 -0.8386513 -0.2940842 0.4556441 -0.8408086 -0.2922828 0.4506807 -0.8388846 -0.3052203 0.4349091 -0.8388847 -0.327302 0.2626728 -0.8377106 -0.4787942 0.2498167 -0.8388846 -0.4835952 0.2254166 -0.8388845 -0.4954394 0.3514013 -0.8386527 -0.4161474 0.3514035 -0.8386523 -0.4161465 0.3082224 -0.8386527 -0.4490664 0.4268956 -0.8386514 -0.3382662 0.4242808 -0.8408087 -0.3361942 0.4180505 -0.8388836 -0.34858 0.4001586 -0.8388836 -0.3689814 0.4268903 -0.8386529 -0.3382694 0.2136945 -0.8377108 -0.5025687 0.2004314 -0.8388841 -0.5060638 0.1749611 -0.8388841 -0.5154243 0.3082213 -0.8386524 -0.4490677 0.3910913 -0.8386523 -0.379091 0.3910897 -0.8386527 -0.3790917 0.3886965 -0.8408079 -0.3767719 0.3812691 -0.8388843 -0.3884676 0.3614311 -0.8388843 -0.4069899 0.1490501 -0.8388843 -0.5235047 0.1227725 -0.8388842 -0.530283 0.1625941 -0.837711 -0.5213476 0.2619772 -0.8386516 -0.4775263 0.2619741 -0.8386523 -0.4775269 0.351404 -0.8386518 -0.4161471 0.3492509 -0.8408084 -0.4136 0.3514022 -0.8386523 -0.4161477 0.3406917 -0.8388837 -0.4245035 0.3191141 -0.8388837 -0.4409538 0.1098753 -0.837711 -0.5349464 0.09618952 -0.8388838 -0.535744 0.0693581 -0.8388838 -0.5398735 0.2131309 -0.8386517 -0.5012369 0.2131283 -0.8386524 -0.5012372 0.2967341 -0.8388844 -0.4563133 0.2736176 -0.8388843 -0.4705385 0.3082204 -0.8386519 -0.4490693 0.3063331 -0.8408083 -0.4463196 0.3082221 -0.8386514 -0.4490689 0.0560666 -0.837711 -0.5432281 0.04236398 -0.8388842 -0.5426587 0.01526514 -0.8388843 -0.5440958 0.1621613 -0.8386522 -0.5199674 0.1621636 -0.8386518 -0.5199674 0.2131305 -0.8386524 -0.501236 0.2498307 -0.8388844 -0.4835883 0.2254069 -0.8388844 -0.4954441 0.2603741 -0.8408077 -0.4746026 0.2619739 -0.8386525 -0.4775266 0.2619779 -0.8386515 -0.4775261 -0.01187399 -0.838884 -0.5441808 -0.0389902 -0.838884 -0.542912 0.001699809 -0.8377111 -0.546111 0.1095851 -0.8386519 -0.5335299 0.1095843 -0.8386521 -0.5335298 0.2004355 -0.8388836 -0.506063 0.1749612 -0.8388838 -0.5154247 0.2118251 -0.8408077 -0.4981692 0.2131295 -0.8386521 -0.501237 -0.06599893 -0.838884 -0.5402941 -0.09285098 -0.8388841 -0.5363321 -0.05268467 -0.8377111 -0.5435664 0.05591813 -0.838652 -0.5417896 0.05591799 -0.838652 -0.5417896 0.1621613 -0.8386523 -0.5199673 0.1490505 -0.8388838 -0.5235053 0.1227714 -0.8388838 -0.5302839 0.1621623 -0.8386521 -0.5199674 0.1611697 -0.8408079 -0.5167846 -0.119469 -0.8388843 -0.531037 -0.1457873 -0.8388844 -0.5244227 -0.1065441 -0.8377111 -0.5356197 -0.05254517 -0.838652 -0.5421272 0.001695308 -0.838652 -0.5446649 0.00169513 -0.8386521 -0.5446649 0.1095851 -0.8386522 -0.5335293 0.09618597 -0.8388838 -0.5357447 0.06936254 -0.8388838 -0.5398729 0.109585 -0.8386523 -0.5335293 0.1089143 -0.8408079 -0.5302638 -0.1717509 -0.8388845 -0.516502 -0.1972783 -0.8388845 -0.5073007 -0.1593439 -0.8377112 -0.5223501 -0.05254485 -0.8386521 -0.5421271 0.055918 -0.838652 -0.5417896 0.05591714 -0.8386523 -0.5417894 0.04236591 -0.8388842 -0.5426588 0.01526298 -0.8388841 -0.5440961 0.05557486 -0.8408081 -0.5384731 -0.2223203 -0.8388841 -0.4968372 -0.2468151 -0.838884 -0.4851349 -0.210563 -0.8377112 -0.5038881 -0.1062624 -0.838652 -0.5342014 -0.106262 -0.8386518 -0.5342016 0.001695012 -0.838652 -0.5446649 0.001695131 -0.838652 -0.544665 0.001684636 -0.8408081 -0.5413308 -0.01187653 -0.838884 -0.5441806 -0.03898682 -0.8388841 -0.542912 -0.2706855 -0.8388841 -0.4722318 -0.2938947 -0.8388841 -0.4581479 -0.2596882 -0.8377112 -0.4804185 -0.1589225 -0.8386518 -0.5209671 -0.1589221 -0.8386518 -0.5209674 -0.05254465 -0.838652 -0.5421272 -0.05222296 -0.8408082 -0.5388082 -0.05254485 -0.8386521 -0.5421271 -0.06600168 -0.8388841 -0.5402938 -0.09285003 -0.8388841 -0.5363324 -0.3163552 -0.8388835 -0.4429378 -0.3380456 -0.8388836 -0.4266142 -0.3062333 -0.8377113 -0.4521737 -0.2100057 -0.8386516 -0.5025545 -0.210006 -0.8386517 -0.5025543 -0.106262 -0.838652 -0.5342014 -0.1062624 -0.8386521 -0.5342012 -0.1056115 -0.840808 -0.5309313 -0.119467 -0.8388842 -0.5310375 -0.1457907 -0.8388843 -0.5244218 -0.3588858 -0.8388837 -0.4092374 -0.3788485 -0.8388836 -0.3908299 -0.3497288 -0.8377107 -0.4194407 -0.2590004 -0.8386523 -0.4791462 -0.2589978 -0.8386516 -0.4791489 -0.3054224 -0.8386523 -0.4509763 -0.1589226 -0.8386518 -0.5209672 -0.1589234 -0.838652 -0.5209665 -0.1579505 -0.8408082 -0.5177771 -0.210006 -0.8386517 -0.5025543 -0.1717475 -0.8388845 -0.5165033 -0.1972808 -0.8388845 -0.5072997 -0.3978563 -0.8388848 -0.3714603 -0.4158699 -0.8388849 -0.3511756 -0.3897553 -0.8377113 -0.382532 -0.3054202 -0.8386527 -0.4509769 -0.2100038 -0.8386523 -0.5025544 -0.2087181 -0.8408085 -0.4994776 -0.2223225 -0.8388843 -0.4968359 -0.2468139 -0.8388842 -0.4851351 -0.4328632 -0.8388841 -0.3300045 -0.4487756 -0.8388841 -0.3080161 -0.4259084 -0.8377112 -0.3418218 -0.3488029 -0.8386515 -0.4183303 -0.3488062 -0.8386527 -0.4183251 -0.3887239 -0.8386515 -0.3815197 -0.2589979 -0.8386514 -0.4791491 -0.2590003 -0.8386523 -0.4791464 -0.257415 -0.840808 -0.4762136 -0.3054214 -0.8386514 -0.4509786 -0.2706856 -0.8388843 -0.4722314 -0.2938899 -0.8388843 -0.4581506 -0.4635685 -0.8388848 -0.2852656 -0.4772117 -0.8388848 -0.261804 -0.4578238 -0.8377115 -0.2977195 -0.424781 -0.8386518 -0.340917 -0.3887229 -0.8386518 -0.3815202 -0.3035504 -0.8408082 -0.4482174 -0.3163572 -0.8388846 -0.4429342 -0.3054205 -0.8386516 -0.4509788 -0.3380475 -0.8388847 -0.4266103 -0.4896665 -0.8388841 -0.2376975 -0.5009053 -0.8388843 -0.2129952 -0.4851933 -0.8377116 -0.2506525 -0.4247795 -0.8386521 -0.3409179 -0.3488071 -0.8386518 -0.4183262 -0.3588884 -0.8388848 -0.4092327 -0.3788419 -0.8388848 -0.3908338 -0.3488066 -0.8386515 -0.4183272 -0.3466705 -0.8408084 -0.4157653 -0.5109048 -0.8388834 -0.1877522 -0.5196288 -0.8388834 -0.1620512 -0.5077419 -0.8377103 -0.201096 -0.4566133 -0.8386521 -0.2969292 -0.4566125 -0.8386515 -0.2969319 -0.4247798 -0.8386518 -0.3409182 -0.3887228 -0.8386517 -0.3815204 -0.3978557 -0.8388839 -0.3714629 -0.4158738 -0.8388838 -0.3511736 -0.3863423 -0.8408086 -0.379184 -0.3887229 -0.8386518 -0.3815202 -0.5252389 -0.8377109 -0.1495477 -0.5270586 -0.8388848 -0.1359468 -0.5331793 -0.8388847 -0.1095092 -0.483909 -0.8386523 -0.249989 -0.5063961 -0.8386521 -0.200563 -0.4839084 -0.8386515 -0.2499924 -0.4247788 -0.8386521 -0.3409188 -0.4566133 -0.838652 -0.2969292 -0.4328611 -0.8388842 -0.3300069 -0.4221785 -0.8408081 -0.3388319 -0.4487733 -0.8388842 -0.308019 -0.5375196 -0.8377114 -0.09649992 -0.5379753 -0.8388832 -0.08281028 -0.5414362 -0.8388832 -0.055873 -0.5063933 -0.8386531 -0.2005666 -0.4538187 -0.8408088 -0.2951088 -0.4566156 -0.8386515 -0.2969275 -0.4635694 -0.8388848 -0.285264 -0.4772134 -0.8388848 -0.2618006 -0.5444566 -0.8377112 -0.04250976 -0.5435469 -0.8388832 -0.028841 -0.5443087 -0.8388833 -0.001689513 -0.536096 -0.8386525 -0.09624435 -0.523847 -0.8386531 -0.1491486 -0.5238472 -0.8386526 -0.1491514 -0.4839076 -0.8386514 -0.2499944 -0.4839079 -0.838652 -0.2499921 -0.5063946 -0.8386521 -0.2005671 -0.4896719 -0.8388827 -0.2376913 -0.5009072 -0.8388828 -0.2129967 -0.480945 -0.8408077 -0.2484638 -0.5459849 -0.8377102 0.01191997 -0.5437173 -0.8388828 0.02543804 -0.5417727 -0.8388828 0.05251808 -0.5360951 -0.8386529 -0.09624619 -0.5430135 -0.838653 -0.04239709 -0.5032954 -0.8408082 -0.1993373 -0.5063962 -0.8386515 -0.2005654 -0.5109052 -0.8388835 -0.1877509 -0.5196254 -0.8388834 -0.1620618 -0.5420852 -0.8377106 0.06621538 -0.538479 -0.8388845 0.07945475 -0.5338528 -0.8388847 0.106178 -0.5430164 -0.8386514 -0.04238985 -0.5238499 -0.8386511 -0.1491494 -0.5238498 -0.8386515 -0.149148 -0.5206415 -0.8408085 -0.1482345 -0.5270574 -0.8388847 -0.135953 -0.53318 -0.8388845 -0.1095072 -0.5278894 -0.8388848 0.1326847 -0.5206248 -0.8388846 0.1588157 -0.5327981 -0.8377104 0.1198642 -0.544537 -0.8386525 0.01188836 -0.5445389 -0.8386515 0.0118829 -0.5414334 -0.8388848 -0.05587568 -0.5360977 -0.8386511 -0.09624801 -0.5328145 -0.840808 -0.09565856 -0.5360974 -0.8386514 -0.09624661 -0.5379736 -0.8388849 -0.0828042 -0.5120663 -0.8388832 0.1845618 -0.5022202 -0.8388832 0.2098806 -0.5182142 -0.8377112 0.1723192 -0.5406487 -0.8386523 0.06603992 -0.5406483 -0.8386525 0.06604077 -0.5435475 -0.8388833 -0.02882478 -0.5443087 -0.8388833 -0.001691347 -0.5396915 -0.8408076 -0.04213711 -0.5430139 -0.8386531 -0.04238966 -0.543016 -0.8386514 -0.04239668 -0.491144 -0.8388835 0.2346317 -0.478834 -0.8388836 0.2588286 -0.498482 -0.8377112 0.2230595 -0.5313855 -0.8386526 0.1195464 -0.5313859 -0.8386524 0.1195455 -0.5437152 -0.8388844 0.02543175 -0.5417705 -0.8388844 0.05251364 -0.5412059 -0.8408071 0.01181242 -0.5445374 -0.8386524 0.01188286 -0.5445364 -0.838653 0.01188511 -0.4653309 -0.8388842 0.2823836 -0.4506865 -0.8388842 0.305213 -0.4737965 -0.8377104 0.2715846 -0.5168407 -0.8386531 0.1718625 -0.5168421 -0.8386526 0.1718606 -0.538482 -0.8388828 0.0794524 -0.5338538 -0.8388829 0.1061865 -0.53734 -0.8408076 0.06563726 -0.5406485 -0.8386524 0.06604079 -0.5406482 -0.8386526 0.06604136 -0.4349053 -0.8388844 0.3273078 -0.4180565 -0.8388844 0.3485708 -0.4444026 -0.8377107 0.3174067 -0.497161 -0.838653 0.2224684 -0.4971607 -0.838653 0.2224687 -0.5313846 -0.8386523 0.1195513 -0.5278924 -0.8388847 0.1326733 -0.520623 -0.8388846 0.1588221 -0.5313882 -0.8386509 0.119546 -0.5281316 -0.8408085 0.1188194 -0.4001601 -0.838883 0.3689814 -0.3812675 -0.838883 0.3884718 -0.4105863 -0.8377103 0.3600837 -0.4725388 -0.8386528 0.2708663 -0.4725406 -0.8386523 0.2708647 -0.51368 -0.8408077 0.1708076 -0.4971631 -0.8386513 0.2224697 -0.5120621 -0.8388834 0.1845727 -0.5022278 -0.8388834 0.2098615 -0.516845 -0.838651 0.17186 -0.516844 -0.8386513 0.1718612 -0.3726994 -0.8377105 0.3991695 -0.3614224 -0.8388848 0.4069965 -0.340695 -0.8388847 0.424499 -0.4432222 -0.8386523 0.3165698 -0.4432265 -0.8386512 0.3165667 -0.4971632 -0.8386516 0.2224687 -0.4911374 -0.8388835 0.2346455 -0.4788346 -0.8388835 0.2588281 -0.4941186 -0.8408084 0.2211064 -0.3310974 -0.8377113 0.4342974 -0.3191226 -0.8388833 0.4409486 -0.296722 -0.8388833 0.4563233 -0.4095019 -0.8386514 0.3591268 -0.4094979 -0.8386523 0.3591292 -0.4653371 -0.8388841 0.2823738 -0.4506815 -0.8388841 0.3052208 -0.4725394 -0.8386523 0.2708667 -0.4696489 -0.8408079 0.2692065 -0.4432222 -0.8386523 0.3165699 -0.4725418 -0.8386517 0.2708647 -0.2862123 -0.8377115 0.4651042 -0.2384787 -0.8377114 0.4912918 -0.2736319 -0.8388836 0.4705314 -0.2498172 -0.8388837 0.4835963 -0.3717128 -0.8386512 0.3981128 -0.3717083 -0.8386521 0.3981149 -0.434909 -0.8388843 0.3273029 -0.4180497 -0.8388844 0.3485793 -0.4405102 -0.840808 0.314631 -0.4432226 -0.8386526 0.3165683 -0.3302206 -0.8386524 0.4331473 -0.3302252 -0.8386514 0.4331456 -0.4001589 -0.8388844 0.3689793 -0.3812689 -0.8388845 0.3884673 -0.409501 -0.8386522 0.359126 -0.4094996 -0.8386526 0.3591267 -0.4069935 -0.8408079 0.3569289 -0.2854549 -0.8386518 0.4638735 -0.2378475 -0.8386518 0.4899915 -0.2854527 -0.8386523 0.463874 -0.2378489 -0.8386521 0.4899902 -0.3614306 -0.8388847 0.4069894 -0.34069 -0.8388847 0.4245031 -0.3302243 -0.8386524 0.4331444 -0.3717081 -0.8386524 0.3981146 -0.3694331 -0.8408087 0.3956766 -0.371709 -0.8386521 0.3981142 -0.3191136 -0.8388842 0.440953 -0.2967333 -0.8388843 0.456314 -0.328201 -0.8408079 0.4304952 -0.3302227 -0.8386517 0.433147 -0.2736189 -0.8388839 0.4705385 -0.249831 -0.8388839 0.4835889 -0.2837057 -0.8408082 0.4610344 -0.285453 -0.8386518 0.4638746 -0.2378491 -0.8386518 0.4899907 -0.237849 -0.8386518 0.4899907 -0.2854534 -0.8386517 0.4638745 -0.2363925 -0.8408086 0.4869902 -0.225417 -0.8388838 0.4954403 -0.2254071 -0.8388839 0.4954447 -0.1749611 -0.8388839 0.5154244 -0.1490503 -0.8388839 0.5235053 -0.1883772 -0.837711 0.5125957 -0.1364041 -0.837711 0.5288046 -0.1227726 -0.838884 0.5302835 -0.09618946 -0.8388841 0.5357436 -0.08307448 -0.8377107 0.5397586 -0.06935802 -0.8388841 0.5398729 -0.042364 -0.8388841 0.542659 -0.1878784 -0.838652 0.5112384 -0.1878778 -0.8386521 0.5112383 0.3682303 0 -0.9297345 0.3682303 0 -0.9297345 0.3214363 0 -0.9469312 0.2738333 0 -0.9617772 0.3214363 0 -0.9469312 0.2738333 0 -0.9617772 0.2255563 0 -0.9742302 0.1767181 0 -0.9842615 0.2255563 0 -0.9742302 0.1767181 0 -0.9842615 0.1274237 0 -0.9918484 0.1274237 0 -0.9918484 0.07783064 0 -0.9969667 0.07783064 0 -0.9969667 0.02804494 0 -0.9996067 0.02804494 0 -0.9996067 -0.02181474 0 -0.9997621 -0.02181474 -0 -0.9997621 -0.0716323 0 -0.9974311 -0.0716323 -0 -0.9974311 -0.1212524 -0 -0.9926218 -0.1212524 0 -0.9926218 -0.1705847 -0 -0.985343 -0.1705847 0 -0.985343 -0.2194872 -0 -0.9756154 -0.2194872 0 -0.9756154 -0.2678389 0 -0.9634637 -0.2678389 -0 -0.9634637 -0.3155391 0 -0.9489126 -0.3155391 -0 -0.9489126 -0.3624378 0 -0.932008 -0.3624378 -0 -0.932008 -0.4084442 0 -0.9127833 -0.4084442 -0 -0.9127833 -0.4534457 0 -0.891284 -0.4534457 -0 -0.891284 -0.4973002 0 -0.8675785 -0.4973002 -0 -0.8675785 -0.5399398 0 -0.8417037 -0.5399398 -0 -0.8417037 -0.581203 0 -0.8137586 -0.581203 -0 -0.8137586 -0.6210523 0 -0.7837692 -0.6593398 0 -0.751845 -0.6210523 -0 -0.7837692 -0.6593398 0 -0.751845 -0.6960151 0 -0.7180272 -0.6960151 -0 -0.7180272 -0.7309382 0 -0.6824436 -0.7309382 -0 -0.6824436 -0.764033 0 -0.6451771 -0.7952511 0 -0.6062803 -0.764033 -0 -0.6451771 -0.8244852 0 -0.5658835 -0.7952511 0 -0.6062803 -0.8244852 0 -0.5658835 -0.8516643 0 -0.5240877 -0.8767294 0 -0.4809842 -0.8516643 -0 -0.5240877 -0.8767294 0 -0.4809842 -0.8996096 0 -0.436695 -0.8996096 -0 -0.436695 -0.9202579 0 -0.3913126 -0.9386263 0 -0.3449354 -0.9202579 -0 -0.3913126 -0.9386263 0 -0.3449354 -0.9546539 0 -0.297718 -0.9546539 -0 -0.297718 -0.9683077 0 -0.2497603 -0.9683077 -0 -0.2497603 -0.9795523 0 -0.2011894 -0.9795523 -0 -0.2011894 -0.9883593 0 -0.1521377 -0.9883593 -0 -0.1521377 -0.9947177 -0 -0.1026489 -0.9947177 0 -0.1026489 -0.9985954 0 -0.0529862 -0.9985954 0 -0.0529862 -0.9999952 0 -0.003103946 -0.9999952 0 -0.003103946 -0.9989074 0 0.0467343 -0.9989074 0 0.0467343 -0.9953345 0 0.09648523 -0.9953345 0 0.09648523 -0.9892884 0 0.1459735 -0.9892884 0 0.1459735 -0.9807894 0 0.1950693 -0.9807894 0 0.1950693 -0.9698337 0 0.2437672 -0.9698337 0 0.2437672 -0.9564871 0 0.2917748 -0.9564871 0 0.2917748 -0.9407597 0 0.3390739 -0.9407597 0 0.3390739 -0.9226707 0 0.3855891 -0.9226707 0 0.3855891 -0.9023224 0 0.4310617 -0.9023224 0 0.4310617 -0.879707 0 0.4755161 -0.879707 0 0.4755161 -0.8549006 0 0.5187919 -0.8549006 0 0.5187919 -0.8279961 0 0.5607338 -0.8279961 0 0.5607338 -0.7990034 0 0.6013264 -0.7990034 0 0.6013264 -0.7680492 0 0.6403908 -0.7680492 0 0.6403908 -0.7351671 0 0.677886 -0.7351671 0 0.677886 -0.700458 0 0.7136936 -0.700458 0 0.7136936 -0.6640022 0 0.7477307 -0.6640022 0 0.7477307 -0.6259218 0 0.7798858 -0.6259218 0 0.7798858 -0.5862867 0 0.8101035 -0.5862867 0 0.8101035 -0.5451328 0 0.8383497 -0.5027125 0 0.8644536 -0.5451328 0 0.8383497 -0.4589608 0 0.8884565 -0.5027125 0 0.8644536 -0.4589608 0 0.8884565 -0.4141331 0 0.9102163 -0.4141331 0 0.9102163 -0.3682303 0 0.9297345 -0.3682303 0 0.9297345 -0.3214363 0 0.9469312 -0.3214363 0 0.9469312 -0.2738333 0 0.9617772 -0.2738333 0 0.9617772 -0.2255563 0 0.9742302 -0.2255563 0 0.9742302 -0.1767181 0 0.9842615 -0.1767181 0 0.9842615 -0.1274237 0 0.9918484 -0.1274237 0 0.9918484 -0.07783064 0 0.9969667 -0.07783064 0 0.9969667 -0.02804494 0 0.9996067 -0.02804494 0 0.9996067 0.02181474 0 0.9997621 0.02181474 0 0.9997621 0.0716323 -0 0.9974311 0.0716323 0 0.9974311 0.1212524 0 0.9926218 0.1212524 0 0.9926218 0.1705847 -0 0.985343 0.1705847 0 0.985343 0.2194872 0 0.9756154 0.2194872 0 0.9756154 0.2678389 -0 0.9634637 0.2678389 0 0.9634637 0.3155391 0 0.9489126 0.3155391 0 0.9489126 0.3624378 0 0.932008 0.3624378 0 0.932008 0.4084442 0 0.9127833 0.4084442 0 0.9127833 0.4534457 -0 0.891284 0.4534457 0 0.891284 0.4973002 -0 0.8675785 0.5399398 -0 0.8417037 0.4973002 0 0.8675785 0.5399398 0 0.8417037 0.581203 0 0.8137586 0.6210523 -0 0.7837692 0.581203 0 0.8137586 0.6210523 0 0.7837692 0.6593398 0 0.751845 0.6593398 0 0.751845 0.6960151 0 0.7180272 0.6960151 0 0.7180272 0.7309382 0 0.6824436 0.7309382 0 0.6824436 0.764033 0 0.6451771 0.764033 0 0.6451771 0.7952511 -0 0.6062803 0.7952511 0 0.6062803 0.8244852 -0 0.5658835 0.8244852 0 0.5658835 0.8516643 -0 0.5240877 0.8516643 0 0.5240877 0.8767294 0 0.4809842 0.8767294 0 0.4809842 0.8996096 -0 0.436695 0.8996096 0 0.436695 0.9202579 -0 0.3913126 0.9202579 0 0.3913126 0.9386263 0 0.3449354 0.9386263 0 0.3449354 0.9546539 0 0.297718 0.9546539 0 0.297718 0.9683077 0 0.2497603 0.9683077 0 0.2497603 0.9795523 -0 0.2011894 0.9795523 0 0.2011894 0.9883593 0 0.1521377 0.9883593 0 0.1521377 0.9947177 0 0.1026489 0.9947177 0 0.1026489 0.9985954 0 0.0529862 0.9985954 0 0.0529862 0.9999952 0 0.003103946 0.9999952 0 0.003103946 0.9989074 0 -0.0467343 0.9953345 0 -0.09648523 0.9989074 0 -0.0467343 0.9953345 0 -0.09648523 0.9892884 0 -0.1459735 0.9892884 0 -0.1459735 0.9807894 0 -0.1950693 0.9807894 0 -0.1950693 0.9698337 0 -0.2437672 0.9698337 0 -0.2437672 0.9564871 0 -0.2917748 0.9564871 0 -0.2917748 0.9407597 0 -0.3390739 0.9226707 0 -0.3855891 0.9407597 0 -0.3390739 0.9226707 0 -0.3855891 0.9023224 0 -0.4310617 0.9023224 0 -0.4310617 0.879707 0 -0.4755161 0.879707 0 -0.4755161 0.8549006 0 -0.5187919 0.8549006 0 -0.5187919 0.8279961 0 -0.5607338 0.8279961 0 -0.5607338 0.7990034 0 -0.6013264 0.7990034 0 -0.6013264 0.7680492 0 -0.6403908 0.7351671 0 -0.677886 0.7680492 0 -0.6403908 0.7351671 0 -0.677886 0.700458 0 -0.7136936 0.700458 0 -0.7136936 0.6640022 0 -0.7477307 0.6259218 0 -0.7798858 0.6640022 0 -0.7477307 0.6259218 0 -0.7798858 0.5862867 0 -0.8101035 0.5862867 0 -0.8101035 0.5451328 0 -0.8383497 0.5451328 0 -0.8383497 0.5027125 0 -0.8644536 0.5027125 0 -0.8644536 0.4589608 0 -0.8884565 0.4141331 0 -0.9102163 0.4589608 0 -0.8884565 0.4141331 0 -0.9102163 0.01526515 0.8388839 -0.5440962 -0.01187398 0.8388841 -0.5441806 0.02891804 0.837711 -0.5453475 0.1360444 0.838652 -0.5274038 0.1360427 0.8386523 -0.5274037 0.2004316 0.8388839 -0.5060642 -0.03899015 0.8388844 -0.5429114 -0.06599887 0.8388844 -0.5402936 -0.02552288 0.8377109 -0.5455173 0.08285441 0.8386521 -0.5383287 0.08285371 0.8386523 -0.5383286 0.1749611 0.8388839 -0.5154244 0.1490505 0.8388839 -0.5235052 0.1867299 0.8408079 -0.5081081 0.18788 0.8386519 -0.5112377 0.1878775 0.8386526 -0.5112377 -0.07971348 0.8377112 -0.5402645 -0.09285092 0.8388843 -0.5363318 -0.119469 0.8388843 -0.531037 0.02884146 0.838652 -0.5439034 0.02884135 0.8386521 -0.5439034 0.1227714 0.8388839 -0.5302838 0.09618592 0.8388841 -0.5357443 0.1352098 0.8408079 -0.5241759 0.1360444 0.8386519 -0.527404 0.1360424 0.8386524 -0.5274037 -0.1331108 0.8377112 -0.5296428 -0.1457874 0.8388839 -0.5244232 -0.1717512 0.8388839 -0.516503 -0.02545633 0.838652 -0.5440724 -0.0254553 0.8386517 -0.5440728 0.06936131 0.8388838 -0.5398733 0.04236596 0.8388837 -0.5426595 0.2004354 0.8388839 -0.5060626 0.08234761 0.840808 -0.5350335 0.08285481 0.8386518 -0.538329 0.08285374 0.8386521 -0.5383288 -0.1851825 0.8377112 -0.5137582 -0.1972785 0.8388842 -0.5073013 -0.2223202 0.8388842 -0.496837 -0.07950172 0.8386518 -0.5388346 -0.1327584 0.8386519 -0.5282407 -0.07950244 0.8386519 -0.5388342 0.01526298 0.8388839 -0.5440962 -0.01187525 0.8388841 -0.5441806 0.02866473 0.840808 -0.5405741 0.02884135 0.838652 -0.5439034 0.02884127 0.838652 -0.5439034 -0.2468148 0.8388844 -0.4851344 -0.2706853 0.8388844 -0.4722314 -0.2354171 0.8377109 -0.4927669 -0.1327576 0.838652 -0.5282406 -0.03898812 0.8388839 -0.5429123 -0.06599917 0.8388839 -0.5402942 -0.0252997 0.8408082 -0.5407416 -0.02545555 0.838652 -0.5440724 -0.02545632 0.8386522 -0.5440721 -0.2833109 0.8377112 -0.4668778 -0.293894 0.8388849 -0.4581468 -0.3163539 0.8388849 -0.4429359 -0.1846923 0.8386518 -0.5123983 -0.1846935 0.8386521 -0.5123973 -0.09284995 0.8388843 -0.536332 -0.1194695 0.8388844 -0.5310369 -0.07901587 0.8408083 -0.5355352 -0.07950169 0.8386519 -0.5388344 -0.07950258 0.8386521 -0.5388339 -0.3283916 0.837711 -0.4363475 -0.3380453 0.8388839 -0.4266138 -0.3588855 0.8388839 -0.409237 -0.2347932 0.8386518 -0.4914624 -0.2347937 0.8386519 -0.4914619 -0.1457897 0.838884 -0.5244225 -0.1717477 0.8388841 -0.5165038 -0.1327571 0.8386519 -0.528241 -0.1327576 0.8386521 -0.5282407 -0.1319443 0.8408081 -0.5250071 -0.3702054 0.8377102 -0.4014843 -0.3788483 0.8388838 -0.3908298 -0.3978575 0.8388837 -0.3714614 -0.2825611 0.838652 -0.4656416 -0.2825608 0.838652 -0.4656418 -0.1972796 0.8388847 -0.5072998 -0.2223221 0.8388848 -0.4968351 -0.1846937 0.8386518 -0.5123977 -0.1835636 0.8408085 -0.5092598 -0.2347932 0.8386518 -0.4914624 -0.1846945 0.838652 -0.512397 -0.4158716 0.8388835 -0.3511771 -0.4328639 0.8388835 -0.330005 -0.4083399 0.837711 -0.3626278 -0.3275219 0.8386523 -0.4351918 -0.3275208 0.8386518 -0.4351932 -0.369224 0.8386521 -0.40042 -0.2468166 0.8388833 -0.4851354 -0.2706845 0.8388832 -0.4722339 -0.2347913 0.8386523 -0.4914626 -0.2333538 0.8408085 -0.4884537 -0.4487759 0.8388839 -0.3080162 -0.4635698 0.8388838 -0.2852664 -0.4424166 0.8377105 -0.3201697 -0.3692257 0.8386518 -0.4004192 -0.2825622 0.8386523 -0.4656403 -0.2938901 0.8388839 -0.458151 -0.3163587 0.8388839 -0.4429345 -0.2825612 0.838652 -0.4656416 -0.2808327 0.840808 -0.4627904 -0.4772127 0.838884 -0.2618046 -0.4896666 0.8388841 -0.2376975 -0.4720964 0.8377108 -0.2745278 -0.4072564 0.8386518 -0.3616703 -0.4072579 0.8386525 -0.3616669 -0.3692254 0.8386521 -0.4004189 -0.3275205 0.8386521 -0.4351928 -0.3380483 0.8388838 -0.4266113 -0.3588901 0.8388839 -0.4092332 -0.3255146 0.8408084 -0.4325293 -0.3275199 0.8386519 -0.4351938 -0.4970858 0.8377104 -0.226157 -0.5009075 0.8388828 -0.2129962 -0.5109057 0.8388828 -0.1877525 -0.4412447 0.8386519 -0.3193215 -0.4708462 0.8386518 -0.2738009 -0.4412456 0.8386525 -0.3193185 -0.3788425 0.8388837 -0.3908357 -0.3978559 0.8388838 -0.3714631 -0.3669626 0.8408078 -0.3979708 -0.3692214 0.8386531 -0.4004205 -0.5171332 0.8377101 -0.1755417 -0.5196281 0.8388838 -0.162051 -0.5270603 0.8388836 -0.1359472 -0.4708458 0.838652 -0.2738011 -0.441247 0.8386514 -0.3193194 -0.4158736 0.8388845 -0.3511723 -0.4328607 0.8388846 -0.3300066 -0.4072568 0.8386515 -0.3616706 -0.4047677 0.8408078 -0.3594514 -0.4072593 0.8386531 -0.361664 -0.5331802 0.8388841 -0.1095094 -0.5379738 0.8388842 -0.08281004 -0.5320414 0.837711 -0.1231761 -0.4957678 0.838652 -0.2255596 -0.495768 0.8386524 -0.2255574 -0.515762 0.8386524 -0.1750763 -0.4487717 0.8388852 -0.3080188 -0.4635693 0.8388852 -0.2852632 -0.4708459 0.8386519 -0.2738012 -0.4412453 0.8386519 -0.3193206 -0.4385428 0.840809 -0.3173649 -0.5416608 0.8377109 -0.06959898 -0.5414329 0.8388854 -0.05587266 -0.5435433 0.8388854 -0.02884081 -0.5306329 0.8386517 -0.12285 -0.5157639 0.8386518 -0.1750737 -0.4708457 0.838652 -0.2738014 -0.4772142 0.838884 -0.2618018 -0.4896702 0.838884 -0.2376905 -0.4679624 0.8408087 -0.2721247 -0.5443073 0.8388842 -0.001689509 -0.5437152 0.8388842 0.02543794 -0.5458992 0.8377109 -0.0153129 -0.5402258 0.8386523 -0.0694146 -0.5306317 0.8386521 -0.122852 -0.500905 0.8388843 -0.2129958 -0.510904 0.8388843 -0.1877504 -0.4927334 0.8408075 -0.2241798 -0.4957674 0.838652 -0.2255602 -0.4957675 0.8386523 -0.2255594 -0.5447112 0.8377109 0.03911696 -0.5417699 0.8388845 0.05251781 -0.5384793 0.8388844 0.07945479 -0.5402274 0.8386515 -0.06941112 -0.519625 0.8388836 -0.1620617 -0.5270586 0.8388838 -0.1359533 -0.5157618 0.8386523 -0.1750773 -0.5157616 0.8386533 -0.1750729 -0.5126061 0.8408073 -0.1740061 -0.5338551 0.8388831 0.1061785 -0.5278919 0.8388831 0.1326853 -0.5381085 0.8377115 0.09316065 -0.5444531 0.8386521 -0.01527234 -0.5432684 0.8386522 0.03901334 -0.5444539 0.8386517 -0.01527497 -0.5331806 0.8388842 -0.1095073 -0.5379748 0.8388842 -0.08280437 -0.5273841 0.8408084 -0.1220954 -0.5306318 0.838652 -0.122852 -0.5306311 0.8386533 -0.1228471 -0.5261601 0.8377113 0.1462712 -0.5206252 0.8388844 0.1588158 -0.5120645 0.8388845 0.1845612 -0.543268 0.8386524 0.03901193 -0.5414352 0.8388836 -0.05587586 -0.543547 0.8388837 -0.02882476 -0.5402275 0.8386515 -0.06941113 -0.5402269 0.8386521 -0.06940877 -0.536919 0.8408087 -0.06898378 -0.5089819 0.8377103 0.1979362 -0.5022184 0.8388845 0.2098798 -0.4911427 0.8388844 0.234631 -0.5366838 0.8386524 0.09291165 -0.5247661 0.8386528 0.1458836 -0.5366827 0.8386529 0.09291382 -0.5411214 0.8408074 -0.0151832 -0.5444531 0.8386521 -0.01527494 -0.5443098 0.8388825 -0.00169135 -0.5437179 0.8388826 0.02543188 -0.5444538 0.8386517 -0.0152767 -0.4867456 0.8377108 0.2476274 -0.4788336 0.838884 0.2588283 -0.4653313 0.8388839 0.2823838 -0.5076327 0.8386523 0.1974115 -0.5247661 0.8386524 0.145886 -0.5366862 0.8386508 0.09291207 -0.5432683 0.8386521 0.039017 -0.5432705 0.8386508 0.03901211 -0.539942 0.8408085 0.03877812 -0.5417703 0.8388845 0.05251363 -0.5384796 0.8388844 0.07945206 -0.4596673 0.8377112 0.294866 -0.4506877 0.8388833 0.3052138 -0.4349065 0.8388833 0.3273087 -0.5076327 0.8386524 0.1974114 -0.4854559 0.8386524 0.2469712 -0.5247677 0.8386514 0.1458864 -0.5366859 0.8386513 0.09291018 -0.533851 0.8388848 0.1061859 -0.5278922 0.8388848 0.1326733 -0.5333995 0.840808 0.09234123 -0.4280282 0.8377108 0.3391643 -0.4180576 0.8388835 0.3485717 -0.4001593 0.8388836 0.3689806 -0.4854555 0.838652 0.2469732 -0.5247673 0.8386523 0.1458823 -0.5215555 0.8408079 0.1449895 -0.5206255 0.8388828 0.1588228 -0.5120629 0.8388828 0.184573 -0.3921286 0.8377102 0.380101 -0.3812672 0.8388833 0.3884715 -0.361424 0.8388832 0.4069984 -0.4584492 0.8386528 0.2940846 -0.4584524 0.838652 0.2940819 -0.5076326 0.8386523 0.1974119 -0.5045269 0.8408071 0.1962041 -0.5022267 0.8388842 0.209861 -0.4911364 0.8388842 0.234645 -0.4854553 0.8386521 0.2469731 -0.507633 0.8386522 0.1974115 -0.3406958 0.8388838 0.4245 -0.3191219 0.8388841 0.4409477 -0.3523352 0.8377109 0.4172533 -0.3910898 0.8386516 0.379094 -0.4268905 0.8386527 0.3382695 -0.4268951 0.8386515 0.3382664 -0.4788339 0.838884 0.2588277 -0.4824838 0.8408076 0.2454627 -0.4653372 0.8388841 0.2823738 -0.4854552 0.8386518 0.2469744 -0.4584527 0.8386518 0.2940821 -0.3090421 0.8377101 0.4502607 -0.2967207 0.8388848 0.4563214 -0.2736311 0.8388847 0.4705301 -0.3910913 0.8386523 0.379091 -0.4584523 0.8386513 0.2940842 -0.4556442 0.8408086 0.2922828 -0.4506807 0.8388847 0.3052203 -0.4349091 0.8388847 0.327302 -0.2626728 0.8377106 0.4787942 -0.2498167 0.8388846 0.4835952 -0.2254166 0.8388845 0.4954394 -0.3514013 0.8386527 0.4161474 -0.3514035 0.8386523 0.4161465 -0.3082223 0.8386527 0.4490664 -0.4268956 0.8386514 0.3382662 -0.4242808 0.8408087 0.3361942 -0.4180504 0.8388837 0.3485799 -0.4001586 0.8388836 0.3689814 -0.4268903 0.8386528 0.3382694 -0.2136945 0.8377108 0.5025687 -0.2004315 0.8388842 0.5060639 -0.1749611 0.8388841 0.5154242 -0.3082213 0.8386524 0.4490677 -0.3910913 0.8386523 0.379091 -0.3910897 0.8386527 0.3790917 -0.3886965 0.8408079 0.3767719 -0.3812691 0.8388842 0.3884676 -0.3614311 0.8388842 0.4069899 -0.1490501 0.8388843 0.5235047 -0.1227725 0.8388842 0.5302831 -0.1625941 0.837711 0.5213476 -0.2619772 0.8386517 0.4775262 -0.2619741 0.8386523 0.4775269 -0.351404 0.8386518 0.4161471 -0.3492509 0.8408085 0.4136001 -0.3514022 0.8386523 0.4161477 -0.3406917 0.8388838 0.4245035 -0.3191141 0.8388837 0.4409538 -0.1098753 0.837711 0.5349464 -0.09618952 0.8388838 0.535744 -0.0693581 0.8388838 0.5398735 -0.2131309 0.8386518 0.5012369 -0.2131283 0.8386524 0.5012372 -0.2967341 0.8388844 0.4563133 -0.2736176 0.8388844 0.4705385 -0.3082204 0.8386519 0.4490693 -0.3063331 0.8408083 0.4463196 -0.3082221 0.8386514 0.4490689 -0.0560666 0.837711 0.5432281 -0.04236398 0.8388842 0.5426588 -0.01526514 0.8388843 0.5440958 -0.1621613 0.8386522 0.5199674 -0.1621636 0.8386518 0.5199675 -0.2131305 0.8386524 0.501236 -0.2498307 0.8388843 0.4835883 -0.2254069 0.8388844 0.4954441 -0.2603741 0.8408077 0.4746026 -0.2619739 0.8386525 0.4775266 -0.2619779 0.8386515 0.4775261 0.01187399 0.838884 0.5441808 0.0389902 0.838884 0.542912 -0.001699809 0.8377111 0.546111 -0.1095851 0.8386519 0.5335299 -0.1095843 0.8386521 0.5335298 -0.2004355 0.8388836 0.506063 -0.1749612 0.8388838 0.5154247 -0.2118251 0.8408077 0.4981692 -0.2131295 0.8386521 0.501237 0.06599893 0.838884 0.5402941 0.09285098 0.8388841 0.5363321 0.05268468 0.8377111 0.5435665 -0.05591813 0.838652 0.5417896 -0.05591799 0.838652 0.5417896 -0.1621613 0.8386523 0.5199673 -0.1490505 0.8388838 0.5235053 -0.1227714 0.8388838 0.5302839 -0.1621623 0.8386521 0.5199674 -0.1611697 0.8408079 0.5167846 0.1194691 0.8388842 0.531037 0.1457873 0.8388844 0.5244227 0.1065441 0.8377111 0.5356197 0.05254517 0.838652 0.5421272 -0.001695308 0.838652 0.544665 -0.001695131 0.8386521 0.5446649 -0.1095851 0.8386522 0.5335294 -0.09618597 0.8388838 0.5357447 -0.06936255 0.8388838 0.5398729 -0.109585 0.8386522 0.5335293 -0.1089143 0.8408079 0.5302638 0.1717509 0.8388845 0.5165021 0.1972783 0.8388845 0.5073007 0.1593439 0.8377112 0.5223501 0.05254485 0.8386521 0.5421271 -0.055918 0.838652 0.5417896 -0.05591714 0.8386523 0.5417894 -0.04236591 0.8388842 0.5426588 -0.01526298 0.8388841 0.5440961 -0.05557486 0.8408081 0.5384731 0.2223203 0.8388841 0.4968372 0.2468151 0.838884 0.4851349 0.210563 0.8377112 0.5038881 0.1062624 0.838652 0.5342014 0.106262 0.8386519 0.5342016 -0.001695012 0.8386521 0.5446649 -0.001695131 0.838652 0.544665 -0.001684636 0.8408081 0.5413308 0.01187653 0.8388841 0.5441806 0.03898682 0.8388841 0.542912 0.2706855 0.8388841 0.4722318 0.2938947 0.8388841 0.4581479 0.2596882 0.8377112 0.4804185 0.1589225 0.8386518 0.5209671 0.1589221 0.8386518 0.5209674 0.05254465 0.838652 0.5421272 0.05222296 0.8408082 0.5388082 0.05254485 0.8386521 0.5421271 0.06600168 0.8388841 0.5402938 0.09285003 0.838884 0.5363324 0.3163552 0.8388835 0.4429378 0.3380455 0.8388836 0.4266141 0.3062333 0.8377113 0.4521737 0.2100057 0.8386516 0.5025545 0.210006 0.8386517 0.5025543 0.106262 0.838652 0.5342014 0.1062624 0.8386521 0.5342012 0.1056115 0.840808 0.5309313 0.119467 0.8388842 0.5310375 0.1457907 0.8388842 0.5244218 0.3588858 0.8388837 0.4092374 0.3788485 0.8388836 0.39083 0.3497288 0.8377107 0.4194407 0.2590004 0.8386523 0.4791462 0.2589978 0.8386516 0.4791489 0.3054224 0.8386523 0.4509763 0.1589226 0.8386518 0.5209672 0.1589234 0.838652 0.5209665 0.1579505 0.8408082 0.5177771 0.210006 0.8386517 0.5025543 0.1717475 0.8388844 0.5165033 0.1972808 0.8388845 0.5072997 0.3978562 0.8388848 0.3714602 0.41587 0.8388849 0.3511756 0.3897553 0.8377113 0.382532 0.3054202 0.8386527 0.4509769 0.2100038 0.8386523 0.5025544 0.2087181 0.8408085 0.4994777 0.2223225 0.8388842 0.4968359 0.2468139 0.8388842 0.4851351 0.4328631 0.8388841 0.3300045 0.4487756 0.8388841 0.3080161 0.4259084 0.8377111 0.3418218 0.3488029 0.8386515 0.4183303 0.3488062 0.8386527 0.4183251 0.3887239 0.8386515 0.3815197 0.2589979 0.8386514 0.479149 0.2590003 0.8386523 0.4791464 0.257415 0.840808 0.4762136 0.3054214 0.8386514 0.4509786 0.2706856 0.8388842 0.4722314 0.2938898 0.8388843 0.4581505 0.4635686 0.8388848 0.2852657 0.4772117 0.8388848 0.261804 0.4578238 0.8377115 0.2977195 0.424781 0.8386518 0.340917 0.3887229 0.8386518 0.3815202 0.3035504 0.8408082 0.4482174 0.3163572 0.8388847 0.4429342 0.3054205 0.8386516 0.4509788 0.3380475 0.8388847 0.4266103 0.4896665 0.8388841 0.2376975 0.5009053 0.8388843 0.2129953 0.4851933 0.8377116 0.2506525 0.4247795 0.8386521 0.3409179 0.3488071 0.8386518 0.4183262 0.3588884 0.8388848 0.4092327 0.3788419 0.8388848 0.3908338 0.3488066 0.8386515 0.4183272 0.3466705 0.8408084 0.4157653 0.5109048 0.8388834 0.1877522 0.5196289 0.8388833 0.1620512 0.5077419 0.8377103 0.201096 0.4566133 0.838652 0.2969292 0.4566126 0.8386515 0.2969319 0.4247798 0.8386518 0.3409182 0.3887228 0.8386517 0.3815204 0.3978557 0.8388839 0.3714629 0.4158738 0.8388839 0.3511736 0.3863423 0.8408086 0.379184 0.3887229 0.8386518 0.3815202 0.5252389 0.8377109 0.1495477 0.5270587 0.8388848 0.1359468 0.5331794 0.8388847 0.1095092 0.483909 0.8386523 0.249989 0.5063961 0.8386521 0.200563 0.4839084 0.8386515 0.2499924 0.4247788 0.8386521 0.3409188 0.4566133 0.838652 0.2969292 0.4328611 0.8388842 0.3300069 0.4221785 0.8408081 0.3388319 0.4487733 0.8388842 0.308019 0.5375196 0.8377114 0.09649992 0.5379753 0.8388832 0.08281028 0.5414363 0.8388832 0.055873 0.5063933 0.8386531 0.2005666 0.4538187 0.8408088 0.2951088 0.4566156 0.8386515 0.2969275 0.4635694 0.8388848 0.285264 0.4772134 0.8388849 0.2618006 0.5444566 0.8377112 0.04250976 0.5435469 0.8388832 0.028841 0.5443087 0.8388833 0.001689513 0.536096 0.8386525 0.09624435 0.523847 0.8386531 0.1491486 0.5238471 0.8386526 0.1491514 0.4839076 0.8386514 0.2499944 0.4839079 0.838652 0.2499921 0.5063946 0.8386521 0.2005671 0.4896719 0.8388828 0.2376913 0.5009072 0.8388828 0.2129967 0.480945 0.8408077 0.2484638 0.5459849 0.8377102 -0.01191997 0.5437173 0.8388829 -0.02543804 0.5417727 0.8388828 -0.05251808 0.5360951 0.8386529 0.09624619 0.5430135 0.838653 0.04239709 0.5032954 0.8408082 0.1993373 0.5063962 0.8386515 0.2005654 0.5109052 0.8388834 0.1877509 0.5196254 0.8388835 0.1620618 0.5420852 0.8377106 -0.06621538 0.5384791 0.8388845 -0.07945476 0.5338528 0.8388847 -0.106178 0.5430164 0.8386514 0.04238985 0.5238499 0.8386511 0.1491494 0.5238498 0.8386514 0.149148 0.5206415 0.8408085 0.1482345 0.5270573 0.8388847 0.135953 0.5331799 0.8388845 0.1095072 0.5278893 0.8388848 -0.1326847 0.5206248 0.8388846 -0.1588157 0.5327981 0.8377104 -0.1198642 0.544537 0.8386525 -0.01188836 0.5445389 0.8386515 -0.0118829 0.5414334 0.8388849 0.05587568 0.5360977 0.8386511 0.09624801 0.5328145 0.840808 0.09565856 0.5360974 0.8386514 0.09624661 0.5379736 0.8388849 0.08280421 0.5120663 0.8388832 -0.1845618 0.5022202 0.8388832 -0.2098806 0.5182143 0.8377112 -0.1723192 0.5406487 0.8386523 -0.06603992 0.5406483 0.8386525 -0.06604077 0.5435475 0.8388833 0.02882478 0.5443087 0.8388834 0.001691347 0.5396915 0.8408076 0.04213711 0.5430139 0.838653 0.04238966 0.543016 0.8386514 0.04239668 0.4911441 0.8388835 -0.2346317 0.478834 0.8388836 -0.2588286 0.498482 0.8377112 -0.2230595 0.5313855 0.8386526 -0.1195463 0.531386 0.8386524 -0.1195455 0.5437152 0.8388844 -0.02543176 0.5417705 0.8388844 -0.05251364 0.5412059 0.8408071 -0.01181242 0.5445374 0.8386524 -0.01188286 0.5445364 0.838653 -0.01188511 0.4653309 0.8388842 -0.2823836 0.4506865 0.8388842 -0.305213 0.4737965 0.8377104 -0.2715846 0.5168407 0.8386531 -0.1718625 0.5168421 0.8386526 -0.1718606 0.538482 0.8388828 -0.0794524 0.5338538 0.8388829 -0.1061865 0.53734 0.8408076 -0.06563726 0.5406485 0.8386524 -0.06604079 0.5406482 0.8386526 -0.06604136 0.4349052 0.8388844 -0.3273077 0.4180565 0.8388844 -0.3485708 0.4444026 0.8377107 -0.3174067 0.497161 0.838653 -0.2224684 0.4971607 0.838653 -0.2224687 0.5313846 0.8386523 -0.1195513 0.5278924 0.8388847 -0.1326733 0.520623 0.8388846 -0.1588221 0.5313882 0.8386509 -0.119546 0.5281316 0.8408085 -0.1188194 0.4001601 0.838883 -0.3689814 0.3812675 0.838883 -0.3884718 0.4105863 0.8377104 -0.3600837 0.4725388 0.8386528 -0.2708663 0.4725406 0.8386523 -0.2708647 0.51368 0.8408077 -0.1708075 0.4971631 0.8386513 -0.2224697 0.5120621 0.8388834 -0.1845727 0.5022278 0.8388835 -0.2098615 0.516845 0.838651 -0.17186 0.516844 0.8386513 -0.1718612 0.3726994 0.8377105 -0.3991695 0.3614224 0.8388848 -0.4069965 0.340695 0.8388847 -0.424499 0.4432222 0.8386523 -0.3165698 0.4432265 0.8386512 -0.3165667 0.4971632 0.8386516 -0.2224687 0.4911374 0.8388835 -0.2346455 0.4788346 0.8388835 -0.2588281 0.4941186 0.8408084 -0.2211064 0.3310974 0.8377113 -0.4342974 0.3191226 0.8388832 -0.4409486 0.296722 0.8388833 -0.4563234 0.409502 0.8386514 -0.3591268 0.4094979 0.8386523 -0.3591292 0.4653371 0.8388841 -0.2823738 0.4506814 0.8388841 -0.3052208 0.4725394 0.8386524 -0.2708667 0.469649 0.8408078 -0.2692065 0.4432222 0.8386523 -0.3165698 0.4725418 0.8386517 -0.2708647 0.2862123 0.8377115 -0.4651042 0.2384787 0.8377114 -0.4912918 0.2736318 0.8388837 -0.4705314 0.2498173 0.8388838 -0.4835964 0.3717128 0.8386512 -0.3981128 0.3717083 0.8386521 -0.3981149 0.434909 0.8388844 -0.3273029 0.4180497 0.8388843 -0.3485793 0.4405102 0.840808 -0.314631 0.4432226 0.8386526 -0.3165683 0.3302206 0.8386524 -0.4331473 0.3302252 0.8386514 -0.4331456 0.4001589 0.8388844 -0.3689793 0.3812689 0.8388845 -0.3884674 0.409501 0.8386522 -0.359126 0.4094996 0.8386526 -0.3591267 0.4069935 0.8408079 -0.3569289 0.2854549 0.8386518 -0.4638735 0.2378475 0.8386518 -0.4899915 0.2854527 0.8386523 -0.463874 0.2378489 0.8386522 -0.4899902 0.3614306 0.8388847 -0.4069894 0.34069 0.8388846 -0.4245031 0.3302243 0.8386524 -0.4331444 0.3717081 0.8386524 -0.3981146 0.3694331 0.8408087 -0.3956766 0.371709 0.8386521 -0.3981142 0.3191136 0.8388843 -0.4409531 0.2967333 0.8388843 -0.4563141 0.328201 0.8408079 -0.4304952 0.3302227 0.8386517 -0.433147 0.2736189 0.8388839 -0.4705386 0.2498311 0.8388839 -0.4835889 0.2837057 0.8408082 -0.4610344 0.285453 0.8386518 -0.4638746 0.2378491 0.8386518 -0.4899907 0.237849 0.8386518 -0.4899907 0.2854534 0.8386518 -0.4638745 0.2363925 0.8408086 -0.4869902 0.225417 0.8388838 -0.4954403 0.2254071 0.8388839 -0.4954447 0.1749611 0.8388839 -0.5154245 0.1490503 0.8388839 -0.5235053 0.1883772 0.837711 -0.5125957 0.1364041 0.8377109 -0.5288046 0.1227726 0.8388839 -0.5302836 0.09618946 0.838884 -0.5357436 0.08307448 0.8377107 -0.5397586 0.06935802 0.8388841 -0.5398729 0.042364 0.8388841 -0.542659 0.1878784 0.838652 -0.5112384 0.1878778 0.8386521 -0.5112383 -0.185263 0.959714 -0.2112506 -0.1697202 0.9593419 -0.2255175 -0.1212279 0.9596431 -0.2537498 -0.1212283 0.9596431 -0.2537494 -0.06798552 0.9603122 -0.2705152 -0.07525849 0.9597139 -0.270713 -0.08865828 0.9597139 -0.2666253 -0.06854449 0.9596431 -0.2727394 -0.06854492 0.9596432 -0.272739 0.103467 0.9597138 -0.2612353 -0.09535967 0.9596432 -0.264559 -0.1955629 0.9597137 -0.201754 -0.2053779 0.9597138 -0.1917536 -0.1913323 0.9593419 -0.207497 -0.1458908 0.959643 -0.2404185 -0.1458912 0.9596431 -0.240418 -0.1018396 0.9597139 -0.2618739 -0.114766 0.9597139 -0.2564723 -0.09536076 0.9596431 -0.2645591 -0.09458296 0.9603123 -0.2624013 -0.2146792 0.9597138 -0.1812796 -0.2234481 0.9597138 -0.1703535 -0.2110407 0.9593419 -0.1874164 -0.1691036 0.9596431 -0.2246982 -0.1906373 0.959643 -0.2067432 -0.1691041 0.9596431 -0.2246973 -0.1212283 0.9596431 -0.2537494 -0.1274056 0.9597139 -0.2504336 -0.1397319 0.9597139 -0.2437707 -0.1458907 0.9596431 -0.2404183 -0.1202393 0.9603121 -0.2516806 -0.1212279 0.959643 -0.2537499 -0.228653 0.9593419 -0.165472 0.103467 0.9597138 -0.2612353 -0.2316623 0.9597138 -0.1590037 -0.239301 0.9597137 -0.1472569 -0.190636 0.9596431 -0.2067436 -0.1517089 0.9597139 -0.236503 -0.1633089 0.9597138 -0.228647 -0.1458909 0.9596431 -0.2404183 -0.1447011 0.9603122 -0.2384576 -0.2463433 0.9597139 -0.135145 -0.2527732 0.9597139 -0.1226985 -0.243992 0.959342 -0.1418837 -0.2102733 0.9596432 -0.1867354 -0.2102734 0.9596432 -0.186735 -0.1745041 0.9597137 -0.2202221 -0.1852632 0.9597138 -0.2112511 -0.190636 0.9596432 -0.2067436 -0.169104 0.9596431 -0.2246972 -0.1691038 0.9596432 -0.2246977 -0.1677247 0.9603122 -0.2228652 -0.256906 0.9593421 -0.1168847 -0.2585733 0.9597139 -0.109951 -0.2637348 0.9597139 -0.09691906 -0.2278217 0.9596432 -0.1648704 -0.2278219 0.9596432 -0.1648698 -0.1906358 0.9596432 -0.2067436 -0.1890815 0.9603121 -0.205058 -0.1955636 0.9597138 -0.2017534 -0.2053763 0.9597138 -0.1917553 -0.2672674 0.9593421 -0.09072402 -0.2682361 0.9597139 -0.08365802 -0.2720734 0.9597139 -0.07018057 -0.2431052 0.9596432 -0.141368 -0.2431052 0.9596432 -0.1413678 -0.21468 0.9597138 -0.1812785 -0.2234483 0.9597138 -0.1703533 -0.2102739 0.9596432 -0.1867347 -0.2085593 0.9603121 -0.1852121 -0.2102736 0.9596431 -0.1867357 -0.2752334 0.959714 -0.05652882 -0.2777082 0.9597141 -0.04274449 -0.2749729 0.959342 -0.06366186 -0.2662967 0.9596432 -0.09039452 -0.255973 0.9596431 -0.1164601 -0.255973 0.9596432 -0.1164596 -0.227822 0.9596431 -0.16487 -0.2278219 0.9596431 -0.1648708 -0.2316633 0.9597138 -0.1590021 -0.2393002 0.9597137 -0.1472582 -0.2259639 0.9603122 -0.1635262 -0.2799457 0.9593419 -0.0359651 -0.2794949 0.9597139 -0.02884374 -0.280585 0.9597138 -0.01487966 -0.2662978 0.9596429 -0.09039333 -0.2739745 0.9596429 -0.06343072 -0.2411233 0.960312 -0.1402153 -0.2463429 0.9597137 -0.1351472 -0.2527732 0.9597137 -0.1227 -0.2431052 0.9596432 -0.1413677 -0.2431052 0.9596432 -0.1413679 -0.2821355 0.9593419 -0.007914545 -0.2809779 0.9597139 -0.0008730909 -0.2806723 0.9597138 0.01312817 -0.2739739 0.959643 -0.06343158 -0.2585745 0.9597138 -0.1099479 -0.2637335 0.9597139 -0.09692238 -0.2538862 0.9603121 -0.1155097 -0.2559732 0.9596431 -0.1164596 -0.2559732 0.9596432 -0.1164592 -0.2815219 0.9593418 0.02021485 -0.2796682 0.9597139 0.02710815 -0.2779695 0.9597139 0.04101409 -0.2789275 0.9596434 -0.03583429 -0.2789282 0.9596431 -0.03583664 -0.266297 0.9596432 -0.09039307 -0.2662971 0.9596431 -0.09039353 -0.2682374 0.9597139 -0.0836537 -0.2720732 0.9597139 -0.07018127 -0.2739735 0.9596431 -0.06343149 -0.264125 0.9603123 -0.08965623 -0.2781092 0.9593421 0.04814608 -0.2755807 0.9597138 0.05481452 -0.2725046 0.9597139 0.06848764 -0.2811095 0.9596433 -0.007885884 -0.2811094 0.9596434 -0.00788576 -0.2752338 0.9597138 -0.05653111 -0.2777093 0.9597138 -0.04274295 -0.2739739 0.9596431 -0.06343093 -0.2789282 0.9596431 -0.03583663 -0.2717394 0.9603122 -0.06291359 -0.2719335 0.9593421 0.07559828 -0.2687516 0.9597139 0.08198579 -0.2643316 0.9597139 0.09527826 -0.2804977 0.9596433 0.02014432 -0.2804992 0.9596429 0.02014141 -0.2770995 0.959643 0.04797129 -0.2766535 0.9603121 -0.0355445 -0.2789281 0.9596431 -0.03583675 -0.2794946 0.9597139 -0.02884693 -0.2805851 0.9597139 -0.01487859 -0.2630549 0.9593419 0.1022987 -0.2592558 0.9597137 0.1083329 -0.2535309 0.9597137 0.1211267 -0.2770993 0.9596431 0.04797006 -0.2811102 0.9596431 -0.007885904 -0.2811102 0.9596431 -0.00788599 -0.2809778 0.9597138 -0.0008750726 -0.2806721 0.9597139 0.01313312 -0.2788179 0.9603121 -0.007821685 -0.2515628 0.959342 0.1279808 -0.2471795 0.9597139 0.1336098 -0.2402123 0.9597138 0.1457645 -0.2709452 0.9596432 0.07532351 -0.2709456 0.9596431 0.07532299 -0.280498 0.9596432 0.02014434 -0.2796685 0.9597139 0.02710616 -0.2779695 0.9597139 0.04101377 -0.278211 0.9603122 0.01997942 -0.2804984 0.9596431 0.02014368 -0.2770989 0.9596432 0.04797 -0.2375697 0.9593419 0.1523933 -0.232647 0.9597138 0.1575585 -0.2245055 0.9597139 0.1689574 -0.262099 0.9596432 0.1019269 -0.262099 0.9596432 0.1019269 -0.2755803 0.9597139 0.0548161 -0.2725047 0.9597139 0.06848723 -0.2748397 0.9603121 0.04757951 -0.2770992 0.9596431 0.04797067 -0.2212159 0.9593419 0.1752902 -0.2158022 0.9597139 0.1799407 -0.2065662 0.9597139 0.1904722 -0.2506487 0.9596431 0.1275158 -0.2506484 0.9596432 0.1275161 -0.2687361 0.9603121 0.07470956 -0.2687525 0.9597139 0.08198305 -0.2643311 0.959714 0.09527978 -0.2709455 0.9596431 0.07532377 -0.2709461 0.959643 0.07532312 -0.2026632 0.9593419 0.1964449 -0.1968157 0.9597139 0.2005316 -0.186575 0.9597139 0.210093 -0.2367063 0.9596431 0.1518395 -0.2367061 0.9596432 0.1518397 -0.2599626 0.9603121 0.1010948 -0.262099 0.9596432 0.1019269 -0.2592545 0.9597138 0.1083361 -0.2535326 0.9597137 0.1211231 -0.2621 0.959643 0.101926 -0.182096 0.9593419 0.2156483 -0.1758688 0.9597138 0.2191334 -0.1647303 0.9597138 0.2276253 -0.220412 0.9596431 0.174653 -0.2204119 0.9596431 0.1746531 -0.2506486 0.9596431 0.1275162 -0.2367061 0.9596432 0.1518397 -0.2471793 0.9597138 0.1336103 -0.240211 0.9597139 0.1457669 -0.2506483 0.9596432 0.1275163 -0.2486046 0.9603121 0.1264766 -0.1597201 0.9593418 0.2327072 -0.1531778 0.9597138 0.2355546 -0.1412448 0.9597138 0.2428978 -0.2019268 0.9596431 0.1957311 -0.2019269 0.9596431 0.1957311 -0.2326476 0.9597139 0.1575577 -0.2245053 0.9597138 0.1689576 -0.2347761 0.9603121 0.1506017 -0.2367061 0.9596431 0.1518398 -0.1357564 0.9593419 0.2474533 -0.1289658 0.9597139 0.2496344 -0.1163578 0.9597137 0.2557544 -0.1814349 0.9596431 0.2148639 -0.1814339 0.9596432 0.2148642 -0.2204119 0.9596431 0.174653 -0.220412 0.9596431 0.1746529 -0.2158033 0.9597139 0.1799394 -0.2065656 0.9597139 0.190473 -0.2186144 0.9603122 0.1732285 -0.1104432 0.959342 0.2597407 -0.103467 0.9597138 0.2612352 -0.09031688 0.9597138 0.2660679 -0.1591395 0.9596431 0.2318611 -0.1352631 0.9596432 0.246554 -0.1591393 0.9596432 0.2318612 -0.2019265 0.9596431 0.1957313 -0.2019268 0.9596431 0.1957312 -0.1968151 0.9597138 0.2005321 -0.1865752 0.9597138 0.2100929 -0.20028 0.9603121 0.1941352 -0.08403257 0.9593419 0.2694467 -0.07694155 0.9597139 0.2702393 -0.06337597 0.9597139 0.2737385 -0.1352626 0.9596431 0.2465546 -0.1799551 0.9603122 0.2131117 -0.1814349 0.9596431 0.214864 -0.1814348 0.9596432 0.214864 -0.17587 0.9597138 0.2191326 -0.1647288 0.9597138 0.2276264 -0.05678659 0.959342 0.2764747 -0.04965226 0.9597138 0.2765573 -0.03580573 0.9597139 0.2786885 -0.1100419 0.9596431 0.2587969 -0.1100423 0.9596431 0.2587969 -0.1578423 0.9603122 0.2299705 -0.1531784 0.9597138 0.2355543 -0.1412466 0.9597138 0.2428967 -0.1591399 0.9596431 0.2318612 -0.1591394 0.9596431 0.2318613 -0.1352625 0.9596431 0.2465544 -0.02897659 0.9593419 0.280755 -0.02186978 0.9597138 0.2801268 -0.007878928 0.9597139 0.2808687 -0.083727 0.9596431 0.2684676 -0.08372724 0.9596432 0.2684677 -0.1289627 0.9597139 0.2496358 -0.1163598 0.9597138 0.2557533 -0.1341596 0.9603122 0.2445439 -0.1352625 0.9596431 0.2465543 0.006130804 0.9597139 0.2809124 0.02012546 0.9597138 0.2802576 -0.0008781629 0.9593419 0.282245 -0.05658024 0.9596431 0.2754701 -0.05658026 0.9596431 0.2754701 -0.1100416 0.9596432 0.258797 -0.1091443 0.9603121 0.2566866 -0.1034668 0.9597139 0.2612353 -0.09031633 0.9597139 0.2660681 -0.08372706 0.959643 0.2684678 -0.1100423 0.9596431 0.258797 0.03407083 0.9597138 0.2789059 0.04793026 0.9597138 0.276861 0.02722849 0.9593419 0.28093 -0.0288712 0.9596431 0.2797348 -0.0288713 0.9596431 0.2797348 -0.08304432 0.9603122 0.2662783 -0.07694212 0.9597139 0.2702391 -0.0633759 0.9597139 0.2737385 -0.08372714 0.9596431 0.2684678 0.06167033 0.9597138 0.274128 0.07525896 0.9597139 0.2707129 0.05506475 0.959342 0.2768229 -0.0008751865 0.9596431 0.2812194 -0.0008749717 0.9596431 0.2812193 -0.05658023 0.9596432 0.27547 -0.05611909 0.9603122 0.2732236 -0.04965228 0.9597138 0.2765574 -0.03580561 0.9597138 0.2786885 -0.05658051 0.9596432 0.2754701 0.08865817 0.9597138 0.2666254 0.1018388 0.9597139 0.2618744 0.08235361 0.9593419 0.2699646 0.02712945 0.9596431 0.279909 0.02712953 0.9596432 0.279909 0.05486462 0.9596431 0.2758168 -0.0288712 0.9596431 0.2797347 -0.0008751862 0.9596431 0.2812193 -0.0288712 0.9596431 0.2797347 -0.02863575 0.9603121 0.2774536 -0.02186934 0.9597138 0.2801269 -0.00787915 0.9597139 0.2808687 0.1147655 0.9597139 0.2564726 0.1274083 0.9597139 0.2504326 0.1088242 0.959342 0.2604234 0.05486484 0.9596431 0.2758168 -0.0008751611 0.9596431 0.2812194 -0.0008680243 0.9603122 0.278926 0.006130844 0.9597138 0.2809123 0.02012556 0.9597139 0.2802575 0.1397311 0.9597139 0.2437714 0.1517094 0.959714 0.2365027 0.1342134 0.959342 0.2482934 0.08205435 0.9596431 0.2689836 0.08205459 0.9596431 0.2689835 0.05486486 0.9596431 0.2758169 0.02690837 0.9603122 0.2776265 0.03407032 0.9597138 0.278906 0.04792995 0.9597139 0.2768611 0.02712945 0.9596431 0.2799091 0.02712957 0.9596432 0.2799091 0.1633078 0.9597137 0.2286485 0.1745046 0.9597137 0.2202219 0.1582692 0.959342 0.2336961 0.1337258 0.9596431 0.2473913 0.1084287 0.9596431 0.259477 0.1084286 0.9596431 0.259477 0.05441715 0.9603121 0.2735677 0.05486456 0.9596432 0.2758169 0.0616711 0.9597138 0.2741278 0.07525837 0.9597138 0.2707131 0.185263 0.9597137 0.2112514 0.1955632 0.9597138 0.2017536 0.1807507 0.9593418 0.216777 0.1337264 0.9596431 0.2473913 0.08205463 0.9596431 0.2689836 0.08205491 0.9596432 0.2689833 0.08138582 0.9603122 0.2667899 0.08865853 0.9597139 0.266625 0.1018389 0.9597139 0.2618741 0.2053775 0.959714 0.1917532 0.2146786 0.9597139 0.1812796 0.2014361 0.9593419 0.1977034 0.157694 0.9596431 0.2328468 0.1800938 0.9596432 0.2159891 0.1576934 0.959643 0.2328476 0.1084287 0.959643 0.2594773 0.108429 0.959643 0.259477 0.1075447 0.9603122 0.2573608 0.1147661 0.9597138 0.2564723 0.1274064 0.9597139 0.2504334 0.2234484 0.9597137 0.1703537 0.2316625 0.9597138 0.1590033 0.2201211 0.9593419 0.176663 0.1800936 0.9596432 0.2159891 0.1337262 0.9596431 0.247391 0.1337257 0.9596431 0.2473919 0.1397317 0.9597139 0.243771 0.1517086 0.9597139 0.2365032 0.1326349 0.9603122 0.245374 0.2393002 0.9597139 0.1472568 0.2463435 0.9597139 0.1351447 0.2366159 0.9593419 0.1538702 0.2007038 0.9596432 0.1969848 0.2007039 0.9596432 0.1969845 0.1576933 0.9596431 0.2328474 0.1800937 0.9596432 0.2159892 0.1633092 0.9597139 0.2286468 0.1745038 0.9597139 0.220222 0.1576933 0.9596431 0.2328473 0.1564073 0.9603122 0.2309484 0.2527733 0.9597139 0.1226985 0.258573 0.9597139 0.1099509 0.2507617 0.9593421 0.1295432 0.219321 0.9596432 0.1760208 0.2357557 0.9596432 0.1533109 0.2193209 0.9596431 0.1760208 0.1786252 0.9603121 0.2142281 0.1852637 0.9597138 0.2112508 0.1955633 0.9597138 0.2017536 0.1800936 0.9596432 0.2159892 0.2637345 0.9597139 0.09691896 0.268236 0.9597139 0.08365798 0.2624137 0.9593419 0.1039339 0.2357571 0.9596429 0.1533099 0.1990683 0.9603121 0.1953777 0.2007044 0.959643 0.196985 0.2053759 0.9597138 0.191755 0.2146797 0.9597139 0.1812783 0.2007047 0.9596431 0.1969838 0.2720734 0.9597139 0.07018057 0.275234 0.9597138 0.05652894 0.2714577 0.9593419 0.07728998 0.2498504 0.9596429 0.1290741 0.2498505 0.9596431 0.1290726 0.2193209 0.9596431 0.1760208 0.2175319 0.9603121 0.1745864 0.2193207 0.9596431 0.1760221 0.2234479 0.9597139 0.1703533 0.231663 0.9597139 0.1590016 0.277804 0.9593422 0.04987612 0.2777087 0.9597139 0.04274457 0.2794947 0.9597139 0.02884373 0.2614597 0.9596431 0.1035561 0.2614597 0.9596432 0.1035562 0.2704711 0.9596432 0.07700904 0.2357566 0.9596432 0.1533096 0.2357565 0.9596431 0.1533097 0.2338344 0.9603121 0.1520598 0.2393003 0.9597138 0.1472581 0.2463427 0.9597137 0.1351473 0.2813898 0.9593421 0.02196703 0.2805849 0.9597138 0.01487965 0.2809778 0.9597139 0.0008730908 0.2704723 0.9596429 0.07700752 0.24985 0.9596432 0.1290735 0.24985 0.9596431 0.1290738 0.2478128 0.9603121 0.1280211 0.2527728 0.9597139 0.1226997 0.2585744 0.9597138 0.1099479 0.2821788 0.9593421 -0.006158224 0.2806727 0.9597138 -0.01312819 0.2796687 0.9597137 -0.0271082 0.2767957 0.9596429 0.04969508 0.2803684 0.9596429 0.02188729 0.2767957 0.9596429 0.04969515 0.2614597 0.9596431 0.1035562 0.2614597 0.9596432 0.1035562 0.2593275 0.9603122 0.1027117 0.2637341 0.9597138 0.09692142 0.2682374 0.9597138 0.08365496 0.2801637 0.959342 -0.03422289 0.2779691 0.959714 -0.04101403 0.27558 0.959714 -0.05481439 0.2811537 0.9596431 -0.006135852 0.2803675 0.9596431 0.02188884 0.2704716 0.9596432 0.07700732 0.2704716 0.9596432 0.07700748 0.2682662 0.9603121 0.07637957 0.2720732 0.9597139 0.07018127 0.2752332 0.9597139 0.05653216 0.2725046 0.9597139 -0.06848762 0.268752 0.9597138 -0.08198591 0.2753638 0.9593419 -0.06194998 0.281154 0.959643 -0.006136558 0.2794945 0.959714 0.02884575 0.2767949 0.9596431 0.04969506 0.2767949 0.9596431 0.04969501 0.2745375 0.9603122 0.04928977 0.2777091 0.9597139 0.04274176 0.2643317 0.9597139 -0.09527832 0.2592551 0.9597139 -0.1083326 0.2678272 0.9593421 -0.0890588 0.2743634 0.9596431 -0.0617249 0.279146 0.9596431 -0.03409859 0.279146 0.9596431 -0.03409863 0.2805849 0.9597139 0.01487975 0.2809778 0.9597138 0.0008739025 0.2780814 0.9603121 0.02171009 0.2803675 0.9596431 0.02188884 0.2811537 0.9596431 -0.006136552 0.2803674 0.9596431 0.02188856 0.25353 0.959714 -0.1211263 0.2471792 0.9597139 -0.1336096 0.2576297 0.9593419 -0.1152824 0.2668542 0.9596431 -0.08873527 0.2743633 0.9596431 -0.06172446 0.2806724 0.9597138 -0.01313196 0.2796689 0.9597138 -0.02710621 0.2788613 0.9603121 -0.006085627 0.2811533 0.9596433 -0.006135647 0.2448703 0.9593421 -0.1403616 0.2402123 0.9597138 -0.1457646 0.2326469 0.9597139 -0.1575585 0.2668542 0.9596431 -0.0887347 0.2779697 0.9597139 -0.04101263 0.2755797 0.9597139 -0.05481832 0.2768694 0.9603122 -0.03382194 0.279146 0.9596431 -0.03409863 0.2743635 0.9596431 -0.0617245 0.2791451 0.9596433 -0.03409994 0.2245056 0.9597138 -0.1689579 0.2158025 0.9597138 -0.1799411 0.2296776 0.9593419 -0.1640463 0.243981 0.9596431 -0.1398518 0.2566937 0.959643 -0.1148636 0.2566928 0.9596431 -0.1148644 0.2743633 0.9596431 -0.06172411 0.272505 0.9597139 -0.06848615 0.2687528 0.9597139 -0.08198316 0.272126 0.9603121 -0.06122077 0.2065671 0.9597138 -0.1904717 0.1968157 0.9597138 -0.2005317 0.2122032 0.9593419 -0.1860989 0.228843 0.9596431 -0.1634502 0.2439811 0.9596431 -0.139851 0.2668544 0.9596431 -0.08873449 0.2643319 0.9597139 -0.09527891 0.2592542 0.9597138 -0.1083358 0.2646782 0.9603122 -0.08801086 0.2668542 0.9596431 -0.08873469 0.186575 0.9597139 -0.210093 0.1758685 0.9597138 -0.2191338 0.19262 0.9593419 -0.2063022 0.228843 0.9596432 -0.1634499 0.2566926 0.9596432 -0.1148643 0.2566929 0.9596432 -0.114864 0.2535319 0.9597138 -0.1211242 0.2471797 0.9597138 -0.1336102 0.2439808 0.9596432 -0.1398508 0.2546 0.9603121 -0.1139274 0.1711203 0.9593421 -0.2244564 0.1647303 0.9597138 -0.2276254 0.1531773 0.9597139 -0.2355549 0.2114318 0.9596432 -0.1854224 0.2114323 0.9596431 -0.1854222 0.2402114 0.9597138 -0.1457673 0.2326479 0.9597138 -0.1575581 0.2439807 0.9596431 -0.1398517 0.2288433 0.9596431 -0.16345 0.2419911 0.9603121 -0.1387113 0.1479221 0.959342 -0.2403788 0.1232525 0.9593419 -0.2539133 0.141245 0.9597139 -0.242897 0.1289655 0.9597139 -0.2496338 0.1704987 0.9596431 -0.2236411 0.1919191 0.9596432 -0.2055529 0.19192 0.9596431 -0.2055525 0.2269776 0.9603121 -0.162117 0.2245053 0.9597139 -0.1689574 0.2158033 0.9597139 -0.1799394 0.2288433 0.9596432 -0.1634496 0.1704988 0.9596432 -0.2236408 0.2065658 0.9597139 -0.1904729 0.1968153 0.9597139 -0.200532 0.2114326 0.9596431 -0.1854225 0.1919194 0.9596431 -0.2055532 0.2097078 0.9603122 -0.1839107 0.2114319 0.9596432 -0.1854227 0.1473847 0.9596431 -0.2395055 0.1228046 0.9596431 -0.2529905 0.1473843 0.9596431 -0.2395056 0.1228048 0.9596431 -0.2529903 0.1903545 0.9603121 -0.2038767 0.1865749 0.9597138 -0.2100932 0.1758702 0.9597139 -0.2191323 0.1919195 0.9596431 -0.2055529 0.1647287 0.9597139 -0.2276263 0.1531779 0.9597139 -0.2355543 0.1691083 0.9603122 -0.2218172 0.1704989 0.9596431 -0.223641 0.1704988 0.9596431 -0.223641 0.1412463 0.9597139 -0.2428965 0.1289626 0.9597139 -0.2496355 0.1473844 0.9596431 -0.2395057 0.1228048 0.9596431 -0.2529904 0.1228051 0.9596432 -0.25299 0.1461824 0.9603122 -0.2375525 0.1473844 0.9596431 -0.2395057 0.1218038 0.9603121 -0.2509271 0.1163577 0.9597139 -0.2557541 0.1163602 0.9597139 -0.255753 0.09031693 0.9597138 -0.266068 0.07694159 0.9597138 -0.2702394 0.09735893 0.9593419 -0.2649231 0.07049727 0.9593419 -0.2733005 0.06337599 0.9597139 -0.2737386 0.04965227 0.9597138 -0.2765574 0.0429353 0.9593419 -0.2789615 0.03580505 0.9597139 -0.2786883 0.02186976 0.9597139 -0.2801266 0.0970051 0.9596432 -0.2639603 0.0970055 0.9596431 -0.2639603 0.007878926 0.9597139 -0.2808686 -0.006130138 0.9597139 -0.2809122 0.01494581 0.959342 -0.2818502 0.07024115 0.9596431 -0.2723072 0.07024105 0.9596431 -0.2723072 -0.01319165 0.959342 -0.2819379 -0.02012611 0.9597138 -0.2802574 -0.03406952 0.9597138 -0.278906 0.01489151 0.9596431 -0.2808262 0.0427793 0.9596431 -0.2779479 0.04277882 0.9596431 -0.2779478 0.09621391 0.9603122 -0.2618078 0.09031597 0.9597138 -0.2660683 0.07694229 0.9597139 -0.2702392 0.09700494 0.9596431 -0.2639603 0.09700554 0.9596431 -0.2639604 0.0702412 0.9596431 -0.2723074 -0.04119758 0.9593419 -0.2792236 -0.04793025 0.9597138 -0.276861 -0.06167156 0.9597138 -0.2741276 0.01489146 0.9596431 -0.2808262 0.06337602 0.9597138 -0.2737384 0.04965203 0.9597138 -0.2765572 0.06966811 0.9603122 -0.2700867 0.07024098 0.9596431 -0.2723076 -0.06879473 0.959342 -0.2737339 -0.07525828 0.9597139 -0.2707128 -0.08865809 0.9597138 -0.2666251 -0.04104789 0.9596431 -0.278209 -0.01314372 0.9596431 -0.2809135 -0.01314371 0.9596431 -0.2809135 0.04242999 0.9603122 -0.2756812 0.03580558 0.9597139 -0.2786883 0.02186965 0.9597139 -0.2801266 0.0427789 0.959643 -0.2779482 0.04277888 0.9596431 -0.2779482 0.01489147 0.9596431 -0.2808264 -0.1018383 0.9597138 -0.2618748 -0.1147656 0.9597138 -0.2564728 -0.09570841 0.9593419 -0.2655239 -0.0410481 0.959643 -0.278209 0.01489203 0.9596431 -0.2808261 0.007879184 0.9597139 -0.2808686 -0.006131354 0.9597138 -0.2809122 0.01477059 0.9603123 -0.2785359 -0.1216701 0.9593419 -0.2546753 -0.1274092 0.9597139 -0.2504317 -0.13973 0.9597139 -0.2437718 -0.06854504 0.9596431 -0.2727394 -0.06854484 0.959643 -0.2727395 -0.09536073 0.959643 -0.2645593 -0.02012552 0.9597139 -0.2802574 -0.03407063 0.9597139 -0.2789058 -0.04104806 0.9596431 -0.2782088 -0.01314376 0.9596432 -0.2809134 -0.0131437 0.9596432 -0.2809134 -0.01303658 0.9603122 -0.2786226 -0.1517095 0.9597138 -0.2365028 -0.163308 0.9597139 -0.2286479 -0.1464233 0.959342 -0.241295 -0.09535976 0.9596431 -0.2645592 -0.04104821 0.9596431 -0.2782088 -0.04792991 0.9597139 -0.276861 -0.06167056 0.9597139 -0.2741278 -0.04071348 0.9603121 -0.2759402 -0.1745042 0.9597139 -0.2202214 0 1 0 0 1 0 0 1 0 0 1 0 0 1 0 0 1 0 0 1 0 0 1 0 0 1 0 0 1 0 0 1 0 0 1 0 0 1 0 0 1 0 0 1 0 0 1 0 0 1 0 0 1 0 0 1 0 0 1 0 0 1 0 0 1 0 0 1 0 0 1 0 0 1 0 0 1 0 0 1 0 0 1 0 0 1 0 0 1 0 0 1 0 0 1 0 0 1 0 0 1 0 0 1 0 0 1 0 0 1 0 0 1 0 0 1 0 0 1 0 0 1 0 0 1 0 0 1 0 0 1 0 0 1 0 0 1 0 0 1 0 0 1 0 0 1 0 0 1 0 0 1 0 0 1 0 0 1 0 0 1 0 0 1 0 0 1 0 0 1 0 0 1 0 0 1 0 0 1 0 0 1 0 0 1 0 0 1 0 0 1 0 0 1 0 0 1 0 0 1 0 0 1 0 0 1 0 0 1 0 0 1 0 0 1 0 0 1 0 0 1 0 0 1 0 0 1 0 0 1 0 0 1 0 0 1 0 0 1 0 0 1 0 0 1 0 0 1 0 0 1 0 0 1 0 0 1 0 0 1 0 0 1 0 0 1 0 0 1 0 0 1 0 0 1 0 0 1 0 0 1 0 0 1 0 0 1 0 0 1 0 0 1 0 0 1 0 0 1 0 0 1 0 0 1 0 0 1 0 0 1 0 0 1 0 0 1 0 0 1 0 0 1 0 0 1 0 0 1 0 0 1 0 0 1 0 0 1 0 0 1 0 0 1 0 0 1 0 0 1 0 0 1 0 0 1 0 0 1 0 0 1 0 0 1 0 0 1 0 0 1 0 0 1 0 0 1 0 0 1 0 0 1 0 0 1 0 0 1 0 0 1 0 0 1 0 0 1 0 0 1 0 0 1 0 0 1 0 0 1 0 0 1 0 0 1 0 0 1 0 0 1 0 0 1 0 0 1 0 0 1 0 0 1 0 0 1 0 0 1 0 0 1 0 0 1 0 0 1 0 0 1 0 0 1 0 0 1 0 0 1 0 0 1 0 0 1 0 0 1 0 0 1 0 0 1 0 0 1 0 0 1 0 0 1 0 0 1 0 0 1 0 0 1 0 0 1 0 0 1 0 0 1 0 0 1 0 0 1 0 0 1 0 0 1 0 0 1 0 0 1 0 0 1 0 0 1 0 0 1 0 0 1 0 0 1 0 0 1 0 0 1 0 0 1 0 0 1 0 0 1 0 0 1 0 0 1 0 0 1 0 0 1 0 0 1 0 0 1 0 0 1 0 0 1 0 0 1 0 0 1 0 0 1 0 0 1 0 0 1 0 0 1 0 0 1 0 0 1 0 0 1 0 0 1 0 0 1 0 0 1 0 0 1 0 0 1 0 0 1 0 0 1 0 0 1 0 0 1 0 0 1 0 0 1 0 0 1 0 0 1 0 0 1 0 0 1 0 0 1 0 0 1 0 0 1 0 0 1 0 0 1 0 0 1 0 0 1 0 0 1 0 0 1 0 0 1 0 0 1 0 0 1 0 0 1 0 0 1 0 0 1 0 0 1 0 0 1 0 0 1 0 0 1 0 0 1 0 0 1 0 0 1 0 0 1 0 0 1 0 0 1 0 0 1 0 0 1 0 0 1 0 0 1 0 0 1 0 0 1 0 0 1 0 0 1 0 0 1 0 0 1 0 0 1 0 -0.368236 0 0.9297324 -0.368236 0 0.9297324 -0.321435 0 0.9469316 -0.321435 0 0.9469316 -0.2738343 0 0.9617769 -0.2255549 0 0.9742305 -0.2738343 0 0.9617769 -0.2255549 0 0.9742305 -0.1767098 0 0.9842629 -0.127434 0 0.991847 -0.1767098 0 0.9842629 -0.127434 0 0.991847 -0.07783192 0 0.9969665 -0.07783192 0 0.9969665 -0.02804277 0 0.9996067 -0.02804277 0 0.9996067 0.02182016 0 0.9997619 0.07162854 0 0.9974314 0.02182016 0 0.9997619 0.07162854 0 0.9974314 0.1212526 0 0.9926217 0.1212526 0 0.9926217 0.1705835 0 0.9853433 0.1705835 0 0.9853433 0.2194858 0 0.9756157 0.2194858 0 0.9756157 0.2678451 0 0.963462 0.2678451 0 0.963462 0.3155324 0 0.9489148 0.3155324 0 0.9489148 0.3624451 0 0.9320052 0.3624451 0 0.9320052 0.4084471 0 0.912782 0.4084471 0 0.912782 0.4534405 0 0.8912866 0.4534405 0 0.8912866 0.4973016 0 0.8675777 0.5399276 0 0.8417115 0.4973016 0 0.8675777 0.5399276 0 0.8417115 0.5812138 0 0.8137509 0.6210546 0 0.7837673 0.5812138 0 0.8137509 0.65935 0 0.7518361 0.6210546 0 0.7837673 0.6960057 0 0.7180363 0.65935 0 0.7518361 0.7309308 0 0.6824515 0.6960057 0 0.7180363 0.7640401 0 0.6451688 0.7309308 0 0.6824515 0.7640401 0 0.6451688 0.795251 0 0.6062804 0.795251 0 0.6062804 0.8244817 0 0.5658886 0.8244817 0 0.5658886 0.8516647 0 0.5240871 0.8516647 0 0.5240871 0.876728 0 0.4809866 0.876728 0 0.4809866 0.8996152 0 0.4366836 0.8996152 0 0.4366836 0.920262 0 0.3913027 0.9386246 0 0.3449405 0.920262 0 0.3913027 0.9386246 0 0.3449405 0.9546502 0 0.2977296 0.9546502 0 0.2977296 0.9683045 0 0.2497729 0.9683045 0 0.2497729 0.9795518 0 0.2011922 0.9795518 0 0.2011922 0.9883621 0 0.1521195 0.994716 0 0.1026648 0.9883621 0 0.1521195 0.994716 0 0.1026648 0.998597 0 0.05295486 0.998597 0 0.05295486 0.9999951 0 0.003111247 0.9999951 0 0.003111247 0.9989071 0 -0.0467388 0.9989071 0 -0.0467388 0.9953361 0 -0.09646779 0.9953361 0 -0.09646779 0.9892894 0 -0.1459672 0.9892894 0 -0.1459672 0.9807852 0 -0.1950906 0.9807852 0 -0.1950906 0.9698402 0 -0.2437417 0.9698402 0 -0.2437417 0.9564851 0 -0.2917811 0.9564851 0 -0.2917811 0.9407524 0 -0.3390941 0.9407524 0 -0.3390941 0.9226807 0 -0.3855648 0.9226807 0 -0.3855648 0.902314 0 -0.4310794 0.902314 0 -0.4310794 0.8797064 0 -0.4755174 0.8797064 0 -0.4755174 0.8549105 0 -0.5187755 0.8279856 0 -0.5607495 0.8549105 0 -0.5187755 0.8279856 0 -0.5607495 0.7990088 0 -0.6013193 0.7990088 0 -0.6013193 0.7680413 0 -0.6404004 0.7351651 0 -0.6778882 0.7680413 0 -0.6404004 0.7004599 0 -0.7136918 0.7351651 0 -0.6778882 0.7004599 0 -0.7136918 0.6640157 0 -0.7477187 0.6640157 0 -0.7477187 0.6259218 0 -0.7798859 0.6259218 0 -0.7798859 0.5862682 0 -0.810117 0.5862682 0 -0.810117 0.5451575 0 -0.8383336 0.5026917 0 -0.8644657 0.5451575 0 -0.8383336 0.5026917 0 -0.8644657 0.4589786 0 -0.8884473 0.4589786 0 -0.8884473 0.4141208 0 -0.910222 0.4141208 0 -0.910222 0.3682358 0 -0.9297324 0.3682358 0 -0.9297324 0.321436 0 -0.9469313 0.321436 0 -0.9469313 0.2738349 0 -0.9617767 0.2738349 0 -0.9617767 0.225553 0 -0.9742309 0.225553 0 -0.9742309 0.1767121 0 -0.9842625 0.1767121 0 -0.9842625 0.1274317 0 -0.9918473 0.1274317 0 -0.9918473 0.07783271 0 -0.9969664 0.07783271 0 -0.9969664 0.02804158 0 -0.9996067 0.02804158 0 -0.9996067 -0.02181936 0 -0.9997619 -0.02181936 -0 -0.9997619 -0.07162616 -0 -0.9974315 -0.07162616 -0 -0.9974315 -0.1212553 0 -0.9926213 -0.1212553 -0 -0.9926213 -0.1705831 0 -0.9853433 -0.1705831 -0 -0.9853433 -0.2194854 0 -0.9756158 -0.2194854 -0 -0.9756158 -0.2678442 -0 -0.9634622 -0.2678442 -0 -0.9634622 -0.315534 -0 -0.9489142 -0.315534 -0 -0.9489142 -0.3624435 0 -0.9320058 -0.3624435 -0 -0.9320058 -0.4084486 -0 -0.9127813 -0.4084486 -0 -0.9127813 -0.4534383 0 -0.8912876 -0.4534383 -0 -0.8912876 -0.497302 -0 -0.8675776 -0.497302 -0 -0.8675776 -0.5399281 -0 -0.841711 -0.5399281 0 -0.841711 -0.5812143 -0 -0.8137506 -0.6210546 -0 -0.7837673 -0.5812143 0 -0.8137506 -0.6210546 -0 -0.7837673 -0.6593489 -0 -0.7518371 -0.6593489 0 -0.7518371 -0.6960064 -0 -0.7180356 -0.7309321 -0 -0.6824502 -0.6960064 0 -0.7180356 -0.7309321 -0 -0.6824502 -0.7640401 -0 -0.6451688 -0.7640401 -0 -0.6451688 -0.7952499 -0 -0.6062818 -0.7952499 -0 -0.6062818 -0.8244811 0 -0.5658895 -0.8244811 -0 -0.5658895 -0.8516638 -0 -0.5240886 -0.8516638 -0 -0.5240886 -0.8767294 -0 -0.4809839 -0.8767294 -0 -0.4809839 -0.8996136 0 -0.4366868 -0.8996136 -0 -0.4366868 -0.9202634 0 -0.3912997 -0.9202634 -0 -0.3912997 -0.9386234 -0 -0.3449436 -0.9386234 -0 -0.3449436 -0.9546512 -0 -0.2977265 -0.9546512 -0 -0.2977265 -0.9683043 0 -0.2497731 -0.9683043 -0 -0.2497731 -0.9795513 0 -0.2011949 -0.9795513 -0 -0.2011949 -0.9883621 -0 -0.1521196 -0.9947163 -0 -0.1026616 -0.9883621 -0 -0.1521196 -0.998597 -0 -0.05295486 -0.9947163 -0 -0.1026616 -0.998597 -0 -0.05295486 -0.9999951 -0 -0.003111247 -0.9999951 0 -0.003111247 -0.9989073 0 0.04673562 -0.9953358 0 0.09647094 -0.9989073 0 0.04673562 -0.9953358 0 0.09647094 -0.9892899 0 0.1459639 -0.9807839 0 0.1950969 -0.9892899 0 0.1459639 -0.9698409 0 0.2437389 -0.9807839 0 0.1950969 -0.9698409 0 0.2437389 -0.9564852 0 0.2917809 -0.9407524 0 0.3390941 -0.9564852 0 0.2917809 -0.9407524 0 0.3390941 -0.9226807 0 0.3855651 -0.9226807 0 0.3855651 -0.9023141 0 0.4310791 -0.9023141 0 0.4310791 -0.8797062 0 0.4755177 -0.8797062 0 0.4755177 -0.8549089 0 0.518778 -0.8279892 0 0.5607442 -0.8549089 0 0.518778 -0.7990071 0 0.6013218 -0.8279892 0 0.5607442 -0.7990071 0 0.6013218 -0.7680412 0 0.6404004 -0.7680412 0 0.6404004 -0.7351654 0 0.6778879 -0.7351654 0 0.6778879 -0.7004612 0 0.7136904 -0.6640136 0 0.7477205 -0.7004612 0 0.7136904 -0.6640136 0 0.7477205 -0.6259227 0 0.7798851 -0.5862671 0 0.8101179 -0.6259227 0 0.7798851 -0.5451589 0 0.8383327 -0.5862671 0 0.8101179 -0.5026916 0 0.8644658 -0.5451589 0 0.8383327 -0.5026916 0 0.8644658 -0.458977 0 0.8884481 -0.458977 0 0.8884481 -0.4141226 0 0.9102211 -0.4141226 0 0.9102211 0 1 0 0 1 0 0 1 0 0 1 0 0 1 0 0 1 0 0 1 0 0 1 0 0 1 0 0 1 0 0 1 0 0 1 0 0 1 0 0 1 0 0 1 0 0 1 0 0 1 0 0 1 0 0 1 0 0 1 0 0 1 0 0 1 0 0 1 0 0 1 0 0 1 0 0 1 0 0 1 0 0 1 0 0 1 0 0 1 0 0 1 0 0 1 0 0 1 0 0 1 0 0 1 0 0 1 0 0 1 0 0 1 0 0 1 0 0 1 0 0 1 0 0 1 0 0 1 0 0 1 0 0 1 0 0 1 0 0 1 0 0 1 0 0 1 0 0 1 0 0 1 0 0 1 0 0 1 0 0 1 0 0 1 0 0 1 0 0 1 0 0 1 0 0 1 0 0 1 0 0 1 0 0 1 0 0 1 0 0 1 0 0 1 0 0 1 0 0 1 0 0 1 0 0 1 0 0 1 0 0 1 0 0 1 0 0 1 0 0 1 0 0 1 0 0 1 0 0 1 0 0 1 0 0 1 0 0 1 0 0 1 0 0 1 0 0 1 0 0 1 0 0 1 0 0 1 0 0 1 0 0 1 0 0 1 0 0 1 0 0 1 0 0 1 0 0 1 0 0 1 0 0 1 0 0 1 0 0 1 0 0 1 0 0 1 0 0 1 0 0 1 0 0 1 0 0 1 0 0 1 0 0 1 0 0 1 0 0 1 0 0 1 0 0 1 0 0 1 0 0 1 0 0 1 0 0 1 0 0 1 0 0 1 0 0 1 0 0 1 0 0 1 0 0 1 0 0 1 0 0 1 0 0 1 0 0 1 0 0 1 0 0 1 0 0 1 0 0 1 0 0 1 0 0 1 0 0 1 0 0 1 0 0 1 0 0 1 0 0 1 0 0 1 0 0 1 0 0 1 0 0 1 0 0 1 0 0 1 0 0 1 0 0 1 0 0 1 0 0 1 0 0 1 0 0 1 0 0 1 0 0 1 0 0 1 0 0 1 0 0 1 0 0 1 0 0 1 0 0 1 0 0 1 0 0 1 0 0 1 0 0 1 0 0 1 0 0 1 0 0 1 0 0 1 0 0 1 0 0 1 0 0 1 0 0 1 0 0 1 0 0 1 0 0 1 0 0 1 0 0 1 0 0 1 0 0 1 0 0 1 0 0 1 0 0 1 0 0 1 0 0 1 0 0 1 0 0 1 0 0 1 0 0 1 0 0 1 0 0 1 0 0 1 0 0 1 0 0 1 0 0 1 0 0 1 0 0 1 0 0 1 0 0 1 0 0 1 0 0 1 0 0 1 0 0 1 0 0 1 0 0 1 0 0 1 0 0 1 0 0 1 0 0 1 0 0 1 0 0 1 0 0 1 0 0 1 0 0 1 0 0 1 0 0 1 0 0 1 0 0 1 0 0 1 0 0 1 0 0 1 0 0 1 0 0 1 0 0 1 0 0 1 0 0 1 0 0 1 0 0 1 0 0 1 0 0 1 0 0 1 0 0 1 0 0 1 0 0 1 0 0 1 0 0 1 0 0 1 0 0 1 0 0 1 0 0 1 0 0 1 0 0 1 0 0 1 0 0 1 0 0 1 0 0 1 0 0 1 0 0 1 0 0 1 0 0 1 0 0 1 0 0 1 0 0 1 0 0 1 0 0 1 0 0 1 0 0 1 0 0 1 0 0 1 0 -0.3682364 0 0.9297322 -0.3682364 0 0.9297322 -0.3214338 0 0.9469321 -0.2738354 0 0.9617766 -0.3214338 0 0.9469321 -0.2738354 0 0.9617766 -0.2255541 0 0.9742306 -0.1767117 0 0.9842626 -0.2255541 0 0.9742306 -0.1767117 0 0.9842626 -0.1274317 0 0.9918473 -0.1274317 0 0.9918473 -0.07783163 0 0.9969665 -0.07783163 0 0.9969665 -0.02804312 0 0.9996067 -0.02804312 0 0.9996067 0.02182151 0 0.9997619 0.07162447 0 0.9974317 0.02182151 0 0.9997619 0.07162447 0 0.9974317 0.1212568 0 0.9926212 0.1212568 0 0.9926212 0.1705813 0 0.9853436 0.1705813 0 0.9853436 0.2194861 0 0.9756156 0.2194861 0 0.9756156 0.2678427 0 0.9634627 0.2678427 0 0.9634627 0.3155361 0 0.9489135 0.3155361 0 0.9489135 0.3624434 0 0.9320058 0.3624434 0 0.9320058 0.4084485 0 0.9127814 0.4084485 0 0.9127814 0.4534397 0 0.891287 0.4534397 0 0.891287 0.4973013 0 0.8675779 0.4973013 0 0.8675779 0.5399303 0 0.8417097 0.5399303 0 0.8417097 0.581213 0 0.8137515 0.6210541 0 0.7837677 0.581213 0 0.8137515 0.6210541 0 0.7837677 0.6593488 0 0.7518372 0.6593488 0 0.7518372 0.6960053 0 0.7180366 0.7309325 0 0.6824498 0.6960053 0 0.7180366 0.7309325 0 0.6824498 0.7640409 0 0.6451678 0.7640409 0 0.6451678 0.7952486 0 0.6062835 0.8244825 0 0.5658875 0.7952486 0 0.6062835 0.8244825 0 0.5658875 0.8516623 0 0.5240908 0.8516623 0 0.5240908 0.8767307 0 0.4809817 0.8996139 0 0.4366862 0.8767307 0 0.4809817 0.8996139 0 0.4366862 0.9202625 0 0.3913017 0.9202625 0 0.3913017 0.9386235 0 0.3449433 0.9546511 0 0.297727 0.9386235 0 0.3449433 0.9546511 0 0.297727 0.9683051 0 0.2497704 0.9683051 0 0.2497704 0.979551 0 0.201196 0.9883622 0 0.1521188 0.979551 0 0.201196 0.9883622 0 0.1521188 0.9947159 0 0.1026661 0.9947159 0 0.1026661 0.998597 0 0.05295209 0.998597 0 0.05295209 0.9999951 0 0.003114535 0.9999951 0 0.003114535 0.9989071 0 -0.04673778 0.9989071 0 -0.04673778 0.9953358 0 -0.09647167 0.9953358 0 -0.09647167 0.9892899 0 -0.1459637 0.9892899 0 -0.1459637 0.9807843 0 -0.1950953 0.9807843 0 -0.1950953 0.9698398 0 -0.2437433 0.9698398 0 -0.2437433 0.9564857 0 -0.2917792 0.9564857 0 -0.2917792 0.9407523 0 -0.3390945 0.9407523 0 -0.3390945 0.9226803 0 -0.3855657 0.9226803 0 -0.3855657 0.9023161 0 -0.4310752 0.9023161 0 -0.4310752 0.8797063 0 -0.4755175 0.8797063 0 -0.4755175 0.8549082 0 -0.5187794 0.8279884 0 -0.5607453 0.8549082 0 -0.5187794 0.8279884 0 -0.5607453 0.7990068 0 -0.601322 0.7680414 0 -0.6404003 0.7990068 0 -0.601322 0.7680414 0 -0.6404003 0.7351651 0 -0.6778881 0.7004625 0 -0.7136891 0.7351651 0 -0.6778881 0.7004625 0 -0.7136891 0.6640148 0 -0.7477194 0.6640148 0 -0.7477194 0.6259195 0 -0.7798876 0.6259195 0 -0.7798876 0.5862687 0 -0.8101166 0.5451579 0 -0.8383334 0.5862687 0 -0.8101166 0.5026909 0 -0.8644662 0.5451579 0 -0.8383334 0.5026909 0 -0.8644662 0.4589778 0 -0.8884477 0.4589778 0 -0.8884477 0.4141224 0 -0.9102212 0.4141224 0 -0.9102212 0.3682369 0 -0.929732 0.3682369 0 -0.929732 0.3214343 0 -0.9469319 0.3214343 0 -0.9469319 0.2738354 0 -0.9617766 0.2738354 0 -0.9617766 0.2255535 0 -0.9742308 0.2255535 0 -0.9742308 0.1767123 0 -0.9842625 0.1767123 0 -0.9842625 0.1274305 0 -0.9918475 0.1274305 0 -0.9918475 0.07783348 0 -0.9969664 0.07783348 0 -0.9969664 0.02804189 0 -0.9996067 0.02804189 0 -0.9996067 -0.02181966 0 -0.9997619 -0.02181966 -0 -0.9997619 -0.07162632 0 -0.9974315 -0.07162632 -0 -0.9974315 -0.121255 0 -0.9926214 -0.121255 -0 -0.9926214 -0.1705825 -0 -0.9853434 -0.1705825 -0 -0.9853434 -0.2194861 -0 -0.9756156 -0.2194861 -0 -0.9756156 -0.2678432 0 -0.9634625 -0.2678432 -0 -0.9634625 -0.3155356 -0 -0.9489137 -0.3155356 -0 -0.9489137 -0.3624423 -0 -0.9320062 -0.3624423 -0 -0.9320062 -0.4084485 0 -0.9127814 -0.4084485 -0 -0.9127814 -0.45344 -0 -0.8912868 -0.45344 -0 -0.8912868 -0.497302 0 -0.8675776 -0.497302 -0 -0.8675776 -0.5399286 -0 -0.8417109 -0.5399286 0 -0.8417109 -0.5812141 -0 -0.8137506 -0.5812141 0 -0.8137506 -0.6210541 -0 -0.7837677 -0.6210541 0 -0.7837677 -0.659349 -0 -0.7518371 -0.659349 0 -0.7518371 -0.6960057 0 -0.7180363 -0.6960057 -0 -0.7180363 -0.7309313 0 -0.682451 -0.7309313 -0 -0.682451 -0.7640405 0 -0.6451682 -0.7640405 -0 -0.6451682 -0.7952503 0 -0.6062813 -0.7952503 -0 -0.6062813 -0.824482 0 -0.5658882 -0.824482 -0 -0.5658882 -0.8516638 0 -0.5240885 -0.8516638 -0 -0.5240885 -0.8767284 0 -0.4809858 -0.8767284 -0 -0.4809858 -0.8996148 0 -0.4366844 -0.8996148 -0 -0.4366844 -0.9202627 -0 -0.3913012 -0.9202627 -0 -0.3913012 -0.9386235 0 -0.3449435 -0.9386235 -0 -0.3449435 -0.9546511 0 -0.297727 -0.9546511 -0 -0.297727 -0.9683046 -0 -0.2497724 -0.9683046 -0 -0.2497724 -0.9795515 -0 -0.2011938 -0.9795515 -0 -0.2011938 -0.9883619 0 -0.1521211 -0.9883619 -0 -0.1521211 -0.9947161 -0 -0.1026637 -0.9947161 0 -0.1026637 -0.998597 -0 -0.05295209 -0.998597 0 -0.05295209 -0.9999952 -0 -0.003112067 -0.9999952 0 -0.003112067 -0.9989071 0 0.04673778 -0.9989071 0 0.04673778 -0.995336 0 0.09646928 -0.995336 0 0.09646928 -0.9892899 0 0.1459635 -0.9807843 0 0.1950954 -0.9892899 0 0.1459635 -0.9807843 0 0.1950954 -0.9698404 0 0.243741 -0.9698404 0 0.243741 -0.9564857 0 0.2917792 -0.9564857 0 0.2917792 -0.9407522 0 0.3390948 -0.9407522 0 0.3390948 -0.9226805 0 0.3855654 -0.9023151 0 0.4310772 -0.9226805 0 0.3855654 -0.9023151 0 0.4310772 -0.8797053 0 0.4755192 -0.8797053 0 0.4755192 -0.8549089 0 0.5187781 -0.8549089 0 0.5187781 -0.8279884 0 0.5607452 -0.8279884 0 0.5607452 -0.7990086 0 0.6013196 -0.7990086 0 0.6013196 -0.7680394 0 0.6404026 -0.7680394 0 0.6404026 -0.7351657 0 0.6778874 -0.7004606 0 0.7136911 -0.7351657 0 0.6778874 -0.7004606 0 0.7136911 -0.6640159 0 0.7477185 -0.6640159 0 0.7477185 -0.6259201 0 0.7798872 -0.5862679 0 0.8101172 -0.6259201 0 0.7798872 -0.5862679 0 0.8101172 -0.5451575 0 0.8383337 -0.5026932 0 0.8644649 -0.5451575 0 0.8383337 -0.5026932 0 0.8644649 -0.4589773 0 0.8884479 -0.4589773 0 0.8884479 -0.4141229 0 0.910221 -0.4141229 0 0.910221 0 -1 0 0 -1 0 0 -1 0 0 -1 -0 0 -1 0 0 -1 0 0 -1 -0 0 -1 0 0 -1 0 0 -1 0 0 -1 0 0 -1 -0 0 -1 0 0 -1 0 0 -1 -0 0 -1 0 0 -1 0 0 -1 0 0 -1 -0 0 -1 0 0 -1 0 0 -1 0 0 -1 -0 0 -1 0 0 -1 0 0 -1 0 0 -1 -0 0 -1 0 0 -1 0 0 -1 0 0 -1 0 0 -1 0 0 -1 0 0 -1 0 0 -1 0 0 -1 0 0 -1 0 0 -1 0 0 -1 0 0 -1 0 0 -1 0 0 -1 0 0 -1 0 0 -1 0 0 -1 0 0 -1 0 0 -1 0 0 -1 0 0 -1 0 0 -1 0 0 -1 0 0 -1 0 0 -1 0 0 -1 0 0 -1 0 0 -1 0 0 -1 0 0 -1 0 0 -1 0 0 -1 0 0 -1 0 0 -1 0 0 -1 0 0 -1 0 0 -1 0 0 -1 0 0 -1 0 0 -1 0 0 -1 0 0 -1 0 0 -1 0 0 -1 0 0 -1 0 0 -1 0 0 -1 0 0 -1 0 0 -1 0 0 -1 0 0 -1 0 0 -1 0 0 -1 0 0 -1 0 0 -1 -0 0 -1 0 0 -1 0 0 -1 0 0 -1 0 0 -1 0 0 -1 0 0 -1 0 0 -1 0 0 -1 0 0 -1 0 0 -1 0 0 -1 0 0 -1 0 0 -1 0 0 -1 -0 0 -1 0 0 -1 0 0 -1 0 0 -1 -0 0 -1 0 0 -1 0 0 -1 0 0 -1 -0 0 -1 0 0 -1 0 0 -1 -0 0 -1 0 0 -1 -0 0 -1 0 0 -1 0 0 -1 -0 0 -1 -0 0 -1 0 0 -1 -0 0 -1 0 0 -1 0 0 -1 0 0 -1 0 0 -1 -0 0 -1 0 0 -1 0 0 -1 0 0 -1 0 0 -1 0 0 -1 -0 0 -1 -0 0 -1 0 0 -1 -0 0 -1 0 0 -1 0 0 -1 0 0 -1 -0 0 -1 0 0 -1 0 0 -1 0 0 -1 0 0 -1 -0 0 -1 0 0 -1 0 0 -1 0 0 -1 0 0 -1 -0 0 -1 0 0 -1 -0 0 -1 0 0 -1 0 0 -1 0 0 -1 0 0 -1 -0 0 -1 0 0 -1 0 0 -1 0 0 -1 0 0 -1 0 0 -1 0 0 -1 0 0 -1 0 0 -1 0 0 -1 0 0 -1 -0 0 -1 0 0 -1 0 0 -1 0 0 -1 0 0 -1 -0 0 -1 0 0 -1 0 0 -1 0 0 -1 0 0 -1 0 0 -1 0 0 -1 0 0 -1 0 0 -1 0 0 -1 0 0 -1 0 0 -1 0 0 -1 0 0 -1 0 0 -1 0 0 -1 0 0 -1 0 0 -1 0 0 -1 0 0 -1 0 0 -1 0 0 -1 0 0 -1 0 0 -1 0 0 -1 0 0 -1 0 0 -1 0 0 -1 0 0 -1 0 0 -1 0 0 -1 0 0 -1 0 0 -1 0 0 -1 0 0 -1 0 0 -1 0 0 -1 0 0 -1 0 0 -1 0 0 -1 0 0 -1 0 0 -1 0 0 -1 0 0 -1 0 0 -1 0 0 -1 0 0 -1 0 0 -1 0 0 -1 0 0 -1 0 0 -1 0 0 -1 0 0 -1 0 0 -1 0 0 -1 0 0 -1 0 0 -1 0 0 -1 0 0 -1 -0 0 -1 0 0 -1 0 0 -1 -0 0 -1 0 0 -1 0 0 -1 -0 0 -1 0 0 -1 0 0 -1 0 0 -1 -0 0 -1 0 0 -1 0 0 -1 0 0 -1 0 0 -1 0 0 -1 -0 0 -1 0 0 -1 0 0 -1 0 0 -1 -0 0 -1 0 0 -1 0 0 -1 0 0 -1 -0 0 -1 0 -0.368236 0 0.9297323 -0.368236 0 0.9297323 -0.321435 0 0.9469317 -0.321435 0 0.9469317 -0.2738343 0 0.9617769 -0.2738343 0 0.9617769 -0.2255549 0 0.9742305 -0.1767098 0 0.984263 -0.2255549 0 0.9742305 -0.1767098 0 0.984263 -0.127434 0 0.9918471 -0.127434 0 0.9918471 -0.07783192 0 0.9969665 -0.07783192 0 0.9969665 -0.02804277 0 0.9996068 -0.02804277 0 0.9996068 0.02182017 0 0.9997619 0.07162854 0 0.9974313 0.02182017 0 0.9997619 0.07162854 0 0.9974313 0.1212526 0 0.9926217 0.1212526 0 0.9926217 0.1705835 0 0.9853432 0.1705835 0 0.9853432 0.2194858 0 0.9756157 0.2194858 0 0.9756157 0.2678451 0 0.963462 0.2678451 0 0.963462 0.3155324 0 0.9489148 0.3155324 0 0.9489148 0.3624451 0 0.9320052 0.3624451 0 0.9320052 0.4084472 0 0.912782 0.4084472 0 0.912782 0.4534405 0 0.8912865 0.4534405 0 0.8912865 0.4973016 0 0.8675777 0.4973016 0 0.8675777 0.5399276 0 0.8417115 0.5399276 0 0.8417115 0.5812138 0 0.8137509 0.5812138 0 0.8137509 0.6210546 0 0.7837672 0.6210546 0 0.7837672 0.65935 0 0.7518361 0.65935 0 0.7518361 0.6960057 0 0.7180363 0.6960057 0 0.7180363 0.7309307 0 0.6824515 0.7309307 0 0.6824515 0.7640401 0 0.6451688 0.795251 0 0.6062804 0.7640401 0 0.6451688 0.795251 0 0.6062804 0.8244817 0 0.5658886 0.8244817 0 0.5658886 0.8516646 0 0.5240871 0.8516646 0 0.5240871 0.876728 0 0.4809866 0.876728 0 0.4809866 0.8996152 0 0.4366836 0.8996152 0 0.4366836 0.920262 0 0.3913027 0.9386246 0 0.3449405 0.920262 0 0.3913027 0.9386246 0 0.3449405 0.9546502 0 0.2977296 0.9546502 0 0.2977296 0.9683045 0 0.2497729 0.9683045 0 0.2497729 0.9795518 0 0.2011922 0.9883621 0 0.1521195 0.9795518 0 0.2011922 0.9883621 0 0.1521195 0.994716 0 0.1026648 0.994716 0 0.1026648 0.9985968 0 0.05295486 0.9985968 0 0.05295486 0.9999952 0 0.003111248 0.9999952 0 0.003111248 0.9989071 0 -0.0467388 0.9989071 0 -0.0467388 0.9953361 0 -0.09646779 0.9953361 0 -0.09646779 0.9892895 0 -0.1459672 0.9892895 0 -0.1459672 0.9807852 0 -0.1950906 0.9807852 0 -0.1950906 0.9698402 0 -0.2437417 0.9698402 0 -0.2437417 0.9564852 0 -0.2917811 0.9564852 0 -0.2917811 0.9407525 0 -0.3390942 0.9407525 0 -0.3390942 0.9226807 0 -0.3855648 0.9226807 0 -0.3855648 0.902314 0 -0.4310794 0.902314 0 -0.4310794 0.8797063 0 -0.4755173 0.8549105 0 -0.5187755 0.8797063 0 -0.4755173 0.8549105 0 -0.5187755 0.8279855 0 -0.5607495 0.8279855 0 -0.5607495 0.7990088 0 -0.6013193 0.7990088 0 -0.6013193 0.7680413 0 -0.6404003 0.7680413 0 -0.6404003 0.735165 0 -0.6778882 0.735165 0 -0.6778882 0.7004599 0 -0.7136918 0.6640157 0 -0.7477187 0.7004599 0 -0.7136918 0.6640157 0 -0.7477187 0.6259218 0 -0.7798859 0.6259218 0 -0.7798859 0.5862682 0 -0.810117 0.5862682 0 -0.810117 0.5451575 0 -0.8383336 0.5451575 0 -0.8383336 0.5026918 0 -0.8644657 0.5026918 0 -0.8644657 0.4589786 0 -0.8884473 0.4589786 0 -0.8884473 0.4141208 0 -0.910222 0.4141208 0 -0.910222 0.3682358 0 -0.9297324 0.3682358 0 -0.9297324 0.321436 0 -0.9469312 0.321436 0 -0.9469312 0.2738349 0 -0.9617767 0.2738349 0 -0.9617767 0.225553 0 -0.9742309 0.225553 0 -0.9742309 0.1767122 0 -0.9842626 0.1767122 0 -0.9842626 0.1274317 0 -0.9918474 0.1274317 0 -0.9918474 0.07783272 0 -0.9969665 0.07783272 0 -0.9969665 0.02804158 0 -0.9996068 0.02804158 0 -0.9996068 -0.02181937 -0 -0.9997619 -0.02181937 -0 -0.9997619 -0.07162616 0 -0.9974315 -0.07162616 -0 -0.9974315 -0.1212553 -0 -0.9926214 -0.1212553 -0 -0.9926214 -0.1705831 -0 -0.9853433 -0.1705831 -0 -0.9853433 -0.2194854 0 -0.9756157 -0.2194854 -0 -0.9756157 -0.2678441 0 -0.9634622 -0.2678441 -0 -0.9634622 -0.3155341 -0 -0.9489143 -0.3155341 -0 -0.9489143 -0.3624435 0 -0.9320058 -0.3624435 -0 -0.9320058 -0.4084487 -0 -0.9127814 -0.4084487 -0 -0.9127814 -0.4534384 -0 -0.8912876 -0.4534384 -0 -0.8912876 -0.4973019 -0 -0.8675776 -0.4973019 -0 -0.8675776 -0.5399281 -0 -0.8417111 -0.5812143 -0 -0.8137505 -0.5399281 0 -0.8417111 -0.6210546 -0 -0.7837673 -0.5812143 -0 -0.8137505 -0.6210546 -0 -0.7837673 -0.6593489 -0 -0.7518372 -0.6593489 0 -0.7518372 -0.6960064 -0 -0.7180355 -0.6960064 0 -0.7180355 -0.7309322 0 -0.6824502 -0.7309322 -0 -0.6824502 -0.7640401 -0 -0.6451688 -0.7640401 -0 -0.6451688 -0.7952498 0 -0.6062818 -0.7952498 -0 -0.6062818 -0.8244811 -0 -0.5658895 -0.8244811 -0 -0.5658895 -0.8516638 0 -0.5240885 -0.8516638 -0 -0.5240885 -0.8767295 0 -0.480984 -0.8767295 -0 -0.480984 -0.8996136 0 -0.4366868 -0.8996136 -0 -0.4366868 -0.9202633 -0 -0.3912998 -0.9202633 -0 -0.3912998 -0.9386234 0 -0.3449436 -0.9386234 -0 -0.3449436 -0.9546512 -0 -0.2977265 -0.9546512 -0 -0.2977265 -0.9683045 0 -0.2497731 -0.9683045 -0 -0.2497731 -0.9795512 0 -0.2011949 -0.9795512 -0 -0.2011949 -0.9883621 0 -0.1521196 -0.9883621 -0 -0.1521196 -0.9947163 -0 -0.1026616 -0.9947163 0 -0.1026616 -0.9985968 -0 -0.05295486 -0.9985968 0 -0.05295486 -0.9999952 -0 -0.003111248 -0.9999952 0 -0.003111248 -0.9989073 0 0.04673561 -0.9953358 0 0.09647094 -0.9989073 0 0.04673561 -0.9953358 0 0.09647094 -0.9892899 0 0.1459639 -0.9892899 0 0.1459639 -0.9807839 0 0.1950969 -0.9807839 0 0.1950969 -0.9698408 0 0.2437389 -0.9698408 0 0.2437389 -0.9564852 0 0.2917809 -0.9407525 0 0.3390942 -0.9564852 0 0.2917809 -0.9226806 0 0.385565 -0.9407525 0 0.3390942 -0.9226806 0 0.385565 -0.9023142 0 0.4310791 -0.9023142 0 0.4310791 -0.8797062 0 0.4755177 -0.8797062 0 0.4755177 -0.854909 0 0.518778 -0.854909 0 0.518778 -0.8279892 0 0.5607442 -0.8279892 0 0.5607442 -0.7990069 0 0.6013217 -0.7990069 0 0.6013217 -0.7680413 0 0.6404004 -0.7351654 0 0.6778879 -0.7680413 0 0.6404004 -0.7004613 0 0.7136905 -0.7351654 0 0.6778879 -0.7004613 0 0.7136905 -0.6640136 0 0.7477205 -0.6640136 0 0.7477205 -0.6259227 0 0.7798851 -0.5862671 0 0.8101178 -0.6259227 0 0.7798851 -0.5451589 0 0.8383327 -0.5862671 0 0.8101178 -0.5026916 0 0.8644657 -0.5451589 0 0.8383327 -0.5026916 0 0.8644657 -0.4589771 0 0.8884482 -0.4589771 0 0.8884482 -0.4141226 0 0.9102211 -0.4141226 0 0.9102211 0.3682337 0 -0.9297333 0.3682337 0 -0.9297333 0.3214385 0 -0.9469304 0.3214385 0 -0.9469304 0.2738332 0 -0.9617772 0.2738332 0 -0.9617772 0.2255525 0 -0.974231 0.1767152 0 -0.984262 0.2255525 0 -0.974231 0.1767152 0 -0.984262 0.1274293 0 -0.9918476 0.1274293 0 -0.9918476 0.07783272 0 -0.9969664 0.02804167 0 -0.9996067 0.07783272 0 -0.9969664 0.02804167 0 -0.9996067 -0.02181943 0 -0.9997619 -0.07162593 0 -0.9974316 -0.02181943 -0 -0.9997619 -0.07162593 0 -0.9974316 -0.1212552 -0 -0.9926214 -0.1212552 0 -0.9926214 -0.1705819 -0 -0.9853435 -0.1705819 0 -0.9853435 -0.2194886 -0 -0.9756151 -0.2194886 0 -0.9756151 -0.2678417 0 -0.9634629 -0.2678417 -0 -0.9634629 -0.3155349 0 -0.9489141 -0.3155349 -0 -0.9489141 -0.3624438 0 -0.9320057 -0.3624438 -0 -0.9320057 -0.4084456 0 -0.9127827 -0.4084456 -0 -0.9127827 -0.4534428 0 -0.8912854 -0.4534428 -0 -0.8912854 -0.4973005 0 -0.8675783 -0.4973005 -0 -0.8675783 -0.539928 0 -0.8417112 -0.539928 -0 -0.8417112 -0.5812138 0 -0.8137509 -0.5812138 -0 -0.8137509 -0.6210552 0 -0.7837668 -0.6593505 0 -0.7518356 -0.6210552 -0 -0.7837668 -0.6593505 0 -0.7518356 -0.6960048 0 -0.7180372 -0.6960048 -0 -0.7180372 -0.730933 0 -0.6824492 -0.730933 -0 -0.6824492 -0.764039 0 -0.64517 -0.7952504 0 -0.6062811 -0.764039 -0 -0.64517 -0.8244806 0 -0.5658902 -0.7952504 0 -0.6062811 -0.8244806 0 -0.5658902 -0.8516629 0 -0.52409 -0.8767307 0 -0.4809815 -0.8516629 -0 -0.52409 -0.8767307 0 -0.4809815 -0.8996142 0 -0.4366857 -0.9202615 0 -0.3913039 -0.8996142 -0 -0.4366857 -0.9202615 0 -0.3913039 -0.9386238 0 -0.3449425 -0.9386238 -0 -0.3449425 -0.9546524 0 -0.2977225 -0.9546524 -0 -0.2977225 -0.9683037 0 -0.2497759 -0.9795514 0 -0.2011938 -0.9683037 -0 -0.2497759 -0.9795514 0 -0.2011938 -0.9883618 -0 -0.1521215 -0.9883618 0 -0.1521215 -0.9947164 -0 -0.1026614 -0.9947164 0 -0.1026614 -0.998597 0 -0.05295311 -0.998597 0 -0.05295311 -0.9999952 -0 -0.003111142 -0.9999952 0 -0.003111142 -0.9989072 0 0.04673719 -0.9989072 0 0.04673719 -0.9953359 0 0.09647095 -0.9953359 0 0.09647095 -0.9892901 0 0.145963 -0.9892901 0 0.145963 -0.9807848 0 0.1950924 -0.9807848 0 0.1950924 -0.9698395 0 0.2437443 -0.9698395 0 0.2437443 -0.9564856 0 0.2917794 -0.9564856 0 0.2917794 -0.9407539 0 0.3390899 -0.9407539 0 0.3390899 -0.9226804 0 0.3855657 -0.9226804 0 0.3855657 -0.9023135 0 0.4310803 -0.9023135 0 0.4310803 -0.879707 0 0.4755162 -0.879707 0 0.4755162 -0.8549089 0 0.5187783 -0.8549089 0 0.5187783 -0.8279859 0 0.560749 -0.8279859 0 0.560749 -0.79901 0 0.6013178 -0.79901 0 0.6013178 -0.7680416 0 0.6404001 -0.7680416 0 0.6404001 -0.735163 0 0.6778904 -0.735163 0 0.6778904 -0.7004633 0 0.7136885 -0.6640161 0 0.7477183 -0.7004633 0 0.7136885 -0.6640161 0 0.7477183 -0.6259177 0 0.7798892 -0.6259177 0 0.7798892 -0.5862699 0 0.8101158 -0.5862699 0 0.8101158 -0.5451567 0 0.8383341 -0.5451567 0 0.8383341 -0.5026925 0 0.8644653 -0.5026925 0 0.8644653 -0.458979 0 0.8884471 -0.458979 0 0.8884471 -0.4141212 0 0.9102217 -0.4141212 0 0.9102217 -0.3682348 0 0.9297328 -0.3682348 0 0.9297328 -0.3214367 0 0.946931 -0.3214367 0 0.946931 -0.2738332 0 0.9617772 -0.2738332 0 0.9617772 -0.2255548 0 0.9742305 -0.2255548 0 0.9742305 -0.1767121 0 0.9842626 -0.1767121 0 0.9842626 -0.1274309 0 0.9918475 -0.1274309 0 0.9918475 -0.07783312 0 0.9969664 -0.07783312 0 0.9969664 -0.02804167 0 0.9996067 -0.02804167 0 0.9996067 0.02181983 0 0.9997619 0.02181983 0 0.9997619 0.07162593 0 0.9974316 0.07162593 0 0.9974316 0.1212552 -0 0.9926214 0.1212552 0 0.9926214 0.1705831 0 0.9853433 0.1705831 0 0.9853433 0.2194859 0 0.9756157 0.2194859 0 0.9756157 0.2678436 0 0.9634625 0.2678436 0 0.9634625 0.3155338 -0 0.9489143 0.3155338 0 0.9489143 0.3624442 -0 0.9320055 0.3624442 0 0.9320055 0.4084464 0 0.9127823 0.4084464 0 0.9127823 0.4534411 0 0.8912862 0.4534411 0 0.8912862 0.4973027 0 0.8675771 0.4973027 0 0.8675771 0.5399277 0 0.8417113 0.5812135 -0 0.8137511 0.5399277 0 0.8417113 0.5812135 0 0.8137511 0.6210544 -0 0.7837675 0.6210544 0 0.7837675 0.6593505 0 0.7518358 0.6960048 -0 0.7180372 0.6593505 0 0.7518358 0.6960048 0 0.7180372 0.7309315 0 0.6824509 0.7309315 0 0.6824509 0.7640405 0 0.6451682 0.7640405 0 0.6451682 0.7952498 0 0.6062819 0.7952498 0 0.6062819 0.824482 0 0.5658882 0.824482 0 0.5658882 0.8516642 0 0.5240878 0.8516642 0 0.5240878 0.8767282 -0 0.4809862 0.8767282 0 0.4809862 0.8996151 0 0.4366838 0.8996151 0 0.4366838 0.9202628 -0 0.3913009 0.9202628 0 0.3913009 0.9386238 0 0.3449428 0.9386238 0 0.3449428 0.9546508 -0 0.2977281 0.9546508 0 0.2977281 0.9683045 0 0.2497729 0.9683045 0 0.2497729 0.9795516 0 0.2011937 0.9795516 0 0.2011937 0.9883623 -0 0.1521185 0.9883623 0 0.1521185 0.9947161 0 0.1026645 0.9947161 0 0.1026645 0.998597 0 0.05295311 0.998597 0 0.05295311 0.9999952 0 0.003114323 0.9999952 0 0.003114323 0.9989072 0 -0.04673719 0.9989072 0 -0.04673719 0.9953359 0 -0.09647095 0.9953359 0 -0.09647095 0.9892895 0 -0.1459661 0.9892895 0 -0.1459661 0.9807844 0 -0.1950953 0.9807844 0 -0.1950953 0.969841 0 -0.2437382 0.969841 0 -0.2437382 0.9564855 0 -0.2917798 0.9564855 0 -0.2917798 0.940752 0 -0.3390956 0.940752 0 -0.3390956 0.9226806 0 -0.3855651 0.9226806 0 -0.3855651 0.9023146 0 -0.431078 0.9023146 0 -0.431078 0.8797055 0 -0.4755189 0.8797055 0 -0.4755189 0.8549103 0 -0.5187759 0.8549103 0 -0.5187759 0.8279873 0 -0.560747 0.8279873 0 -0.560747 0.7990068 0 -0.6013221 0.7990068 0 -0.6013221 0.7680421 0 -0.6403993 0.7680421 0 -0.6403993 0.7351647 0 -0.6778885 0.7351647 0 -0.6778885 0.7004606 0 -0.713691 0.7004606 0 -0.713691 0.6640179 0 -0.7477167 0.6640179 0 -0.7477167 0.625919 0 -0.7798881 0.625919 0 -0.7798881 0.586269 0 -0.8101165 0.586269 0 -0.8101165 0.5451581 0 -0.8383333 0.5451581 0 -0.8383333 0.5026917 0 -0.8644658 0.458978 0 -0.8884477 0.5026917 0 -0.8644658 0.458978 0 -0.8884477 0.4141219 0 -0.9102214 0.4141219 0 -0.9102214 0 1 0 0 1 0 0 1 0 0 1 0 0 1 0 0 1 0 0 1 0 0 1 0 0 1 0 0 1 0 0 1 0 0 1 0 0 1 0 0 1 0 0 1 0 0 1 0 0 1 0 0 1 0 0 1 0 0 1 0 0 1 0 0 1 0 0 1 0 0 1 0 0 1 0 0 1 0 0 1 0 0 1 0 0 1 0 0 1 0 0 1 0 0 1 0 0 1 0 0 1 0 0 1 0 0 1 0 0 1 0 0 1 0 0 1 0 0 1 0 0 1 0 0 1 0 0 1 0 0 1 0 0 1 0 0 1 0 0 1 0 0 1 0 0 1 0 0 1 0 0 1 0 0 1 0 0 1 0 0 1 0 0 1 0 0 1 0 0 1 0 0 1 0 0 1 0 0 1 0 0 1 0 0 1 0 0 1 0 0 1 0 0 1 0 0 1 0 0 1 0 0 1 0 0 1 0 0 1 0 0 1 0 0 1 0 0 1 0 0 1 0 0 1 0 0 1 0 0 1 0 0 1 0 0 1 0 0 1 0 0 1 0 0 1 0 0 1 0 0 1 0 0 1 0 0 1 0 0 1 0 0 1 0 0 1 0 0 1 0 0 1 0 0 1 0 0 1 0 0 1 0 0 1 0 0 1 0 0 1 0 0 1 0 0 1 0 0 1 0 0 1 0 0 1 0 0 1 0 0 1 0 0 1 0 0 1 0 0 1 0 0 1 0 0 1 0 0 1 0 0 1 0 0 1 0 0 1 0 0 1 0 0 1 0 0 1 0 0 1 0 0 1 0 0 1 0 0 1 0 0 1 0 0 1 0 0 1 0 0 1 0 0 1 0 0 1 0 0 1 0 0 1 0 0 1 0 0 1 0 0 1 0 0 1 0 0 1 0 0 1 0 0 1 0 0 1 0 0 1 0 0 1 0 0 1 0 0 1 0 0 1 0 0 1 0 0 1 0 0 1 0 0 1 0 0 1 0 0 1 0 0 1 0 0 1 0 0 1 0 0 1 0 0 1 0 0 1 0 0 1 0 0 1 0 0 1 0 0 1 0 0 1 0 0 1 0 0 1 0 0 1 0 0 1 0 0 1 0 0 1 0 0 1 0 0 1 0 0 1 0 0 1 0 0 1 0 0 1 0 0 1 0 0 1 0 0 1 0 0 1 0 0 1 0 0 1 0 0 1 0 0 1 0 0 1 0 0 1 0 0 1 0 0 1 0 0 1 0 0 1 0 0 1 0 0 1 0 0 1 0 0 1 0 0 1 0 0 1 0 0 1 0 0 1 0 0 1 0 0 1 0 0 1 0 0 1 0 0 1 0 0 1 0 0 1 0 0 1 0 0 1 0 0 1 0 0 1 0 0 1 0 0 1 0 0 1 0 0 1 0 0 1 0 0 1 0 0 1 0 0 1 0 0 1 0 0 1 0 0 1 0 0 1 0 0 1 0 0 1 0 0 1 0 0 1 0 0 1 0 0 1 0 0 1 0 0 1 0 0 1 0 0 1 0 0 1 0 0 1 0 0 1 0 0 1 0 0 1 0 0 1 0 0 1 0 0 1 0 0 1 0 0 1 0 0 1 0 0 1 0 0 1 0 0 1 0 0 1 0 0 1 0 0 1 0 0 1 0 0 1 0 0 1 0 0 1 0 0 1 0 0 1 0 0 1 0 0 1 0 0 1 0 0 1 0 -0.3682363 0 0.9297321 -0.3214345 0 0.9469318 -0.3682363 0 0.9297321 -0.3214345 0 0.9469318 -0.2738345 0 0.9617768 -0.2255533 0 0.9742308 -0.2738345 0 0.9617768 -0.2255533 0 0.9742308 -0.1767128 0 0.9842625 -0.1767128 0 0.9842625 -0.1274318 0 0.9918473 -0.1274318 0 0.9918473 -0.07783214 0 0.9969665 -0.07783214 0 0.9969665 -0.028043 0 0.9996067 -0.028043 0 0.9996067 0.02182044 0 0.9997619 0.02182044 0 0.9997619 0.07162599 0 0.9974316 0.1212551 0 0.9926214 0.07162599 0 0.9974316 0.1212551 0 0.9926214 0.1705832 0 0.9853433 0.1705832 0 0.9853433 0.2194868 0 0.9756154 0.2194868 0 0.9756154 0.2678433 0 0.9634625 0.3155349 0 0.948914 0.2678433 0 0.9634625 0.3155349 0 0.948914 0.3624418 0 0.9320064 0.3624418 0 0.9320064 0.4084489 0 0.9127812 0.4084489 0 0.9127812 0.4534382 0 0.8912877 0.4534382 0 0.8912877 0.4973027 0 0.8675771 0.4973027 0 0.8675771 0.5399289 0 0.8417106 0.5399289 0 0.8417106 0.5812141 0 0.8137507 0.6210546 0 0.7837673 0.5812141 0 0.8137507 0.6210546 0 0.7837673 0.6593498 0 0.7518363 0.6593498 0 0.7518363 0.6960052 0 0.7180367 0.6960052 0 0.7180367 0.7309308 0 0.6824516 0.7309308 0 0.6824516 0.7640417 0 0.6451669 0.7640417 0 0.6451669 0.7952485 0 0.6062837 0.7952485 0 0.6062837 0.8244829 0 0.5658869 0.8244829 0 0.5658869 0.8516631 0 0.5240897 0.8516631 0 0.5240897 0.8767302 0 0.4809825 0.8767302 0 0.4809825 0.899613 0 0.436688 0.9202638 0 0.3912984 0.899613 0 0.436688 0.9202638 0 0.3912984 0.9386229 0 0.344945 0.9386229 0 0.344945 0.9546517 0 0.2977251 0.9546517 0 0.2977251 0.9683047 0 0.2497717 0.9683047 0 0.2497717 0.9795508 0 0.201197 0.9795508 0 0.201197 0.9883624 0 0.1521175 0.9947158 0 0.1026665 0.9883624 0 0.1521175 0.9947158 0 0.1026665 0.9985971 0 0.05295156 0.9985971 0 0.05295156 0.9999951 0 0.003111248 0.9999951 0 0.003111248 0.9989074 0 -0.04673368 0.9989074 0 -0.04673368 0.9953357 0 -0.09647188 0.9953357 0 -0.09647188 0.9892898 0 -0.1459644 0.9892898 0 -0.1459644 0.9807843 0 -0.1950953 0.9807843 0 -0.1950953 0.9698408 0 -0.2437392 0.9698408 0 -0.2437392 0.9564853 0 -0.2917804 0.9564853 0 -0.2917804 0.9407526 0 -0.3390939 0.9407526 0 -0.3390939 0.9226797 0 -0.3855673 0.9226797 0 -0.3855673 0.902315 0 -0.4310774 0.902315 0 -0.4310774 0.8797069 0 -0.4755164 0.8797069 0 -0.4755164 0.8549078 0 -0.5187801 0.8549078 0 -0.5187801 0.827989 0 -0.5607443 0.827989 0 -0.5607443 0.7990083 0 -0.60132 0.7990083 0 -0.60132 0.7680401 0 -0.6404018 0.7680401 0 -0.6404018 0.7351661 0 -0.677887 0.7351661 0 -0.677887 0.700461 0 -0.7136907 0.700461 0 -0.7136907 0.6640153 0 -0.747719 0.625921 0 -0.7798864 0.6640153 0 -0.747719 0.625921 0 -0.7798864 0.5862659 0 -0.8101187 0.5862659 0 -0.8101187 0.5451591 0 -0.8383326 0.5451591 0 -0.8383326 0.502691 0 -0.8644662 0.502691 0 -0.8644662 0.4589789 0 -0.8884472 0.4141211 0 -0.9102218 0.4589789 0 -0.8884472 0.4141211 0 -0.9102218 0.3682369 0 -0.929732 0.3682369 0 -0.929732 0.321435 0 -0.9469317 0.321435 0 -0.9469317 0.2738351 0 -0.9617767 0.2738351 0 -0.9617767 0.2255533 0 -0.9742308 0.2255533 0 -0.9742308 0.1767123 0 -0.9842625 0.1767123 0 -0.9842625 0.1274312 0 -0.9918474 0.1274312 0 -0.9918474 0.07783272 0 -0.9969665 0.07783272 0 -0.9969665 0.02804184 0 -0.9996067 0.02804184 0 -0.9996067 -0.02181928 0 -0.9997619 -0.02181928 -0 -0.9997619 -0.07162656 0 -0.9974315 -0.07162656 -0 -0.9974315 -0.1212551 0 -0.9926214 -0.1212551 -0 -0.9926214 -0.1705826 0 -0.9853433 -0.1705826 -0 -0.9853433 -0.2194857 0 -0.9756157 -0.2194857 -0 -0.9756157 -0.2678438 0 -0.9634624 -0.2678438 -0 -0.9634624 -0.3155355 -0 -0.9489138 -0.3155355 -0 -0.9489138 -0.3624418 0 -0.9320064 -0.3624418 -0 -0.9320064 -0.4084499 0 -0.9127808 -0.4084499 -0 -0.9127808 -0.4534373 0 -0.8912882 -0.4534373 -0 -0.8912882 -0.4973036 0 -0.8675766 -0.4973036 -0 -0.8675766 -0.5399289 -0 -0.8417106 -0.5399289 -0 -0.8417106 -0.5812146 -0 -0.8137504 -0.6210537 -0 -0.783768 -0.5812146 0 -0.8137504 -0.659349 -0 -0.7518371 -0.6210537 -0 -0.783768 -0.659349 -0 -0.7518371 -0.6960061 -0 -0.7180359 -0.6960061 0 -0.7180359 -0.7309315 0 -0.6824508 -0.7309315 -0 -0.6824508 -0.76404 -0 -0.6451689 -0.76404 -0 -0.6451689 -0.7952501 0 -0.6062814 -0.7952501 -0 -0.6062814 -0.824481 -0 -0.5658898 -0.824481 -0 -0.5658898 -0.8516642 -0 -0.524088 -0.8516642 -0 -0.524088 -0.876729 -0 -0.4809849 -0.876729 -0 -0.4809849 -0.8996143 0 -0.4366853 -0.8996143 -0 -0.4366853 -0.9202628 -0 -0.391301 -0.9202628 -0 -0.391301 -0.9386244 -0 -0.3449409 -0.9386244 -0 -0.3449409 -0.9546503 0 -0.2977294 -0.9546503 -0 -0.2977294 -0.9683048 -0 -0.2497716 -0.9683048 -0 -0.2497716 -0.9795512 0 -0.201195 -0.9795512 -0 -0.201195 -0.9883621 -0 -0.1521197 -0.9883621 -0 -0.1521197 -0.9947161 -0 -0.1026642 -0.998597 -0 -0.05295387 -0.9947161 0 -0.1026642 -0.9999951 -0 -0.003111248 -0.998597 -0 -0.05295387 -0.9999951 -0 -0.003111248 -0.9989071 0 0.0467383 -0.9953359 0 0.09646964 -0.9989071 0 0.0467383 -0.9953359 0 0.09646964 -0.9892899 0 0.1459644 -0.9807843 0 0.1950953 -0.9892899 0 0.1459644 -0.9807843 0 0.1950953 -0.9698402 0 0.2437415 -0.9698402 0 0.2437415 -0.956486 0 0.2917783 -0.9407519 0 0.3390957 -0.956486 0 0.2917783 -0.9407519 0 0.3390957 -0.9226815 0 0.3855632 -0.9226815 0 0.3855632 -0.9023138 0 0.4310798 -0.9023138 0 0.4310798 -0.8797062 0 0.4755177 -0.8797062 0 0.4755177 -0.8549098 0 0.5187766 -0.8549098 0 0.5187766 -0.8279875 0 0.5607466 -0.7990077 0 0.6013208 -0.8279875 0 0.5607466 -0.7990077 0 0.6013208 -0.7680409 0 0.6404008 -0.7680409 0 0.6404008 -0.7351643 0 0.677889 -0.7351643 0 0.677889 -0.7004616 0 0.7136902 -0.7004616 0 0.7136902 -0.664016 0 0.7477184 -0.664016 0 0.7477184 -0.6259199 0 0.7798874 -0.5862688 0 0.8101165 -0.6259199 0 0.7798874 -0.5451574 0 0.8383337 -0.5862688 0 0.8101165 -0.5451574 0 0.8383337 -0.5026923 0 0.8644654 -0.5026923 0 0.8644654 -0.458978 0 0.8884476 -0.458978 0 0.8884476 -0.414122 0 0.9102214 -0.414122 0 0.9102214 0 -1 0 0 -1 0 0 -1 0 0 -1 -0 0 -1 0 0 -1 0 0 -1 -0 0 -1 0 0 -1 0 0 -1 0 0 -1 0 0 -1 -0 0 -1 0 0 -1 0 0 -1 -0 0 -1 0 0 -1 0 0 -1 0 0 -1 0 0 -1 0 0 -1 -0 0 -1 0 0 -1 0 0 -1 0 0 -1 -0 0 -1 0 0 -1 0 0 -1 -0 0 -1 0 0 -1 0 0 -1 0 0 -1 0 0 -1 0 0 -1 0 0 -1 0 0 -1 0 0 -1 0 0 -1 0 0 -1 0 0 -1 0 0 -1 0 0 -1 0 0 -1 0 0 -1 0 0 -1 0 0 -1 0 0 -1 0 0 -1 0 0 -1 0 0 -1 0 0 -1 0 0 -1 0 0 -1 0 0 -1 0 0 -1 0 0 -1 0 0 -1 0 0 -1 0 0 -1 0 0 -1 0 0 -1 0 0 -1 0 0 -1 0 0 -1 0 0 -1 0 0 -1 0 0 -1 0 0 -1 0 0 -1 0 0 -1 0 0 -1 0 0 -1 0 0 -1 0 0 -1 0 0 -1 0 0 -1 0 0 -1 0 0 -1 0 0 -1 0 0 -1 0 0 -1 0 0 -1 0 0 -1 0 0 -1 0 0 -1 0 0 -1 0 0 -1 0 0 -1 0 0 -1 0 0 -1 0 0 -1 0 0 -1 0 0 -1 0 0 -1 0 0 -1 0 0 -1 0 0 -1 0 0 -1 -0 0 -1 0 0 -1 0 0 -1 0 0 -1 -0 0 -1 0 0 -1 0 0 -1 0 0 -1 -0 0 -1 0 0 -1 0 0 -1 0 0 -1 -0 0 -1 0 0 -1 0 0 -1 0 0 -1 -0 0 -1 0 0 -1 0 0 -1 0 0 -1 -0 0 -1 0 0 -1 0 0 -1 0 0 -1 -0 0 -1 0 0 -1 0 0 -1 0 0 -1 0 0 -1 0 0 -1 -0 0 -1 -0 0 -1 0 0 -1 0 0 -1 -0 0 -1 0 0 -1 0 0 -1 0 0 -1 -0 0 -1 -0 0 -1 0 0 -1 0 0 -1 -0 0 -1 0 0 -1 0 0 -1 0 0 -1 -0 0 -1 0 0 -1 0 0 -1 0 0 -1 0 0 -1 -0 0 -1 0 0 -1 -0 0 -1 0 0 -1 0 0 -1 0 0 -1 0 0 -1 0 0 -1 -0 0 -1 0 0 -1 0 0 -1 -0 0 -1 0 0 -1 0 0 -1 0 0 -1 0 0 -1 0 0 -1 0 0 -1 0 0 -1 0 0 -1 0 0 -1 0 0 -1 0 0 -1 0 0 -1 0 0 -1 0 0 -1 0 0 -1 0 0 -1 0 0 -1 0 0 -1 0 0 -1 0 0 -1 0 0 -1 0 0 -1 0 0 -1 0 0 -1 0 0 -1 0 0 -1 0 0 -1 0 0 -1 0 0 -1 0 0 -1 0 0 -1 0 0 -1 0 0 -1 0 0 -1 0 0 -1 0 0 -1 0 0 -1 0 0 -1 0 0 -1 0 0 -1 0 0 -1 0 0 -1 0 0 -1 0 0 -1 0 0 -1 0 0 -1 0 0 -1 0 0 -1 0 0 -1 0 0 -1 0 0 -1 0 0 -1 0 0 -1 0 0 -1 0 0 -1 0 0 -1 0 0 -1 0 0 -1 0 0 -1 0 0 -1 0 0 -1 0 0 -1 0 0 -1 0 0 -1 0 0 -1 0 0 -1 -0 0 -1 0 0 -1 -0 0 -1 0 0 -1 0 0 -1 0 0 -1 0 0 -1 -0 0 -1 0 0 -1 0 0 -1 0 0 -1 -0 0 -1 0 0 -1 0 0 -1 0 0 -1 -0 0 -1 0 0 -1 0 0 -1 -0 0 -1 0 0 -1 0 0 -1 0 0 -1 0 0 -1 0 0 -1 -0 0 -1 0 0.3682337 0 -0.9297333 0.3682337 0 -0.9297333 0.3214385 0 -0.9469304 0.3214385 0 -0.9469304 0.2738332 0 -0.9617772 0.2738332 0 -0.9617772 0.2255525 0 -0.974231 0.1767152 0 -0.984262 0.2255525 0 -0.974231 0.1767152 0 -0.984262 0.1274293 0 -0.9918476 0.07783272 0 -0.9969664 0.1274293 0 -0.9918476 0.07783272 0 -0.9969664 0.02804167 0 -0.9996067 0.02804167 0 -0.9996067 -0.02181943 0 -0.9997619 -0.02181943 -0 -0.9997619 -0.07162593 0 -0.9974316 -0.1212552 0 -0.9926214 -0.07162593 -0 -0.9974316 -0.1212552 0 -0.9926214 -0.1705819 -0 -0.9853435 -0.1705819 0 -0.9853435 -0.2194886 -0 -0.9756151 -0.2194886 0 -0.9756151 -0.2678417 0 -0.9634629 -0.2678417 -0 -0.9634629 -0.3155349 0 -0.9489141 -0.3155349 -0 -0.9489141 -0.3624438 0 -0.9320057 -0.4084456 0 -0.9127827 -0.3624438 -0 -0.9320057 -0.4084456 0 -0.9127827 -0.4534428 0 -0.8912854 -0.4534428 -0 -0.8912854 -0.4973005 0 -0.8675783 -0.539928 0 -0.8417112 -0.4973005 -0 -0.8675783 -0.539928 0 -0.8417112 -0.5812138 0 -0.8137509 -0.6210552 0 -0.7837668 -0.5812138 -0 -0.8137509 -0.6210552 0 -0.7837668 -0.6593505 0 -0.7518356 -0.6960048 0 -0.7180372 -0.6593505 -0 -0.7518356 -0.6960048 0 -0.7180372 -0.730933 0 -0.6824492 -0.730933 -0 -0.6824492 -0.764039 0 -0.64517 -0.764039 -0 -0.64517 -0.7952504 0 -0.6062811 -0.8244806 0 -0.5658902 -0.7952504 -0 -0.6062811 -0.8244806 0 -0.5658902 -0.8516629 0 -0.52409 -0.8767307 0 -0.4809815 -0.8516629 -0 -0.52409 -0.8767307 0 -0.4809815 -0.8996142 0 -0.4366857 -0.9202615 0 -0.3913039 -0.8996142 -0 -0.4366857 -0.9202615 0 -0.3913039 -0.9386238 0 -0.3449425 -0.9546524 0 -0.2977225 -0.9386238 -0 -0.3449425 -0.9683037 0 -0.2497759 -0.9546524 0 -0.2977225 -0.9795514 0 -0.2011938 -0.9683037 0 -0.2497759 -0.9795514 0 -0.2011938 -0.9883618 -0 -0.1521215 -0.9883618 0 -0.1521215 -0.9947164 -0 -0.1026614 -0.9947164 0 -0.1026614 -0.998597 -0 -0.05295311 -0.998597 0 -0.05295311 -0.9999952 -0 -0.003111142 -0.9999952 0 -0.003111142 -0.9989072 0 0.04673719 -0.9989072 0 0.04673719 -0.9953359 0 0.09647095 -0.9953359 0 0.09647095 -0.9892901 0 0.145963 -0.9892901 0 0.145963 -0.9807848 0 0.1950924 -0.9807848 0 0.1950924 -0.9698395 0 0.2437443 -0.9698395 0 0.2437443 -0.9564856 0 0.2917794 -0.9564856 0 0.2917794 -0.9407539 0 0.3390899 -0.9407539 0 0.3390899 -0.9226804 0 0.3855657 -0.9226804 0 0.3855657 -0.9023135 0 0.4310803 -0.9023135 0 0.4310803 -0.879707 0 0.4755162 -0.879707 0 0.4755162 -0.8549089 0 0.5187783 -0.8549089 0 0.5187783 -0.8279859 0 0.560749 -0.8279859 0 0.560749 -0.79901 0 0.6013178 -0.79901 0 0.6013178 -0.7680416 0 0.6404001 -0.735163 0 0.6778904 -0.7680416 0 0.6404001 -0.735163 0 0.6778904 -0.7004633 0 0.7136885 -0.7004633 0 0.7136885 -0.6640161 0 0.7477183 -0.6640161 0 0.7477183 -0.6259177 0 0.7798892 -0.6259177 0 0.7798892 -0.5862699 0 0.8101158 -0.5862699 0 0.8101158 -0.5451567 0 0.8383341 -0.5451567 0 0.8383341 -0.5026925 0 0.8644653 -0.5026925 0 0.8644653 -0.458979 0 0.8884471 -0.458979 0 0.8884471 -0.4141212 0 0.9102217 -0.4141212 0 0.9102217 -0.3682348 0 0.9297328 -0.3682348 0 0.9297328 -0.3214367 0 0.946931 -0.3214367 0 0.946931 -0.2738332 0 0.9617772 -0.2738332 0 0.9617772 -0.2255548 0 0.9742305 -0.2255548 0 0.9742305 -0.1767121 0 0.9842626 -0.1767121 0 0.9842626 -0.1274309 0 0.9918475 -0.1274309 0 0.9918475 -0.07783312 0 0.9969664 -0.07783312 0 0.9969664 -0.02804167 0 0.9996067 -0.02804167 0 0.9996067 0.02181983 0 0.9997619 0.02181983 0 0.9997619 0.07162593 0 0.9974316 0.07162593 0 0.9974316 0.1212552 0 0.9926214 0.1212552 0 0.9926214 0.1705831 0 0.9853433 0.1705831 0 0.9853433 0.2194859 0 0.9756157 0.2194859 0 0.9756157 0.2678436 -0 0.9634625 0.2678436 0 0.9634625 0.3155338 0 0.9489143 0.3155338 0 0.9489143 0.3624442 0 0.9320055 0.3624442 0 0.9320055 0.4084464 0 0.9127823 0.4084464 0 0.9127823 0.4534411 0 0.8912862 0.4534411 0 0.8912862 0.4973027 0 0.8675771 0.4973027 0 0.8675771 0.5399277 0 0.8417113 0.5399277 0 0.8417113 0.5812135 0 0.8137511 0.5812135 0 0.8137511 0.6210544 0 0.7837675 0.6210544 0 0.7837675 0.6593505 0 0.7518358 0.6593505 0 0.7518358 0.6960048 0 0.7180372 0.6960048 0 0.7180372 0.7309315 0 0.6824509 0.7309315 0 0.6824509 0.7640405 0 0.6451682 0.7640405 0 0.6451682 0.7952498 0 0.6062819 0.7952498 0 0.6062819 0.824482 0 0.5658882 0.824482 0 0.5658882 0.8516642 0 0.5240878 0.8516642 0 0.5240878 0.8767282 0 0.4809862 0.8767282 0 0.4809862 0.8996151 0 0.4366838 0.8996151 0 0.4366838 0.9202628 0 0.3913009 0.9202628 0 0.3913009 0.9386238 0 0.3449428 0.9386238 0 0.3449428 0.9546508 0 0.2977281 0.9546508 0 0.2977281 0.9683045 0 0.2497729 0.9683045 0 0.2497729 0.9795516 0 0.2011937 0.9795516 0 0.2011937 0.9883623 -0 0.1521185 0.9883623 0 0.1521185 0.9947161 0 0.1026645 0.9947161 0 0.1026645 0.998597 0 0.05295311 0.998597 0 0.05295311 0.9999952 0 0.003114323 0.9989072 0 -0.04673719 0.9999952 0 0.003114323 0.9989072 0 -0.04673719 0.9953359 0 -0.09647095 0.9953359 0 -0.09647095 0.9892895 0 -0.1459661 0.9807844 0 -0.1950953 0.9892895 0 -0.1459661 0.9807844 0 -0.1950953 0.969841 0 -0.2437382 0.9564855 0 -0.2917798 0.969841 0 -0.2437382 0.9564855 0 -0.2917798 0.940752 0 -0.3390956 0.940752 0 -0.3390956 0.9226806 0 -0.3855651 0.9226806 0 -0.3855651 0.9023146 0 -0.431078 0.9023146 0 -0.431078 0.8797055 0 -0.4755189 0.8797055 0 -0.4755189 0.8549103 0 -0.5187759 0.8549103 0 -0.5187759 0.8279873 0 -0.560747 0.8279873 0 -0.560747 0.7990068 0 -0.6013221 0.7990068 0 -0.6013221 0.7680421 0 -0.6403993 0.7680421 0 -0.6403993 0.7351647 0 -0.6778885 0.7351647 0 -0.6778885 0.7004606 0 -0.713691 0.6640179 0 -0.7477167 0.7004606 0 -0.713691 0.6640179 0 -0.7477167 0.625919 0 -0.7798881 0.586269 0 -0.8101165 0.625919 0 -0.7798881 0.586269 0 -0.8101165 0.5451581 0 -0.8383333 0.5451581 0 -0.8383333 0.5026917 0 -0.8644658 0.458978 0 -0.8884477 0.5026917 0 -0.8644658 0.4141219 0 -0.9102214 0.458978 0 -0.8884477 0.4141219 0 -0.9102214 0 1 0 0 1 0 0 1 0 0 1 0 0 1 0 0 1 0 0 1 0 0 1 0 0 1 0 0 1 0 0 1 0 0 1 0 0 1 0 0 1 0 0 1 0 0 1 0 0 1 0 0 1 0 0 1 0 0 1 0 0 1 0 0 1 0 0 1 0 0 1 0 0 1 0 0 1 0 0 1 0 0 1 0 0 1 0 0 1 0 0 1 0 0 1 0 0 1 0 0 1 0 0 1 0 0 1 0 0 1 0 0 1 0 0 1 0 0 1 0 0 1 0 0 1 0 0 1 0 0 1 0 0 1 0 0 1 0 0 1 0 0 1 0 0 1 0 0 1 0 0 1 0 0 1 0 0 1 0 0 1 0 0 1 0 0 1 0 0 1 0 0 1 0 0 1 0 0 1 0 0 1 0 0 1 0 0 1 0 0 1 0 0 1 0 0 1 0 0 1 0 0 1 0 0 1 0 0 1 0 0 1 0 0 1 0 0 1 0 0 1 0 0 1 0 0 1 0 0 1 0 0 1 0 0 1 0 0 1 0 0 1 0 0 1 0 0 1 0 0 1 0 0 1 0 0 1 0 0 1 0 0 1 0 0 1 0 0 1 0 0 1 0 0 1 0 0 1 0 0 1 0 0 1 0 0 1 0 0 1 0 0 1 0 0 1 0 0 1 0 0 1 0 0 1 0 0 1 0 0 1 0 0 1 0 0 1 0 0 1 0 0 1 0 0 1 0 0 1 0 0 1 0 0 1 0 0 1 0 0 1 0 0 1 0 0 1 0 0 1 0 0 1 0 0 1 0 0 1 0 0 1 0 0 1 0 0 1 0 0 1 0 0 1 0 0 1 0 0 1 0 0 1 0 0 1 0 0 1 0 0 1 0 0 1 0 0 1 0 0 1 0 0 1 0 0 1 0 0 1 0 0 1 0 0 1 0 0 1 0 0 1 0 0 1 0 0 1 0 0 1 0 0 1 0 0 1 0 0 1 0 0 1 0 0 1 0 0 1 0 0 1 0 0 1 0 0 1 0 0 1 0 0 1 0 0 1 0 0 1 0 0 1 0 0 1 0 0 1 0 0 1 0 0 1 0 0 1 0 0 1 0 0 1 0 0 1 0 0 1 0 0 1 0 0 1 0 0 1 0 0 1 0 0 1 0 0 1 0 0 1 0 0 1 0 0 1 0 0 1 0 0 1 0 0 1 0 0 1 0 0 1 0 0 1 0 0 1 0 0 1 0 0 1 0 0 1 0 0 1 0 0 1 0 0 1 0 0 1 0 0 1 0 0 1 0 0 1 0 0 1 0 0 1 0 0 1 0 0 1 0 0 1 0 0 1 0 0 1 0 0 1 0 0 1 0 0 1 0 0 1 0 0 1 0 0 1 0 0 1 0 0 1 0 0 1 0 0 1 0 0 1 0 0 1 0 0 1 0 0 1 0 0 1 0 0 1 0 0 1 0 0 1 0 0 1 0 0 1 0 0 1 0 0 1 0 0 1 0 0 1 0 0 1 0 0 1 0 0 1 0 0 1 0 0 1 0 0 1 0 0 1 0 0 1 0 0 1 0 0 1 0 0 1 0 0 1 0 0 1 0 0 1 0 0 1 0 0 1 0 0 1 0 0 1 0 0 1 0 0 1 0 0 1 0 0 1 0 0 1 0 0 1 0 0 1 0 0 1 0 0 1 0 0 1 0 0.3682347 0 -0.9297329 0.3682347 0 -0.9297329 0.3214365 0 -0.9469311 0.3214365 0 -0.9469311 0.2738345 0 -0.9617768 0.2738345 0 -0.9617768 0.2255546 0 -0.9742305 0.2255546 0 -0.9742305 0.1767126 0 -0.9842625 0.1767126 0 -0.9842625 0.1274311 0 -0.9918475 0.1274311 0 -0.9918475 0.07783187 0 -0.9969665 0.02804227 0 -0.9996067 0.07783187 0 -0.9969665 0.02804227 0 -0.9996067 -0.02182084 0 -0.9997619 -0.02182084 -0 -0.9997619 -0.07162527 0 -0.9974316 -0.1212564 0 -0.9926212 -0.07162527 -0 -0.9974316 -0.1212564 0 -0.9926212 -0.1705826 -0 -0.9853434 -0.1705826 0 -0.9853434 -0.2194849 0 -0.9756159 -0.2194849 0 -0.9756159 -0.2678424 0 -0.9634628 -0.2678424 -0 -0.9634628 -0.3155358 0 -0.9489137 -0.3155358 0 -0.9489137 -0.3624429 -0 -0.932006 -0.3624429 0 -0.932006 -0.4084491 0 -0.9127811 -0.4084491 -0 -0.9127811 -0.4534375 0 -0.8912881 -0.4973023 0 -0.8675774 -0.4534375 -0 -0.8912881 -0.4973023 0 -0.8675774 -0.5399307 0 -0.8417095 -0.5399307 -0 -0.8417095 -0.581213 0 -0.8137515 -0.581213 -0 -0.8137515 -0.6210545 0 -0.7837673 -0.6210545 -0 -0.7837673 -0.6593506 0 -0.7518356 -0.6960046 0 -0.7180373 -0.6593506 -0 -0.7518356 -0.6960046 0 -0.7180373 -0.7309304 0 -0.682452 -0.7309304 -0 -0.682452 -0.7640426 0 -0.6451659 -0.7640426 -0 -0.6451659 -0.7952491 0 -0.6062828 -0.8244816 0 -0.5658886 -0.7952491 -0 -0.6062828 -0.8244816 0 -0.5658886 -0.8516632 0 -0.5240895 -0.8767289 0 -0.4809848 -0.8516632 -0 -0.5240895 -0.8767289 0 -0.4809848 -0.8996153 0 -0.4366833 -0.8996153 -0 -0.4366833 -0.9202622 0 -0.3913021 -0.938623 0 -0.3449448 -0.9202622 -0 -0.3913021 -0.938623 0 -0.3449448 -0.9546515 0 -0.2977256 -0.9683048 0 -0.2497717 -0.9546515 -0 -0.2977256 -0.9683048 0 -0.2497717 -0.9795507 -0 -0.2011973 -0.9795507 0 -0.2011973 -0.9883628 0 -0.1521153 -0.9883628 0 -0.1521153 -0.9947156 -0 -0.1026683 -0.9947156 0 -0.1026683 -0.9985971 -0 -0.05295062 -0.9985971 0 -0.05295062 -0.9999952 0 -0.003114447 -0.9999952 0 -0.003114447 -0.998907 0 0.0467414 -0.998907 0 0.0467414 -0.995336 0 0.09646904 -0.995336 0 0.09646904 -0.9892897 0 0.1459652 -0.9892897 0 0.1459652 -0.980785 0 0.1950917 -0.980785 0 0.1950917 -0.9698405 0 0.2437402 -0.9698405 0 0.2437402 -0.9564848 0 0.2917822 -0.9564848 0 0.2917822 -0.940752 0 0.3390954 -0.940752 0 0.3390954 -0.9226804 0 0.3855657 -0.9226804 0 0.3855657 -0.9023157 0 0.4310758 -0.9023157 0 0.4310758 -0.8797051 0 0.4755197 -0.8797051 0 0.4755197 -0.8549094 0 0.5187774 -0.8279889 0 0.5607445 -0.8549094 0 0.5187774 -0.8279889 0 0.5607445 -0.7990079 0 0.6013204 -0.7680396 0 0.6404024 -0.7990079 0 0.6013204 -0.7680396 0 0.6404024 -0.7351664 0 0.6778867 -0.7351664 0 0.6778867 -0.7004607 0 0.7136911 -0.6640155 0 0.7477188 -0.7004607 0 0.7136911 -0.6640155 0 0.7477188 -0.6259217 0 0.7798859 -0.5862658 0 0.8101188 -0.6259217 0 0.7798859 -0.5862658 0 0.8101188 -0.5451577 0 0.8383335 -0.5451577 0 0.8383335 -0.5026943 0 0.8644643 -0.4589765 0 0.8884484 -0.5026943 0 0.8644643 -0.4589765 0 0.8884484 -0.4141216 0 0.9102216 -0.4141216 0 0.9102216 -0.3682362 0 0.9297323 -0.3682362 0 0.9297323 -0.3214354 0 0.9469315 -0.3214354 0 0.9469315 -0.273834 0 0.961777 -0.273834 0 0.961777 -0.2255552 0 0.9742304 -0.2255552 0 0.9742304 -0.1767114 0 0.9842627 -0.1767114 0 0.9842627 -0.1274311 0 0.9918475 -0.1274311 0 0.9918475 -0.0778331 0 0.9969664 -0.0778331 0 0.9969664 -0.02804166 0 0.9996068 -0.02804166 0 0.9996068 0.0218196 0 0.9997619 0.0218196 0 0.9997619 0.07162649 -0 0.9974315 0.07162649 0 0.9974315 0.1212552 -0 0.9926214 0.1212552 0 0.9926214 0.1705826 0 0.9853434 0.1705826 0 0.9853434 0.2194855 -0 0.9756157 0.2194855 0 0.9756157 0.2678435 0 0.9634624 0.2678435 0 0.9634624 0.3155358 -0 0.9489137 0.3155358 0 0.9489137 0.3624413 -0 0.9320066 0.3624413 0 0.9320066 0.4084491 0 0.9127811 0.4084491 0 0.9127811 0.4534383 -0 0.8912877 0.4534383 0 0.8912877 0.497303 0 0.867577 0.497303 0 0.867577 0.5399298 0 0.84171 0.581214 -0 0.8137507 0.5399298 0 0.84171 0.581214 0 0.8137507 0.6210532 0 0.7837685 0.6593494 -0 0.7518367 0.6210532 0 0.7837685 0.696006 -0 0.718036 0.6593494 0 0.7518367 0.696006 0 0.718036 0.7309314 -0 0.682451 0.7309314 0 0.682451 0.7640401 -0 0.6451688 0.7640401 0 0.6451688 0.7952493 -0 0.6062825 0.7952493 0 0.6062825 0.8244818 0 0.5658885 0.8244818 0 0.5658885 0.8516644 -0 0.5240876 0.8516644 0 0.5240876 0.8767287 -0 0.4809851 0.8767287 0 0.4809851 0.8996142 0 0.4366856 0.8996142 0 0.4366856 0.9202632 0 0.3912997 0.9202632 0 0.3912997 0.9386238 0 0.3449425 0.9386238 0 0.3449425 0.9546508 0 0.2977281 0.9546508 0 0.2977281 0.9683047 0 0.2497719 0.9683047 0 0.2497719 0.9795512 -0 0.2011948 0.9795512 0 0.2011948 0.988362 0 0.1521201 0.988362 0 0.1521201 0.9947161 0 0.1026634 0.9947161 0 0.1026634 0.998597 0 0.05295308 0.9999952 -0 0.003111983 0.998597 0 0.05295308 0.9999952 0 0.003111983 0.9989072 0 -0.04673648 0.9953358 0 -0.09647148 0.9989072 0 -0.04673648 0.9953358 0 -0.09647148 0.9892901 0 -0.1459627 0.9892901 0 -0.1459627 0.9807841 0 -0.1950966 0.9807841 0 -0.1950966 0.9698406 0 -0.2437399 0.9698406 0 -0.2437399 0.9564853 0 -0.2917803 0.9564853 0 -0.2917803 0.9407529 0 -0.3390929 0.9226801 0 -0.3855663 0.9407529 0 -0.3390929 0.9226801 0 -0.3855663 0.902315 0 -0.4310774 0.902315 0 -0.4310774 0.8797061 0 -0.4755177 0.8797061 0 -0.4755177 0.8549092 0 -0.5187777 0.8549092 0 -0.5187777 0.8279877 0 -0.5607463 0.8279877 0 -0.5607463 0.7990084 0 -0.6013199 0.7990084 0 -0.6013199 0.7680411 0 -0.6404005 0.7680411 0 -0.6404005 0.7351641 0 -0.6778892 0.7351641 0 -0.6778892 0.7004614 0 -0.7136903 0.7004614 0 -0.7136903 0.6640168 0 -0.7477177 0.6640168 0 -0.7477177 0.6259196 0 -0.7798876 0.6259196 0 -0.7798876 0.5862682 0 -0.8101169 0.5862682 0 -0.8101169 0.5451569 0 -0.838334 0.5026932 0 -0.8644649 0.5451569 0 -0.838334 0.5026932 0 -0.8644649 0.458976 0 -0.8884487 0.458976 0 -0.8884487 0.4141226 0 -0.9102212 0.4141226 0 -0.9102212 0 -1 0 0 -1 0 0 -1 0 0 -1 -0 0 -1 0 0 -1 0 0 -1 -0 0 -1 0 0 -1 0 0 -1 0 0 -1 -0 0 -1 0 0 -1 0 0 -1 0 0 -1 0 0 -1 -0 0 -1 0 0 -1 0 0 -1 -0 0 -1 0 0 -1 0 0 -1 0 0 -1 -0 0 -1 0 0 -1 0 0 -1 0 0 -1 -0 0 -1 0 0 -1 0 0 -1 0 0 -1 0 0 -1 0 0 -1 0 0 -1 0 0 -1 0 0 -1 0 0 -1 0 0 -1 0 0 -1 0 0 -1 0 0 -1 0 0 -1 0 0 -1 0 0 -1 0 0 -1 0 0 -1 0 0 -1 0 0 -1 0 0 -1 0 0 -1 0 0 -1 0 0 -1 0 0 -1 0 0 -1 0 0 -1 0 0 -1 0 0 -1 0 0 -1 0 0 -1 0 0 -1 0 0 -1 0 0 -1 0 0 -1 0 0 -1 0 0 -1 0 0 -1 0 0 -1 0 0 -1 0 0 -1 0 0 -1 0 0 -1 0 0 -1 0 0 -1 0 0 -1 0 0 -1 0 0 -1 0 0 -1 0 0 -1 0 0 -1 0 0 -1 0 0 -1 0 0 -1 0 0 -1 -0 0 -1 0 0 -1 0 0 -1 0 0 -1 0 0 -1 0 0 -1 0 0 -1 0 0 -1 0 0 -1 0 0 -1 0 0 -1 0 0 -1 -0 0 -1 0 0 -1 0 0 -1 -0 0 -1 0 0 -1 0 0 -1 0 0 -1 -0 0 -1 0 0 -1 0 0 -1 0 0 -1 -0 0 -1 0 0 -1 0 0 -1 0 0 -1 -0 0 -1 0 0 -1 0 0 -1 -0 0 -1 -0 0 -1 0 0 -1 0 0 -1 -0 0 -1 0 0 -1 0 0 -1 0 0 -1 -0 0 -1 0 0 -1 0 0 -1 0 0 -1 0 0 -1 0 0 -1 0 0 -1 -0 0 -1 0 0 -1 0 0 -1 -0 0 -1 0 0 -1 0 0 -1 0 0 -1 0 0 -1 -0 0 -1 -0 0 -1 0 0 -1 -0 0 -1 0 0 -1 0 0 -1 0 0 -1 -0 0 -1 0 0 -1 0 0 -1 0 0 -1 0 0 -1 0 0 -1 0 0 -1 -0 0 -1 0 0 -1 -0 0 -1 0 0 -1 0 0 -1 0 0 -1 0 0 -1 0 0 -1 0 0 -1 0 0 -1 0 0 -1 0 0 -1 0 0 -1 0 0 -1 0 0 -1 0 0 -1 0 0 -1 0 0 -1 0 0 -1 0 0 -1 0 0 -1 0 0 -1 0 0 -1 0 0 -1 0 0 -1 0 0 -1 0 0 -1 0 0 -1 0 0 -1 0 0 -1 0 0 -1 0 0 -1 0 0 -1 0 0 -1 0 0 -1 0 0 -1 0 0 -1 0 0 -1 0 0 -1 0 0 -1 0 0 -1 0 0 -1 0 0 -1 0 0 -1 0 0 -1 0 0 -1 0 0 -1 0 0 -1 0 0 -1 0 0 -1 0 0 -1 0 0 -1 0 0 -1 0 0 -1 0 0 -1 0 0 -1 0 0 -1 0 0 -1 0 0 -1 0 0 -1 0 0 -1 0 0 -1 0 0 -1 0 0 -1 0 0 -1 0 0 -1 0 0 -1 0 0 -1 0 0 -1 0 0 -1 0 0 -1 0 0 -1 0 0 -1 0 0 -1 0 0 -1 0 0 -1 0 0 -1 -0 0 -1 0 0 -1 0 0 -1 0 0 -1 -0 0 -1 0 0 -1 -0 0 -1 0 0 -1 0 0 -1 0 0 -1 0 0 -1 -0 0 -1 0 0 -1 0 0 -1 0 0 -1 -0 0 -1 0 0 -1 0 0 -1 0 0 -1 0 0 -1 -0 0 -1 0 0 -1 0 0 -1 0 0 -1 0 0 -1 -0</float_array>
          <technique_common>
            <accessor count="7056" source="#cubenormals-array0-array" stride="3">
              <param type="float" name="X"/>
              <param type="float" name="Y"/>
              <param type="float" name="Z"/>
            </accessor>
          </technique_common>
        </source>
        <vertices id="cubeverts-array0-vertices">
          <input semantic="POSITION" source="#cubeverts-array0"/>
        </vertices>
        <triangles count="7056" material="ref_Wheel__L__shape004">
          <input offset="0" semantic="VERTEX" source="#cubeverts-array0-vertices"/>
          <input offset="1" semantic="NORMAL" source="#cubenormals-array0"/>
          <p>0 0 1 0 2 0 0 1 3 1 1 1 0 2 2 2 4 2 5 3 2 3 6 3 5 4 4 4 2 4 7 5 8 5 3 5 7 6 3 6 0 6 9 7 6 7 10 7 9 8 5 8 6 8 11 9 8 9 7 9 12 10 10 10 13 10 12 11 9 11 10 11 14 12 15 12 8 12 14 13 8 13 11 13 16 14 13 14 17 14 16 15 12 15 13 15 18 16 19 16 15 16 18 17 15 17 14 17 20 18 16 18 17 18 20 19 17 19 21 19 22 20 23 20 19 20 22 21 19 21 18 21 24 22 20 22 21 22 24 23 21 23 25 23 26 24 27 24 23 24 26 25 28 25 27 25 26 26 23 26 22 26 29 27 24 27 25 27 29 28 30 28 31 28 29 29 25 29 30 29 32 30 28 30 26 30 33 31 29 31 31 31 33 32 31 32 34 32 35 33 28 33 32 33 35 34 36 34 28 34 37 35 33 35 34 35 37 36 34 36 38 36 39 37 36 37 35 37 39 38 40 38 36 38 41 39 37 39 38 39 42 40 40 40 39 40 42 41 43 41 40 41 44 42 45 42 46 42 44 43 38 43 45 43 44 44 41 44 38 44 47 45 43 45 42 45 47 46 48 46 43 46 47 47 49 47 48 47 50 48 44 48 46 48 51 49 49 49 47 49 52 50 46 50 53 50 52 51 50 51 46 51 54 52 49 52 51 52 54 53 55 53 49 53 56 54 57 54 58 54 56 55 53 55 57 55 56 56 52 56 53 56 59 57 60 57 55 57 59 58 55 58 54 58 61 59 58 59 62 59 61 60 56 60 58 60 63 61 60 61 59 61 63 62 64 62 60 62 65 63 62 63 66 63 65 64 61 64 62 64 67 65 68 65 64 65 67 66 64 66 63 66 69 67 65 67 66 67 70 68 71 68 68 68 70 69 68 69 67 69 72 70 66 70 73 70 72 71 69 71 66 71 74 72 75 72 71 72 74 73 76 73 75 73 74 74 71 74 70 74 77 75 72 75 73 75 77 76 73 76 78 76 79 77 76 77 74 77 79 78 80 78 76 78 81 79 82 79 83 79 81 80 78 80 82 80 81 81 77 81 78 81 84 82 80 82 79 82 85 83 81 83 83 83 86 84 80 84 84 84 86 85 87 85 80 85 88 86 85 86 83 86 88 87 83 87 89 87 90 88 91 88 87 88 90 89 87 89 86 89 92 90 91 90 90 90 93 91 88 91 89 91 93 92 89 92 94 92 95 93 93 93 94 93 96 94 92 94 90 94 97 95 93 95 95 95 98 96 92 96 96 96 98 97 99 97 92 97 100 98 95 98 101 98 100 99 97 99 95 99 102 100 99 100 98 100 102 101 103 101 99 101 104 102 101 102 105 102 104 103 100 103 101 103 106 104 103 104 102 104 107 105 106 105 102 105 108 106 105 106 109 106 108 107 104 107 105 107 110 108 106 108 107 108 110 109 111 109 106 109 112 110 108 110 109 110 113 111 108 111 112 111 114 112 115 112 111 112 114 113 111 113 110 113 116 114 112 114 117 114 116 115 113 115 112 115 118 116 115 116 114 116 118 117 119 117 115 117 120 118 116 118 117 118 121 119 116 119 120 119 122 120 123 120 119 120 122 121 119 121 118 121 124 122 120 122 125 122 124 123 121 123 120 123 126 124 122 124 127 124 126 125 123 125 122 125 128 126 129 126 124 126 128 127 124 127 125 127 130 128 127 128 131 128 130 129 126 129 127 129 132 130 129 130 128 130 133 131 132 131 128 131 134 132 131 132 135 132 134 133 130 133 131 133 136 134 132 134 133 134 136 135 137 135 132 135 138 136 134 136 135 136 139 137 134 137 138 137 140 138 137 138 136 138 141 139 140 139 136 139 142 140 138 140 143 140 142 141 139 141 138 141 144 142 140 142 141 142 144 143 145 143 140 143 146 144 143 144 147 144 146 145 142 145 143 145 148 146 146 146 147 146 149 147 150 147 145 147 149 148 145 148 144 148 151 149 146 149 148 149 152 150 153 150 150 150 152 151 150 151 149 151 154 152 148 152 155 152 154 153 151 153 148 153 156 154 157 154 153 154 156 155 153 155 152 155 158 156 155 156 159 156 158 157 154 157 155 157 160 158 161 158 157 158 160 159 157 159 156 159 162 160 161 160 160 160 163 161 159 161 164 161 163 162 158 162 159 162 165 163 162 163 160 163 166 164 164 164 167 164 166 165 167 165 168 165 166 166 163 166 164 166 169 167 170 167 171 167 169 168 171 168 162 168 169 169 162 169 165 169 172 170 166 170 168 170 173 171 174 171 170 171 173 172 170 172 169 172 175 173 168 173 176 173 175 174 172 174 168 174 177 175 174 175 173 175 178 176 175 176 176 176 178 177 176 177 179 177 178 178 179 178 180 178 181 179 174 179 177 179 181 180 182 180 174 180 183 181 178 181 180 181 184 182 182 182 181 182 184 183 185 183 182 183 186 184 180 184 187 184 186 185 187 185 188 185 186 186 183 186 180 186 189 187 190 187 185 187 189 188 185 188 184 188 189 189 191 189 190 189 192 190 186 190 188 190 193 191 194 191 191 191 193 192 191 192 189 192 195 193 188 193 196 193 195 194 192 194 188 194 197 195 194 195 193 195 198 196 196 196 199 196 198 197 195 197 196 197 200 198 201 198 202 198 200 199 202 199 194 199 200 200 194 200 197 200 203 201 199 201 204 201 203 202 198 202 199 202 205 203 201 203 200 203 206 204 204 204 207 204 206 205 203 205 204 205 208 206 209 206 210 206 208 207 210 207 201 207 208 208 201 208 205 208 211 209 207 209 212 209 211 210 206 210 207 210 213 211 209 211 208 211 214 212 212 212 215 212 214 213 211 213 212 213 216 214 217 214 209 214 216 215 209 215 213 215 218 216 215 216 219 216 218 217 214 217 215 217 220 218 221 218 217 218 220 219 217 219 216 219 222 220 219 220 223 220 222 221 218 221 219 221 224 222 221 222 220 222 224 223 225 223 221 223 226 224 222 224 223 224 226 225 223 225 227 225 228 226 225 226 224 226 228 227 229 227 225 227 230 228 226 228 227 228 230 229 227 229 231 229 232 230 229 230 228 230 232 231 233 231 234 231 232 232 234 232 229 232 235 233 230 233 231 233 235 234 231 234 236 234 237 235 233 235 232 235 237 236 238 236 233 236 239 237 236 237 240 237 239 238 235 238 236 238 241 239 238 239 237 239 242 240 240 240 243 240 242 241 239 241 240 241 244 242 238 242 241 242 244 243 245 243 238 243 246 244 243 244 247 244 246 245 242 245 243 245 248 246 249 246 245 246 248 247 245 247 244 247 250 248 246 248 247 248 250 249 247 249 251 249 250 250 251 250 249 250 250 251 249 251 248 251 190 252 252 252 185 252 253 253 252 253 190 253 185 254 254 254 182 254 182 255 254 255 174 255 252 256 254 256 185 256 254 257 255 257 174 257 174 258 256 258 170 258 255 259 256 259 174 259 170 260 257 260 171 260 171 261 257 261 162 261 256 262 257 262 170 262 162 263 258 263 161 263 257 264 258 264 162 264 258 265 259 265 161 265 161 266 260 266 157 266 259 267 260 267 161 267 157 268 261 268 153 268 260 269 261 269 157 269 153 270 262 270 150 270 261 271 262 271 153 271 262 272 263 272 150 272 150 273 263 273 145 273 145 274 263 274 140 274 263 275 264 275 140 275 264 276 265 276 140 276 140 277 265 277 137 277 137 278 266 278 132 278 265 279 266 279 137 279 132 280 266 280 129 280 266 281 267 281 129 281 267 282 268 282 129 282 129 283 268 283 124 283 124 284 269 284 121 284 121 285 269 285 116 285 268 286 269 286 124 286 269 287 270 287 116 287 270 288 271 288 116 288 116 289 271 289 113 289 113 290 272 290 108 290 271 291 272 291 113 291 108 292 273 292 104 292 104 293 273 293 100 293 272 294 273 294 108 294 273 295 274 295 100 295 100 296 275 296 97 296 274 297 275 297 100 297 97 298 276 298 93 298 275 299 276 299 97 299 93 300 277 300 88 300 276 301 277 301 93 301 88 302 278 302 85 302 277 303 278 303 88 303 85 304 279 304 81 304 81 305 279 305 77 305 278 306 279 306 85 306 279 307 280 307 77 307 77 308 281 308 72 308 280 309 281 309 77 309 72 310 282 310 69 310 69 311 282 311 65 311 281 312 282 312 72 312 282 313 283 313 65 313 65 314 284 314 61 314 283 315 284 315 65 315 61 316 285 316 56 316 284 317 285 317 61 317 56 318 286 318 52 318 285 319 286 319 56 319 52 320 287 320 50 320 50 321 287 321 44 321 286 322 287 322 52 322 287 323 288 323 44 323 288 324 289 324 44 324 44 325 289 325 41 325 289 326 290 326 41 326 41 327 290 327 37 327 290 328 291 328 37 328 37 329 291 329 33 329 291 330 292 330 33 330 33 331 292 331 29 331 292 332 293 332 29 332 29 333 293 333 24 333 24 334 293 334 20 334 293 335 294 335 20 335 294 336 295 336 20 336 20 337 295 337 16 337 295 338 296 338 16 338 16 339 296 339 12 339 296 340 297 340 12 340 12 341 297 341 9 341 9 342 297 342 5 342 297 343 298 343 5 343 298 344 299 344 5 344 5 345 299 345 4 345 4 346 299 346 0 346 299 347 300 347 0 347 0 348 301 348 7 348 300 349 301 349 0 349 7 350 302 350 11 350 11 351 302 351 14 351 301 352 302 352 7 352 14 353 303 353 18 353 302 354 303 354 14 354 303 355 304 355 18 355 18 356 305 356 22 356 22 357 305 357 26 357 304 358 305 358 18 358 305 359 306 359 26 359 26 360 307 360 32 360 32 361 307 361 35 361 306 362 307 362 26 362 35 363 308 363 39 363 307 364 308 364 35 364 308 365 309 365 39 365 39 366 310 366 42 366 42 367 310 367 47 367 309 368 310 368 39 368 310 369 311 369 47 369 47 370 312 370 51 370 311 371 312 371 47 371 51 372 313 372 54 372 312 373 313 373 51 373 313 374 314 374 54 374 54 375 314 375 59 375 314 376 315 376 59 376 59 377 315 377 63 377 315 378 316 378 63 378 63 379 316 379 67 379 67 380 316 380 70 380 316 381 317 381 70 381 317 382 318 382 70 382 70 383 318 383 74 383 74 384 318 384 79 384 318 385 319 385 79 385 319 386 320 386 79 386 79 387 320 387 84 387 84 388 320 388 86 388 320 389 321 389 86 389 321 390 322 390 86 390 86 391 322 391 90 391 90 392 322 392 96 392 322 393 323 393 96 393 323 394 324 394 96 394 96 395 324 395 98 395 98 396 324 396 102 396 324 397 325 397 102 397 325 398 326 398 102 398 102 399 326 399 107 399 326 400 327 400 107 400 107 401 327 401 110 401 110 402 327 402 114 402 327 403 328 403 114 403 328 404 329 404 114 404 114 405 329 405 118 405 118 406 329 406 122 406 329 407 330 407 122 407 330 408 331 408 122 408 122 409 331 409 127 409 127 410 331 410 131 410 331 411 332 411 131 411 332 412 333 412 131 412 131 413 333 413 135 413 333 414 334 414 135 414 135 415 334 415 138 415 138 416 334 416 143 416 334 417 335 417 143 417 143 418 336 418 147 418 147 419 336 419 148 419 335 420 336 420 143 420 336 421 337 421 148 421 148 422 338 422 155 422 155 423 338 423 159 423 337 424 338 424 148 424 338 425 339 425 159 425 339 426 340 426 159 426 159 427 340 427 164 427 164 428 340 428 167 428 340 429 341 429 167 429 341 430 342 430 167 430 167 431 342 431 168 431 168 432 342 432 176 432 342 433 343 433 176 433 343 434 344 434 176 434 176 435 344 435 179 435 344 436 345 436 179 436 179 437 345 437 180 437 180 438 345 438 187 438 345 439 346 439 187 439 346 440 347 440 187 440 187 441 347 441 188 441 188 442 347 442 196 442 347 443 348 443 196 443 348 444 349 444 196 444 196 445 349 445 199 445 199 446 349 446 204 446 349 447 350 447 204 447 204 448 350 448 207 448 350 449 351 449 207 449 212 450 352 450 215 450 351 451 352 451 207 451 207 452 352 452 212 452 352 453 353 453 215 453 215 454 354 454 219 454 219 455 354 455 223 455 353 456 354 456 215 456 223 457 355 457 227 457 354 458 355 458 223 458 227 459 356 459 231 459 355 460 356 460 227 460 356 461 357 461 231 461 231 462 358 462 236 462 236 463 358 463 240 463 357 464 358 464 231 464 358 465 359 465 240 465 240 466 360 466 243 466 359 467 360 467 240 467 243 468 361 468 247 468 360 469 361 469 243 469 247 470 362 470 251 470 251 471 362 471 249 471 361 472 362 472 247 472 249 473 363 473 245 473 362 474 363 474 249 474 363 475 364 475 245 475 364 476 365 476 245 476 245 477 365 477 238 477 365 478 366 478 238 478 238 479 366 479 233 479 233 480 367 480 234 480 366 481 367 481 233 481 367 482 368 482 234 482 234 483 368 483 229 483 229 484 369 484 225 484 368 485 369 485 229 485 225 486 370 486 221 486 369 487 370 487 225 487 221 488 371 488 217 488 370 489 371 489 221 489 217 490 372 490 209 490 371 491 372 491 217 491 209 492 373 492 210 492 372 493 373 493 209 493 210 494 374 494 201 494 201 495 374 495 202 495 373 496 374 496 210 496 374 497 375 497 202 497 202 498 376 498 194 498 375 499 376 499 202 499 194 500 377 500 191 500 376 501 377 501 194 501 191 502 253 502 190 502 377 503 253 503 191 503 378 504 300 504 299 504 379 505 300 505 378 505 380 506 299 506 298 506 380 507 378 507 299 507 381 508 300 508 379 508 381 509 301 509 300 509 382 510 298 510 297 510 382 511 380 511 298 511 383 512 302 512 301 512 383 513 303 513 302 513 383 514 301 514 381 514 384 515 297 515 296 515 384 516 382 516 297 516 385 517 303 517 383 517 386 518 295 518 294 518 386 519 296 519 295 519 386 520 384 520 296 520 387 521 304 521 303 521 387 522 303 522 385 522 388 523 386 523 294 523 389 524 304 524 387 524 389 525 305 525 304 525 390 526 388 526 294 526 390 527 294 527 293 527 391 528 305 528 389 528 391 529 306 529 305 529 392 530 390 530 293 530 392 531 293 531 292 531 393 532 307 532 306 532 393 533 308 533 307 533 393 534 306 534 391 534 394 535 291 535 290 535 394 536 292 536 291 536 394 537 392 537 292 537 395 538 308 538 393 538 396 539 394 539 290 539 397 540 309 540 308 540 397 541 310 541 309 541 397 542 308 542 395 542 398 543 396 543 290 543 398 544 290 544 289 544 399 545 310 545 397 545 400 546 288 546 287 546 400 547 289 547 288 547 400 548 398 548 289 548 401 549 310 549 399 549 401 550 311 550 310 550 402 551 400 551 287 551 403 552 311 552 401 552 403 553 312 553 311 553 404 554 402 554 287 554 404 555 287 555 286 555 405 556 313 556 312 556 405 557 312 557 403 557 406 558 286 558 285 558 406 559 404 559 286 559 407 560 314 560 313 560 407 561 313 561 405 561 408 562 285 562 284 562 408 563 406 563 285 563 409 564 315 564 314 564 409 565 314 565 407 565 410 566 284 566 283 566 410 567 408 567 284 567 411 568 315 568 409 568 411 569 316 569 315 569 411 570 317 570 316 570 412 571 283 571 282 571 412 572 410 572 283 572 413 573 317 573 411 573 414 574 282 574 281 574 414 575 412 575 282 575 415 576 317 576 413 576 415 577 318 577 317 577 415 578 319 578 318 578 416 579 414 579 281 579 416 580 281 580 280 580 417 581 319 581 415 581 418 582 416 582 280 582 418 583 279 583 278 583 418 584 280 584 279 584 419 585 319 585 417 585 419 586 320 586 319 586 419 587 321 587 320 587 420 588 418 588 278 588 421 589 321 589 419 589 422 590 278 590 277 590 422 591 420 591 278 591 423 592 322 592 321 592 423 593 321 593 421 593 424 594 277 594 276 594 424 595 422 595 277 595 425 596 322 596 423 596 425 597 323 597 322 597 426 598 276 598 275 598 426 599 424 599 276 599 427 600 323 600 425 600 427 601 324 601 323 601 428 602 275 602 274 602 428 603 426 603 275 603 429 604 324 604 427 604 429 605 325 605 324 605 430 606 274 606 273 606 430 607 428 607 274 607 431 608 325 608 429 608 431 609 326 609 325 609 432 610 273 610 272 610 432 611 430 611 273 611 271 612 432 612 272 612 433 613 326 613 431 613 433 614 327 614 326 614 434 615 432 615 271 615 435 616 328 616 327 616 435 617 327 617 433 617 436 618 271 618 270 618 436 619 434 619 271 619 437 620 329 620 328 620 437 621 328 621 435 621 438 622 270 622 269 622 438 623 436 623 270 623 330 624 329 624 437 624 439 625 330 625 437 625 440 626 269 626 268 626 440 627 438 627 269 627 331 628 330 628 439 628 331 629 439 629 441 629 267 630 440 630 268 630 267 631 442 631 440 631 332 632 441 632 443 632 332 633 331 633 441 633 266 634 444 634 442 634 266 635 442 635 267 635 445 636 444 636 266 636 333 637 443 637 446 637 333 638 332 638 443 638 265 639 445 639 266 639 447 640 445 640 265 640 334 641 446 641 448 641 334 642 333 642 446 642 449 643 334 643 448 643 264 644 447 644 265 644 335 645 334 645 449 645 263 646 447 646 264 646 263 647 450 647 451 647 263 648 451 648 447 648 336 649 449 649 452 649 336 650 335 650 449 650 262 651 450 651 263 651 337 652 452 652 453 652 337 653 336 653 452 653 261 654 454 654 450 654 261 655 450 655 262 655 338 656 453 656 455 656 338 657 337 657 453 657 260 658 456 658 454 658 260 659 454 659 261 659 339 660 455 660 457 660 339 661 338 661 455 661 259 662 458 662 456 662 259 663 456 663 260 663 340 664 457 664 459 664 340 665 339 665 457 665 258 666 460 666 458 666 258 667 458 667 259 667 341 668 459 668 461 668 341 669 340 669 459 669 257 670 462 670 460 670 257 671 460 671 258 671 342 672 461 672 463 672 342 673 341 673 461 673 256 674 464 674 462 674 256 675 462 675 257 675 343 676 463 676 465 676 343 677 342 677 463 677 255 678 464 678 256 678 255 679 466 679 467 679 255 680 467 680 464 680 344 681 343 681 465 681 344 682 465 682 468 682 254 683 466 683 255 683 345 684 468 684 469 684 345 685 469 685 470 685 345 686 344 686 468 686 252 687 471 687 466 687 252 688 466 688 254 688 346 689 345 689 470 689 253 690 471 690 252 690 253 691 472 691 471 691 347 692 470 692 473 692 347 693 346 693 470 693 377 694 472 694 253 694 377 695 474 695 472 695 348 696 473 696 475 696 348 697 347 697 473 697 376 698 476 698 474 698 376 699 474 699 377 699 349 700 475 700 477 700 349 701 348 701 475 701 375 702 476 702 376 702 375 703 478 703 476 703 350 704 477 704 479 704 350 705 349 705 477 705 374 706 478 706 375 706 374 707 480 707 478 707 351 708 479 708 481 708 351 709 350 709 479 709 373 710 480 710 374 710 373 711 482 711 483 711 373 712 483 712 480 712 352 713 481 713 484 713 352 714 351 714 481 714 372 715 482 715 373 715 353 716 352 716 484 716 353 717 484 717 485 717 371 718 482 718 372 718 371 719 486 719 487 719 371 720 487 720 482 720 354 721 485 721 488 721 354 722 353 722 485 722 370 723 486 723 371 723 370 724 489 724 486 724 355 725 354 725 488 725 355 726 488 726 490 726 369 727 489 727 370 727 356 728 355 728 490 728 356 729 490 729 491 729 368 730 489 730 369 730 368 731 492 731 493 731 368 732 493 732 489 732 357 733 491 733 494 733 357 734 356 734 491 734 367 735 492 735 368 735 358 736 494 736 495 736 358 737 495 737 496 737 358 738 357 738 494 738 366 739 492 739 367 739 366 740 497 740 492 740 359 741 358 741 496 741 365 742 498 742 499 742 365 743 499 743 497 743 365 744 497 744 366 744 360 745 496 745 500 745 360 746 359 746 496 746 364 747 498 747 365 747 361 748 500 748 501 748 361 749 501 749 502 749 361 750 360 750 500 750 363 751 502 751 503 751 363 752 503 752 498 752 363 753 498 753 364 753 362 754 361 754 502 754 362 755 502 755 363 755 504 756 505 756 506 756 504 757 506 757 507 757 504 758 508 758 505 758 509 759 510 759 511 759 509 760 507 760 510 760 512 761 513 761 514 761 512 762 515 762 513 762 512 763 514 763 516 763 517 764 518 764 519 764 520 765 504 765 507 765 520 766 428 766 430 766 520 767 426 767 428 767 520 768 430 768 504 768 521 769 515 769 512 769 521 770 511 770 515 770 521 771 509 771 511 771 522 772 512 772 516 772 522 773 516 773 523 773 522 774 523 774 524 774 525 775 507 775 509 775 525 776 424 776 426 776 525 777 422 777 424 777 525 778 520 778 507 778 525 779 426 779 520 779 526 780 521 780 512 780 527 781 524 781 528 781 527 782 528 782 529 782 527 783 522 783 524 783 530 784 525 784 509 784 530 785 420 785 422 785 530 786 418 786 420 786 530 787 521 787 526 787 530 788 422 788 525 788 530 789 509 789 521 789 531 790 526 790 512 790 471 791 472 791 532 791 531 792 512 792 522 792 533 793 529 793 534 793 533 794 527 794 529 794 533 795 534 795 535 795 536 796 530 796 526 796 536 797 526 797 531 797 536 798 416 798 418 798 536 799 414 799 416 799 536 800 418 800 530 800 537 801 531 801 522 801 537 802 522 802 527 802 538 803 533 803 535 803 538 804 535 804 539 804 538 805 539 805 540 805 541 806 414 806 536 806 541 807 412 807 414 807 541 808 410 808 412 808 541 809 536 809 531 809 542 810 527 810 533 810 542 811 537 811 527 811 543 812 540 812 544 812 543 813 544 813 545 813 543 814 538 814 540 814 546 815 410 815 541 815 546 816 408 816 410 816 546 817 406 817 408 817 546 818 531 818 537 818 546 819 541 819 531 819 547 820 542 820 533 820 547 821 533 821 538 821 548 822 543 822 545 822 548 823 545 823 549 823 548 824 549 824 550 824 551 825 537 825 542 825 551 826 546 826 537 826 551 827 404 827 406 827 551 828 402 828 404 828 551 829 406 829 546 829 552 830 547 830 538 830 552 831 538 831 543 831 553 832 548 832 550 832 553 833 550 833 554 833 553 834 554 834 555 834 556 835 402 835 551 835 556 836 400 836 402 836 556 837 398 837 400 837 556 838 551 838 542 838 556 839 547 839 552 839 556 840 542 840 547 840 557 841 552 841 543 841 557 842 543 842 548 842 558 843 555 843 559 843 558 844 559 844 560 844 558 845 553 845 555 845 561 846 556 846 552 846 561 847 396 847 398 847 561 848 394 848 396 848 561 849 398 849 556 849 561 850 552 850 557 850 562 851 557 851 548 851 562 852 548 852 553 852 563 853 560 853 564 853 563 854 564 854 565 854 563 855 558 855 560 855 566 856 392 856 394 856 566 857 390 857 392 857 566 858 561 858 557 858 566 859 394 859 561 859 567 860 553 860 558 860 567 861 562 861 553 861 568 862 563 862 565 862 568 863 565 863 569 863 568 864 569 864 570 864 571 865 390 865 566 865 571 866 388 866 390 866 571 867 386 867 388 867 571 868 566 868 557 868 571 869 562 869 567 869 571 870 557 870 562 870 572 871 567 871 558 871 572 872 558 872 563 872 573 873 568 873 570 873 573 874 570 874 574 874 573 875 574 875 575 875 576 876 384 876 386 876 576 877 382 877 384 877 576 878 567 878 572 878 576 879 386 879 571 879 576 880 571 880 567 880 577 881 563 881 568 881 577 882 572 882 563 882 577 883 568 883 573 883 578 884 573 884 575 884 578 885 575 885 579 885 578 886 579 886 580 886 581 887 380 887 382 887 581 888 382 888 576 888 581 889 378 889 380 889 581 890 576 890 572 890 582 891 577 891 573 891 583 892 578 892 580 892 583 893 580 893 584 893 583 894 584 894 585 894 586 895 379 895 378 895 586 896 381 896 379 896 586 897 378 897 581 897 586 898 581 898 572 898 586 899 572 899 577 899 587 900 582 900 573 900 587 901 573 901 578 901 587 902 578 902 583 902 588 903 583 903 585 903 588 904 585 904 589 904 588 905 589 905 590 905 591 906 586 906 577 906 591 907 383 907 381 907 591 908 385 908 383 908 591 909 381 909 586 909 591 910 577 910 582 910 592 911 587 911 583 911 593 912 590 912 594 912 593 913 594 913 595 913 593 914 588 914 590 914 596 915 587 915 592 915 596 916 582 916 587 916 596 917 387 917 385 917 596 918 389 918 387 918 596 919 591 919 582 919 596 920 385 920 591 920 597 921 592 921 583 921 597 922 583 922 588 922 597 923 588 923 593 923 598 924 595 924 599 924 598 925 599 925 600 925 598 926 593 926 595 926 601 927 389 927 596 927 601 928 391 928 389 928 601 929 393 929 391 929 601 930 596 930 592 930 602 931 597 931 593 931 603 932 598 932 600 932 603 933 600 933 604 933 603 934 604 934 605 934 606 935 393 935 601 935 606 936 395 936 393 936 606 937 397 937 395 937 606 938 597 938 602 938 606 939 601 939 592 939 606 940 592 940 597 940 607 941 602 941 593 941 607 942 593 942 598 942 608 943 603 943 605 943 608 944 605 944 609 944 608 945 609 945 610 945 611 946 606 946 602 946 611 947 399 947 397 947 611 948 401 948 399 948 611 949 602 949 607 949 611 950 397 950 606 950 612 951 603 951 608 951 612 952 607 952 598 952 612 953 598 953 603 953 613 954 608 954 610 954 613 955 610 955 614 955 613 956 614 956 615 956 616 957 611 957 607 957 616 958 403 958 401 958 616 959 405 959 403 959 616 960 401 960 611 960 617 961 612 961 608 961 618 962 613 962 615 962 618 963 615 963 619 963 618 964 619 964 620 964 621 965 607 965 612 965 621 966 407 966 405 966 621 967 409 967 407 967 621 968 616 968 607 968 621 969 405 969 616 969 622 970 608 970 613 970 622 971 617 971 608 971 622 972 613 972 618 972 623 973 618 973 620 973 623 974 620 974 624 974 623 975 624 975 625 975 626 976 621 976 612 976 626 977 617 977 622 977 626 978 411 978 409 978 626 979 413 979 411 979 626 980 409 980 621 980 626 981 612 981 617 981 627 982 622 982 618 982 628 983 625 983 629 983 628 984 629 984 630 984 628 985 623 985 625 985 631 986 626 986 622 986 631 987 415 987 413 987 631 988 417 988 415 988 631 989 413 989 626 989 632 990 627 990 618 990 632 991 618 991 623 991 633 992 630 992 634 992 633 993 634 993 635 993 633 994 628 994 630 994 636 995 417 995 631 995 636 996 419 996 417 996 636 997 421 997 419 997 636 998 631 998 622 998 636 999 622 999 627 999 637 1000 623 1000 628 1000 637 1001 632 1001 623 1001 638 1002 635 1002 639 1002 638 1003 639 1003 640 1003 638 1004 633 1004 635 1004 641 1005 421 1005 636 1005 641 1006 632 1006 637 1006 641 1007 636 1007 627 1007 641 1008 423 1008 421 1008 641 1009 425 1009 423 1009 641 1010 627 1010 632 1010 642 1011 633 1011 638 1011 642 1012 637 1012 628 1012 642 1013 628 1013 633 1013 643 1014 640 1014 644 1014 643 1015 644 1015 645 1015 643 1016 638 1016 640 1016 646 1017 425 1017 641 1017 646 1018 641 1018 637 1018 646 1019 427 1019 425 1019 646 1020 429 1020 427 1020 647 1021 642 1021 638 1021 648 1022 645 1022 649 1022 648 1023 649 1023 650 1023 648 1024 643 1024 645 1024 651 1025 646 1025 637 1025 651 1026 637 1026 642 1026 651 1027 429 1027 646 1027 651 1028 431 1028 429 1028 651 1029 433 1029 431 1029 652 1030 638 1030 643 1030 652 1031 647 1031 638 1031 652 1032 643 1032 648 1032 653 1033 650 1033 654 1033 653 1034 654 1034 655 1034 653 1035 648 1035 650 1035 656 1036 642 1036 647 1036 656 1037 651 1037 642 1037 656 1038 433 1038 651 1038 656 1039 435 1039 433 1039 656 1040 437 1040 435 1040 657 1041 652 1041 648 1041 658 1042 655 1042 659 1042 658 1043 659 1043 660 1043 658 1044 653 1044 655 1044 661 1045 652 1045 657 1045 661 1046 656 1046 647 1046 661 1047 647 1047 652 1047 661 1048 437 1048 656 1048 661 1049 439 1049 437 1049 661 1050 441 1050 439 1050 662 1051 648 1051 653 1051 662 1052 653 1052 658 1052 662 1053 657 1053 648 1053 663 1054 660 1054 664 1054 663 1055 664 1055 665 1055 663 1056 658 1056 660 1056 666 1057 661 1057 657 1057 666 1058 441 1058 661 1058 666 1059 443 1059 441 1059 666 1060 446 1060 443 1060 667 1061 662 1061 658 1061 668 1062 665 1062 669 1062 668 1063 669 1063 670 1063 668 1064 663 1064 665 1064 671 1065 666 1065 657 1065 671 1066 657 1066 662 1066 671 1067 446 1067 666 1067 671 1068 448 1068 446 1068 671 1069 449 1069 448 1069 672 1070 658 1070 663 1070 672 1071 667 1071 658 1071 672 1072 663 1072 668 1072 673 1073 670 1073 674 1073 673 1074 674 1074 675 1074 673 1075 668 1075 670 1075 676 1076 662 1076 667 1076 676 1077 671 1077 662 1077 676 1078 452 1078 449 1078 676 1079 453 1079 452 1079 676 1080 449 1080 671 1080 677 1081 672 1081 668 1081 678 1082 675 1082 679 1082 678 1083 679 1083 680 1083 678 1084 673 1084 675 1084 681 1085 676 1085 667 1085 681 1086 667 1086 672 1086 681 1087 455 1087 453 1087 681 1088 457 1088 455 1088 681 1089 453 1089 676 1089 682 1090 668 1090 673 1090 682 1091 677 1091 668 1091 683 1092 680 1092 684 1092 683 1093 684 1093 685 1093 683 1094 678 1094 680 1094 686 1095 681 1095 672 1095 686 1096 459 1096 457 1096 686 1097 461 1097 459 1097 686 1098 672 1098 677 1098 686 1099 457 1099 681 1099 687 1100 682 1100 673 1100 687 1101 673 1101 678 1101 688 1102 685 1102 689 1102 688 1103 689 1103 690 1103 688 1104 683 1104 685 1104 691 1105 677 1105 682 1105 691 1106 686 1106 677 1106 691 1107 461 1107 686 1107 691 1108 463 1108 461 1108 691 1109 465 1109 463 1109 692 1110 687 1110 678 1110 692 1111 678 1111 683 1111 693 1112 690 1112 694 1112 693 1113 694 1113 695 1113 693 1114 688 1114 690 1114 696 1115 682 1115 687 1115 696 1116 465 1116 691 1116 696 1117 468 1117 465 1117 696 1118 691 1118 682 1118 696 1119 469 1119 468 1119 697 1120 692 1120 683 1120 697 1121 683 1121 688 1121 698 1122 693 1122 695 1122 698 1123 695 1123 699 1123 698 1124 699 1124 700 1124 701 1125 469 1125 696 1125 701 1126 696 1126 687 1126 701 1127 687 1127 692 1127 701 1128 470 1128 469 1128 701 1129 473 1129 470 1129 702 1130 697 1130 688 1130 702 1131 688 1131 693 1131 703 1132 700 1132 704 1132 703 1133 704 1133 705 1133 703 1134 698 1134 700 1134 706 1135 692 1135 697 1135 706 1136 701 1136 692 1136 706 1137 473 1137 701 1137 706 1138 475 1138 473 1138 706 1139 477 1139 475 1139 707 1140 693 1140 698 1140 707 1141 702 1141 693 1141 707 1142 698 1142 703 1142 708 1143 705 1143 709 1143 708 1144 703 1144 705 1144 708 1145 709 1145 710 1145 711 1146 697 1146 702 1146 711 1147 706 1147 697 1147 711 1148 477 1148 706 1148 711 1149 479 1149 477 1149 711 1150 481 1150 479 1150 712 1151 707 1151 703 1151 713 1152 708 1152 710 1152 713 1153 710 1153 714 1153 713 1154 714 1154 715 1154 716 1155 485 1155 484 1155 716 1156 711 1156 702 1156 716 1157 702 1157 707 1157 716 1158 481 1158 711 1158 716 1159 484 1159 481 1159 717 1160 703 1160 708 1160 717 1161 712 1161 703 1161 718 1162 713 1162 715 1162 718 1163 715 1163 719 1163 718 1164 719 1164 720 1164 721 1165 488 1165 485 1165 721 1166 490 1166 488 1166 721 1167 485 1167 716 1167 721 1168 707 1168 712 1168 721 1169 716 1169 707 1169 722 1170 708 1170 713 1170 722 1171 717 1171 708 1171 723 1172 718 1172 720 1172 723 1173 720 1173 724 1173 723 1174 724 1174 725 1174 726 1175 491 1175 490 1175 726 1176 494 1176 491 1176 726 1177 490 1177 721 1177 726 1178 712 1178 717 1178 726 1179 721 1179 712 1179 727 1180 722 1180 713 1180 727 1181 713 1181 718 1181 728 1182 725 1182 729 1182 728 1183 729 1183 730 1183 728 1184 723 1184 725 1184 731 1185 495 1185 494 1185 731 1186 496 1186 495 1186 731 1187 494 1187 726 1187 731 1188 717 1188 722 1188 731 1189 726 1189 717 1189 732 1190 718 1190 723 1190 732 1191 723 1191 728 1191 732 1192 727 1192 718 1192 733 1193 730 1193 734 1193 733 1194 734 1194 735 1194 733 1195 728 1195 730 1195 736 1196 500 1196 496 1196 736 1197 501 1197 500 1197 736 1198 496 1198 731 1198 736 1199 722 1199 727 1199 736 1200 731 1200 722 1200 737 1201 732 1201 728 1201 738 1202 735 1202 739 1202 738 1203 739 1203 740 1203 738 1204 733 1204 735 1204 741 1205 736 1205 727 1205 741 1206 501 1206 736 1206 741 1207 502 1207 501 1207 741 1208 503 1208 502 1208 741 1209 727 1209 732 1209 742 1210 737 1210 728 1210 742 1211 728 1211 733 1211 743 1212 740 1212 744 1212 743 1213 744 1213 745 1213 743 1214 738 1214 740 1214 746 1215 498 1215 503 1215 746 1216 499 1216 498 1216 746 1217 741 1217 732 1217 746 1218 503 1218 741 1218 746 1219 732 1219 737 1219 747 1220 742 1220 733 1220 747 1221 733 1221 738 1221 748 1222 743 1222 745 1222 748 1223 745 1223 749 1223 748 1224 749 1224 750 1224 751 1225 497 1225 499 1225 751 1226 492 1226 497 1226 751 1227 746 1227 737 1227 751 1228 737 1228 742 1228 751 1229 499 1229 746 1229 752 1230 738 1230 743 1230 752 1231 747 1231 738 1231 753 1232 750 1232 754 1232 753 1233 754 1233 755 1233 753 1234 748 1234 750 1234 756 1235 492 1235 751 1235 756 1236 493 1236 492 1236 756 1237 489 1237 493 1237 756 1238 742 1238 747 1238 756 1239 751 1239 742 1239 757 1240 743 1240 748 1240 757 1241 748 1241 753 1241 757 1242 752 1242 743 1242 758 1243 753 1243 755 1243 758 1244 759 1244 517 1244 758 1245 755 1245 760 1245 758 1246 760 1246 759 1246 761 1247 486 1247 489 1247 761 1248 487 1248 486 1248 761 1249 756 1249 747 1249 761 1250 489 1250 756 1250 761 1251 747 1251 752 1251 762 1252 757 1252 753 1252 763 1253 482 1253 487 1253 763 1254 483 1254 482 1254 763 1255 487 1255 761 1255 763 1256 752 1256 757 1256 763 1257 761 1257 752 1257 764 1258 753 1258 758 1258 764 1259 762 1259 753 1259 764 1260 758 1260 517 1260 764 1261 517 1261 765 1261 766 1262 480 1262 483 1262 766 1263 478 1263 480 1263 766 1264 483 1264 763 1264 766 1265 757 1265 762 1265 766 1266 763 1266 757 1266 767 1267 476 1267 478 1267 767 1268 474 1268 476 1268 767 1269 762 1269 764 1269 767 1270 766 1270 762 1270 767 1271 478 1271 766 1271 767 1272 765 1272 532 1272 767 1273 764 1273 765 1273 767 1274 532 1274 474 1274 517 1275 759 1275 518 1275 472 1276 474 1276 532 1276 768 1277 519 1277 769 1277 768 1278 769 1278 770 1278 768 1279 517 1279 519 1279 771 1280 768 1280 770 1280 771 1281 770 1281 772 1281 771 1282 772 1282 773 1282 774 1283 517 1283 768 1283 774 1284 765 1284 517 1284 775 1285 771 1285 773 1285 775 1286 773 1286 776 1286 775 1287 776 1287 777 1287 778 1288 774 1288 768 1288 778 1289 768 1289 771 1289 779 1290 775 1290 777 1290 779 1291 777 1291 780 1291 779 1292 780 1292 781 1292 782 1293 466 1293 471 1293 782 1294 467 1294 466 1294 782 1295 532 1295 765 1295 782 1296 765 1296 774 1296 782 1297 471 1297 532 1297 783 1298 771 1298 775 1298 783 1299 778 1299 771 1299 784 1300 779 1300 781 1300 784 1301 781 1301 785 1301 784 1302 785 1302 786 1302 787 1303 464 1303 467 1303 787 1304 462 1304 464 1304 787 1305 467 1305 782 1305 787 1306 774 1306 778 1306 787 1307 782 1307 774 1307 788 1308 783 1308 775 1308 788 1309 775 1309 779 1309 789 1310 786 1310 790 1310 789 1311 790 1311 791 1311 789 1312 784 1312 786 1312 792 1313 460 1313 462 1313 792 1314 458 1314 460 1314 792 1315 778 1315 783 1315 792 1316 462 1316 787 1316 792 1317 787 1317 778 1317 793 1318 788 1318 779 1318 793 1319 779 1319 784 1319 794 1320 791 1320 795 1320 794 1321 795 1321 796 1321 794 1322 789 1322 791 1322 797 1323 456 1323 458 1323 797 1324 458 1324 792 1324 797 1325 454 1325 456 1325 797 1326 783 1326 788 1326 797 1327 792 1327 783 1327 798 1328 784 1328 789 1328 798 1329 793 1329 784 1329 799 1330 794 1330 796 1330 799 1331 796 1331 800 1331 799 1332 800 1332 801 1332 802 1333 450 1333 454 1333 802 1334 451 1334 450 1334 802 1335 793 1335 798 1335 802 1336 454 1336 797 1336 802 1337 788 1337 793 1337 802 1338 797 1338 788 1338 803 1339 798 1339 789 1339 803 1340 789 1340 794 1340 804 1341 801 1341 805 1341 804 1342 805 1342 806 1342 804 1343 799 1343 801 1343 807 1344 447 1344 451 1344 807 1345 445 1345 447 1345 807 1346 451 1346 802 1346 807 1347 802 1347 798 1347 808 1348 803 1348 794 1348 808 1349 794 1349 799 1349 809 1350 804 1350 806 1350 809 1351 806 1351 810 1351 809 1352 810 1352 811 1352 812 1353 444 1353 445 1353 812 1354 442 1354 444 1354 812 1355 803 1355 808 1355 812 1356 807 1356 798 1356 812 1357 798 1357 803 1357 812 1358 445 1358 807 1358 505 1359 808 1359 799 1359 505 1360 804 1360 809 1360 505 1361 799 1361 804 1361 510 1362 809 1362 811 1362 510 1363 811 1363 813 1363 510 1364 813 1364 814 1364 815 1365 812 1365 808 1365 815 1366 440 1366 442 1366 815 1367 438 1367 440 1367 815 1368 808 1368 505 1368 815 1369 442 1369 812 1369 506 1370 809 1370 510 1370 506 1371 505 1371 809 1371 511 1372 510 1372 814 1372 511 1373 814 1373 816 1373 511 1374 816 1374 817 1374 508 1375 436 1375 438 1375 508 1376 434 1376 436 1376 508 1377 438 1377 815 1377 508 1378 815 1378 505 1378 507 1379 506 1379 510 1379 515 1380 817 1380 818 1380 515 1381 818 1381 513 1381 515 1382 511 1382 817 1382 504 1383 432 1383 434 1383 504 1384 430 1384 432 1384 504 1385 434 1385 508 1385 819 1386 820 1386 821 1386 819 1387 821 1387 822 1387 819 1388 823 1388 820 1388 824 1389 825 1389 826 1389 824 1390 826 1390 827 1390 828 1391 829 1391 830 1391 831 1392 822 1392 832 1392 831 1393 832 1393 833 1393 831 1394 819 1394 822 1394 834 1395 827 1395 823 1395 834 1396 824 1396 827 1396 835 1397 769 1397 519 1397 835 1398 770 1398 769 1398 835 1399 519 1399 836 1399 835 1400 836 1400 837 1400 835 1401 837 1401 825 1401 838 1402 831 1402 833 1402 838 1403 833 1403 839 1403 838 1404 839 1404 840 1404 841 1405 823 1405 819 1405 841 1406 834 1406 823 1406 842 1407 772 1407 770 1407 842 1408 773 1408 772 1408 842 1409 770 1409 835 1409 842 1410 825 1410 824 1410 842 1411 835 1411 825 1411 843 1412 838 1412 840 1412 843 1413 840 1413 844 1413 843 1414 844 1414 845 1414 846 1415 841 1415 819 1415 846 1416 819 1416 831 1416 847 1417 776 1417 773 1417 847 1418 777 1418 776 1418 519 1419 518 1419 836 1419 847 1420 773 1420 842 1420 847 1421 842 1421 824 1421 847 1422 824 1422 834 1422 848 1423 843 1423 845 1423 848 1424 845 1424 849 1424 848 1425 849 1425 850 1425 851 1426 846 1426 831 1426 851 1427 838 1427 843 1427 851 1428 831 1428 838 1428 852 1429 780 1429 777 1429 852 1430 781 1430 780 1430 852 1431 777 1431 847 1431 852 1432 834 1432 841 1432 852 1433 847 1433 834 1433 853 1434 850 1434 854 1434 853 1435 854 1435 855 1435 853 1436 848 1436 850 1436 856 1437 851 1437 843 1437 857 1438 785 1438 781 1438 857 1439 786 1439 785 1439 857 1440 781 1440 852 1440 857 1441 852 1441 841 1441 857 1442 841 1442 846 1442 858 1443 853 1443 855 1443 858 1444 855 1444 859 1444 858 1445 859 1445 860 1445 861 1446 843 1446 848 1446 861 1447 856 1447 843 1447 862 1448 790 1448 786 1448 862 1449 791 1449 790 1449 862 1450 786 1450 857 1450 862 1451 846 1451 851 1451 862 1452 857 1452 846 1452 863 1453 858 1453 860 1453 863 1454 860 1454 864 1454 863 1455 864 1455 865 1455 866 1456 861 1456 848 1456 866 1457 848 1457 853 1457 867 1458 795 1458 791 1458 867 1459 796 1459 795 1459 867 1460 862 1460 851 1460 867 1461 851 1461 856 1461 867 1462 791 1462 862 1462 868 1463 863 1463 865 1463 868 1464 865 1464 869 1464 868 1465 869 1465 870 1465 871 1466 866 1466 853 1466 871 1467 853 1467 858 1467 872 1468 800 1468 796 1468 872 1469 801 1469 800 1469 872 1470 856 1470 861 1470 872 1471 796 1471 867 1471 872 1472 861 1472 866 1472 872 1473 867 1473 856 1473 873 1474 870 1474 874 1474 873 1475 874 1475 875 1475 873 1476 868 1476 870 1476 876 1477 858 1477 863 1477 876 1478 871 1478 858 1478 876 1479 863 1479 868 1479 877 1480 805 1480 801 1480 877 1481 806 1481 805 1481 877 1482 872 1482 866 1482 877 1483 801 1483 872 1483 878 1484 875 1484 879 1484 878 1485 879 1485 880 1485 878 1486 873 1486 875 1486 881 1487 876 1487 868 1487 882 1488 877 1488 866 1488 882 1489 810 1489 806 1489 882 1490 811 1490 810 1490 882 1491 866 1491 871 1491 882 1492 806 1492 877 1492 883 1493 880 1493 884 1493 883 1494 884 1494 885 1494 883 1495 878 1495 880 1495 886 1496 881 1496 868 1496 886 1497 868 1497 873 1497 887 1498 876 1498 881 1498 887 1499 871 1499 876 1499 887 1500 813 1500 811 1500 887 1501 814 1501 813 1501 887 1502 811 1502 882 1502 887 1503 882 1503 871 1503 888 1504 883 1504 885 1504 888 1505 885 1505 889 1505 888 1506 889 1506 890 1506 891 1507 873 1507 878 1507 891 1508 878 1508 883 1508 891 1509 886 1509 873 1509 892 1510 816 1510 814 1510 892 1511 817 1511 816 1511 892 1512 814 1512 887 1512 892 1513 887 1513 881 1513 893 1514 888 1514 890 1514 893 1515 890 1515 894 1515 893 1516 894 1516 895 1516 896 1517 891 1517 883 1517 897 1518 886 1518 891 1518 897 1519 818 1519 817 1519 897 1520 513 1520 818 1520 897 1521 881 1521 886 1521 897 1522 817 1522 892 1522 897 1523 892 1523 881 1523 898 1524 895 1524 899 1524 898 1525 899 1525 900 1525 898 1526 893 1526 895 1526 901 1527 896 1527 883 1527 901 1528 883 1528 888 1528 901 1529 888 1529 893 1529 902 1530 514 1530 513 1530 902 1531 516 1531 514 1531 902 1532 891 1532 896 1532 902 1533 897 1533 891 1533 902 1534 513 1534 897 1534 903 1535 898 1535 900 1535 903 1536 900 1536 904 1536 903 1537 904 1537 905 1537 906 1538 893 1538 898 1538 906 1539 901 1539 893 1539 907 1540 902 1540 896 1540 907 1541 523 1541 516 1541 907 1542 524 1542 523 1542 907 1543 516 1543 902 1543 908 1544 905 1544 909 1544 908 1545 909 1545 910 1545 908 1546 903 1546 905 1546 911 1547 898 1547 903 1547 911 1548 906 1548 898 1548 912 1549 528 1549 524 1549 912 1550 529 1550 528 1550 912 1551 524 1551 907 1551 912 1552 907 1552 896 1552 912 1553 896 1553 901 1553 913 1554 908 1554 910 1554 913 1555 910 1555 914 1555 913 1556 914 1556 915 1556 916 1557 911 1557 903 1557 917 1558 534 1558 529 1558 917 1559 535 1559 534 1559 917 1560 912 1560 901 1560 917 1561 901 1561 906 1561 917 1562 529 1562 912 1562 918 1563 915 1563 919 1563 918 1564 919 1564 920 1564 918 1565 913 1565 915 1565 921 1566 903 1566 908 1566 921 1567 908 1567 913 1567 921 1568 916 1568 903 1568 922 1569 539 1569 535 1569 922 1570 540 1570 539 1570 922 1571 535 1571 917 1571 922 1572 906 1572 911 1572 922 1573 917 1573 906 1573 923 1574 918 1574 920 1574 923 1575 920 1575 924 1575 923 1576 924 1576 925 1576 926 1577 921 1577 913 1577 927 1578 544 1578 540 1578 927 1579 545 1579 544 1579 927 1580 911 1580 916 1580 927 1581 922 1581 911 1581 927 1582 540 1582 922 1582 928 1583 923 1583 925 1583 928 1584 925 1584 929 1584 928 1585 929 1585 930 1585 931 1586 926 1586 913 1586 931 1587 918 1587 923 1587 931 1588 913 1588 918 1588 932 1589 545 1589 927 1589 932 1590 916 1590 921 1590 932 1591 549 1591 545 1591 932 1592 550 1592 549 1592 932 1593 927 1593 916 1593 933 1594 928 1594 930 1594 933 1595 930 1595 934 1595 933 1596 934 1596 935 1596 936 1597 923 1597 928 1597 936 1598 931 1598 923 1598 937 1599 926 1599 931 1599 937 1600 932 1600 921 1600 937 1601 921 1601 926 1601 937 1602 550 1602 932 1602 937 1603 554 1603 550 1603 937 1604 555 1604 554 1604 938 1605 933 1605 935 1605 938 1606 935 1606 939 1606 938 1607 939 1607 940 1607 941 1608 936 1608 928 1608 941 1609 928 1609 933 1609 942 1610 931 1610 936 1610 942 1611 937 1611 931 1611 942 1612 559 1612 555 1612 942 1613 560 1613 559 1613 942 1614 555 1614 937 1614 943 1615 938 1615 940 1615 943 1616 940 1616 944 1616 943 1617 944 1617 945 1617 946 1618 941 1618 933 1618 947 1619 942 1619 936 1619 947 1620 560 1620 942 1620 947 1621 564 1621 560 1621 947 1622 565 1622 564 1622 948 1623 943 1623 945 1623 948 1624 945 1624 949 1624 948 1625 949 1625 950 1625 951 1626 933 1626 938 1626 951 1627 946 1627 933 1627 952 1628 947 1628 936 1628 952 1629 565 1629 947 1629 952 1630 569 1630 565 1630 952 1631 570 1631 569 1631 952 1632 941 1632 946 1632 952 1633 936 1633 941 1633 953 1634 950 1634 954 1634 953 1635 954 1635 955 1635 953 1636 948 1636 950 1636 956 1637 943 1637 948 1637 956 1638 951 1638 938 1638 956 1639 938 1639 943 1639 957 1640 574 1640 570 1640 957 1641 570 1641 952 1641 957 1642 575 1642 574 1642 957 1643 952 1643 946 1643 957 1644 946 1644 951 1644 958 1645 953 1645 955 1645 958 1646 955 1646 959 1646 958 1647 959 1647 960 1647 961 1648 956 1648 948 1648 962 1649 957 1649 951 1649 962 1650 575 1650 957 1650 962 1651 579 1651 575 1651 962 1652 580 1652 579 1652 963 1653 958 1653 960 1653 963 1654 960 1654 964 1654 963 1655 964 1655 965 1655 966 1656 948 1656 953 1656 966 1657 961 1657 948 1657 966 1658 953 1658 958 1658 967 1659 962 1659 951 1659 967 1660 580 1660 962 1660 967 1661 584 1661 580 1661 967 1662 585 1662 584 1662 967 1663 951 1663 956 1663 968 1664 963 1664 965 1664 968 1665 965 1665 969 1665 968 1666 969 1666 970 1666 971 1667 966 1667 958 1667 972 1668 956 1668 961 1668 972 1669 967 1669 956 1669 972 1670 585 1670 967 1670 972 1671 589 1671 585 1671 972 1672 590 1672 589 1672 973 1673 970 1673 974 1673 973 1674 974 1674 975 1674 973 1675 968 1675 970 1675 976 1676 958 1676 963 1676 976 1677 971 1677 958 1677 977 1678 961 1678 966 1678 977 1679 590 1679 972 1679 977 1680 972 1680 961 1680 977 1681 594 1681 590 1681 977 1682 595 1682 594 1682 978 1683 973 1683 975 1683 978 1684 975 1684 979 1684 978 1685 979 1685 980 1685 981 1686 976 1686 963 1686 981 1687 963 1687 968 1687 982 1688 599 1688 595 1688 982 1689 600 1689 599 1689 982 1690 977 1690 966 1690 982 1691 595 1691 977 1691 982 1692 966 1692 971 1692 983 1693 978 1693 980 1693 983 1694 980 1694 984 1694 983 1695 984 1695 985 1695 986 1696 981 1696 968 1696 986 1697 968 1697 973 1697 987 1698 976 1698 981 1698 987 1699 604 1699 600 1699 987 1700 605 1700 604 1700 987 1701 600 1701 982 1701 987 1702 971 1702 976 1702 987 1703 982 1703 971 1703 988 1704 985 1704 989 1704 988 1705 989 1705 990 1705 988 1706 983 1706 985 1706 991 1707 986 1707 973 1707 991 1708 973 1708 978 1708 992 1709 609 1709 605 1709 992 1710 610 1710 609 1710 992 1711 605 1711 987 1711 992 1712 987 1712 981 1712 993 1713 990 1713 994 1713 993 1714 994 1714 995 1714 993 1715 988 1715 990 1715 996 1716 978 1716 983 1716 996 1717 991 1717 978 1717 997 1718 981 1718 986 1718 997 1719 614 1719 610 1719 997 1720 615 1720 614 1720 997 1721 992 1721 981 1721 997 1722 610 1722 992 1722 998 1723 995 1723 999 1723 998 1724 999 1724 1000 1724 998 1725 993 1725 995 1725 1001 1726 988 1726 993 1726 1001 1727 983 1727 988 1727 1001 1728 996 1728 983 1728 1002 1729 997 1729 986 1729 1002 1730 619 1730 615 1730 1002 1731 620 1731 619 1731 1002 1732 986 1732 991 1732 1002 1733 615 1733 997 1733 1003 1734 1000 1734 1004 1734 1003 1735 1004 1735 1005 1735 1003 1736 998 1736 1000 1736 1006 1737 1001 1737 993 1737 1007 1738 991 1738 996 1738 1007 1739 1002 1739 991 1739 1007 1740 624 1740 620 1740 1007 1741 625 1741 624 1741 1007 1742 620 1742 1002 1742 1008 1743 1005 1743 1009 1743 1008 1744 1009 1744 1010 1744 1008 1745 1003 1745 1005 1745 1011 1746 1006 1746 993 1746 1011 1747 993 1747 998 1747 1012 1748 1007 1748 996 1748 1012 1749 996 1749 1001 1749 1012 1750 625 1750 1007 1750 1012 1751 629 1751 625 1751 1012 1752 630 1752 629 1752 1013 1753 1010 1753 1014 1753 1013 1754 1014 1754 1015 1754 1013 1755 1008 1755 1010 1755 1016 1756 1011 1756 998 1756 1016 1757 998 1757 1003 1757 1017 1758 1012 1758 1001 1758 1017 1759 630 1759 1012 1759 1017 1760 1001 1760 1006 1760 1017 1761 634 1761 630 1761 1017 1762 635 1762 634 1762 1018 1763 1015 1763 1019 1763 1018 1764 1019 1764 1020 1764 1018 1765 1013 1765 1015 1765 1021 1766 1003 1766 1008 1766 1021 1767 1016 1767 1003 1767 1022 1768 1017 1768 1006 1768 1022 1769 1006 1769 1011 1769 1022 1770 635 1770 1017 1770 1022 1771 639 1771 635 1771 1022 1772 640 1772 639 1772 1023 1773 1020 1773 1024 1773 1023 1774 1024 1774 1025 1774 1023 1775 1018 1775 1020 1775 1026 1776 1008 1776 1013 1776 1026 1777 1021 1777 1008 1777 1026 1778 1013 1778 1018 1778 1027 1779 1011 1779 1016 1779 1027 1780 1022 1780 1011 1780 1027 1781 640 1781 1022 1781 1027 1782 1016 1782 1021 1782 1027 1783 644 1783 640 1783 1027 1784 645 1784 644 1784 1028 1785 1025 1785 1029 1785 1028 1786 1029 1786 1030 1786 1028 1787 1023 1787 1025 1787 1031 1788 1026 1788 1018 1788 1032 1789 1027 1789 1021 1789 1032 1790 645 1790 1027 1790 1032 1791 649 1791 645 1791 1032 1792 650 1792 649 1792 1033 1793 1030 1793 1034 1793 1033 1794 1034 1794 1035 1794 1033 1795 1028 1795 1030 1795 1036 1796 1018 1796 1023 1796 1036 1797 1031 1797 1018 1797 1036 1798 1023 1798 1028 1798 1037 1799 1021 1799 1026 1799 1037 1800 1032 1800 1021 1800 1037 1801 650 1801 1032 1801 1037 1802 1026 1802 1031 1802 1037 1803 654 1803 650 1803 1037 1804 655 1804 654 1804 1038 1805 1035 1805 1039 1805 1038 1806 1039 1806 1040 1806 1038 1807 1033 1807 1035 1807 1041 1808 1028 1808 1033 1808 1041 1809 1036 1809 1028 1809 1042 1810 655 1810 1037 1810 1042 1811 659 1811 655 1811 1042 1812 1037 1812 1031 1812 1042 1813 660 1813 659 1813 1043 1814 1040 1814 1044 1814 1043 1815 1044 1815 1045 1815 1043 1816 1038 1816 1040 1816 1046 1817 1041 1817 1033 1817 1047 1818 1031 1818 1036 1818 1047 1819 664 1819 660 1819 1047 1820 665 1820 664 1820 1047 1821 1042 1821 1031 1821 1047 1822 660 1822 1042 1822 1048 1823 1045 1823 1049 1823 1048 1824 1049 1824 1050 1824 1048 1825 1043 1825 1045 1825 1051 1826 1046 1826 1033 1826 1051 1827 1033 1827 1038 1827 1052 1828 1041 1828 1046 1828 1052 1829 1047 1829 1036 1829 1052 1830 669 1830 665 1830 1052 1831 670 1831 669 1831 1052 1832 665 1832 1047 1832 1052 1833 1036 1833 1041 1833 1053 1834 1048 1834 1050 1834 1053 1835 1050 1835 1054 1835 1053 1836 1054 1836 1055 1836 1056 1837 1038 1837 1043 1837 1056 1838 1043 1838 1048 1838 1056 1839 1051 1839 1038 1839 1057 1840 1052 1840 1046 1840 1057 1841 1046 1841 1051 1841 1057 1842 674 1842 670 1842 1057 1843 670 1843 1052 1843 1057 1844 675 1844 674 1844 1058 1845 1053 1845 1055 1845 1058 1846 1055 1846 1059 1846 1058 1847 1059 1847 1060 1847 1061 1848 1056 1848 1048 1848 1062 1849 675 1849 1057 1849 1062 1850 1057 1850 1051 1850 1062 1851 679 1851 675 1851 1062 1852 680 1852 679 1852 1063 1853 1058 1853 1060 1853 1063 1854 1060 1854 1064 1854 1063 1855 1064 1855 1065 1855 1066 1856 1053 1856 1058 1856 1066 1857 1061 1857 1048 1857 1066 1858 1048 1858 1053 1858 1067 1859 1062 1859 1051 1859 1067 1860 1051 1860 1056 1860 1067 1861 1056 1861 1061 1861 1067 1862 684 1862 680 1862 1067 1863 685 1863 684 1863 1067 1864 680 1864 1062 1864 1068 1865 1063 1865 1065 1865 1068 1866 1065 1866 1069 1866 1068 1867 1069 1867 1070 1867 1071 1868 1066 1868 1058 1868 1071 1869 1058 1869 1063 1869 1072 1870 685 1870 1067 1870 1072 1871 1067 1871 1061 1871 1072 1872 689 1872 685 1872 1072 1873 690 1873 689 1873 1073 1874 1068 1874 1070 1874 1073 1875 1070 1875 1074 1875 1073 1876 1074 1876 1075 1876 1076 1877 1071 1877 1063 1877 1077 1878 1061 1878 1066 1878 1077 1879 1072 1879 1061 1879 1077 1880 690 1880 1072 1880 1077 1881 694 1881 690 1881 1077 1882 695 1882 694 1882 1078 1883 1075 1883 1079 1883 1078 1884 1079 1884 1080 1884 1078 1885 1073 1885 1075 1885 1081 1886 1063 1886 1068 1886 1081 1887 1076 1887 1063 1887 1082 1888 700 1888 699 1888 1082 1889 1077 1889 1066 1889 1082 1890 695 1890 1077 1890 1082 1891 1066 1891 1071 1891 1082 1892 699 1892 695 1892 1083 1893 1080 1893 1084 1893 1083 1894 1084 1894 1085 1894 1083 1895 1078 1895 1080 1895 1086 1896 1068 1896 1073 1896 1086 1897 1081 1897 1068 1897 1087 1898 704 1898 700 1898 1087 1899 705 1899 704 1899 1087 1900 700 1900 1082 1900 1087 1901 1071 1901 1076 1901 1087 1902 1082 1902 1071 1902 1088 1903 1085 1903 1089 1903 1088 1904 1089 1904 1090 1904 1088 1905 1083 1905 1085 1905 1091 1906 1073 1906 1078 1906 1091 1907 1086 1907 1073 1907 1092 1908 709 1908 705 1908 1092 1909 710 1909 709 1909 1092 1910 705 1910 1087 1910 1092 1911 1076 1911 1081 1911 1092 1912 1087 1912 1076 1912 1093 1913 1090 1913 1094 1913 1093 1914 1094 1914 1095 1914 1093 1915 1088 1915 1090 1915 1096 1916 1078 1916 1083 1916 1096 1917 1091 1917 1078 1917 1097 1918 714 1918 710 1918 1097 1919 715 1919 714 1919 1097 1920 710 1920 1092 1920 1097 1921 1081 1921 1086 1921 1097 1922 1092 1922 1081 1922 1098 1923 1095 1923 1099 1923 1098 1924 1099 1924 1100 1924 1098 1925 1093 1925 1095 1925 1101 1926 1083 1926 1088 1926 1101 1927 1096 1927 1083 1927 1102 1928 1097 1928 1086 1928 1102 1929 719 1929 715 1929 1102 1930 720 1930 719 1930 1102 1931 1086 1931 1091 1931 1102 1932 715 1932 1097 1932 1103 1933 1100 1933 1104 1933 1103 1934 1104 1934 1105 1934 1103 1935 1098 1935 1100 1935 1106 1936 1101 1936 1088 1936 1106 1937 1088 1937 1093 1937 1107 1938 720 1938 1102 1938 1107 1939 1096 1939 1101 1939 1107 1940 724 1940 720 1940 1107 1941 725 1941 724 1941 1107 1942 1102 1942 1091 1942 1107 1943 1091 1943 1096 1943 1108 1944 1103 1944 1105 1944 1108 1945 1105 1945 1109 1945 1108 1946 1109 1946 1110 1946 1111 1947 1106 1947 1093 1947 1111 1948 1093 1948 1098 1948 1112 1949 1107 1949 1101 1949 1112 1950 729 1950 725 1950 1112 1951 730 1951 729 1951 1112 1952 725 1952 1107 1952 1113 1953 1108 1953 1110 1953 1113 1954 1110 1954 1114 1954 1113 1955 1114 1955 1115 1955 1116 1956 1111 1956 1098 1956 1116 1957 1098 1957 1103 1957 1117 1958 734 1958 730 1958 1117 1959 735 1959 734 1959 1117 1960 1101 1960 1106 1960 1117 1961 730 1961 1112 1961 1117 1962 1106 1962 1111 1962 1117 1963 1112 1963 1101 1963 1118 1964 1113 1964 1115 1964 1118 1965 1119 1965 828 1965 1118 1966 1115 1966 1120 1966 1118 1967 1120 1967 1119 1967 1121 1968 1103 1968 1108 1968 1121 1969 1116 1969 1103 1969 1122 1970 739 1970 735 1970 1122 1971 740 1971 739 1971 1122 1972 735 1972 1117 1972 1122 1973 1117 1973 1111 1973 1123 1974 1108 1974 1113 1974 1123 1975 1121 1975 1108 1975 1124 1976 744 1976 740 1976 1124 1977 745 1977 744 1977 1124 1978 1111 1978 1116 1978 1124 1979 1122 1979 1111 1979 1124 1980 740 1980 1122 1980 1125 1981 1113 1981 1118 1981 1125 1982 1118 1982 828 1982 1125 1983 1123 1983 1113 1983 1125 1984 828 1984 837 1984 1126 1985 749 1985 745 1985 1126 1986 750 1986 749 1986 1126 1987 1121 1987 1123 1987 1126 1988 1116 1988 1121 1988 1126 1989 745 1989 1124 1989 1126 1990 1124 1990 1116 1990 1127 1991 754 1991 750 1991 1127 1992 755 1992 754 1992 1127 1993 750 1993 1126 1993 1127 1994 1126 1994 1123 1994 1128 1995 760 1995 755 1995 1128 1996 759 1996 760 1996 1128 1997 755 1997 1127 1997 1128 1998 1123 1998 1125 1998 1128 1999 1125 1999 837 1999 1128 2000 837 2000 836 2000 1128 2001 1127 2001 1123 2001 1128 2002 836 2002 759 2002 828 2003 1119 2003 829 2003 518 2004 759 2004 836 2004 826 2005 830 2005 1129 2005 826 2006 1129 2006 1130 2006 826 2007 828 2007 830 2007 827 2008 826 2008 1130 2008 827 2009 1130 2009 1131 2009 827 2010 1131 2010 1132 2010 823 2011 827 2011 1132 2011 823 2012 1132 2012 1133 2012 823 2013 1133 2013 820 2013 825 2014 828 2014 826 2014 825 2015 837 2015 828 2015 829 2016 1134 2016 830 2016 1135 2017 1134 2017 829 2017 830 2018 1136 2018 1129 2018 1129 2019 1136 2019 1130 2019 1134 2020 1136 2020 830 2020 1136 2021 1137 2021 1130 2021 1130 2022 1138 2022 1131 2022 1131 2023 1138 2023 1132 2023 1137 2024 1138 2024 1130 2024 1138 2025 1139 2025 1132 2025 1132 2026 1140 2026 1133 2026 1139 2027 1140 2027 1132 2027 1133 2028 1141 2028 820 2028 1140 2029 1141 2029 1133 2029 820 2030 1142 2030 821 2030 1141 2031 1142 2031 820 2031 821 2032 1143 2032 822 2032 1142 2033 1143 2033 821 2033 822 2034 1144 2034 832 2034 1143 2035 1144 2035 822 2035 1144 2036 1145 2036 832 2036 832 2037 1145 2037 833 2037 1145 2038 1146 2038 833 2038 833 2039 1146 2039 839 2039 1146 2040 1147 2040 839 2040 839 2041 1147 2041 840 2041 840 2042 1148 2042 844 2042 1147 2043 1148 2043 840 2043 844 2044 1149 2044 845 2044 1148 2045 1149 2045 844 2045 845 2046 1150 2046 849 2046 1149 2047 1150 2047 845 2047 849 2048 1151 2048 850 2048 1150 2049 1151 2049 849 2049 850 2050 1152 2050 854 2050 1151 2051 1152 2051 850 2051 854 2052 1153 2052 855 2052 1152 2053 1153 2053 854 2053 855 2054 1154 2054 859 2054 1153 2055 1154 2055 855 2055 859 2056 1155 2056 860 2056 1154 2057 1155 2057 859 2057 860 2058 1156 2058 864 2058 864 2059 1156 2059 865 2059 1155 2060 1156 2060 860 2060 1156 2061 1157 2061 865 2061 865 2062 1158 2062 869 2062 1157 2063 1158 2063 865 2063 869 2064 1159 2064 870 2064 1158 2065 1159 2065 869 2065 870 2066 1160 2066 874 2066 874 2067 1160 2067 875 2067 1159 2068 1160 2068 870 2068 875 2069 1161 2069 879 2069 1160 2070 1161 2070 875 2070 1161 2071 1162 2071 879 2071 879 2072 1163 2072 880 2072 880 2073 1163 2073 884 2073 1162 2074 1163 2074 879 2074 1163 2075 1164 2075 884 2075 884 2076 1165 2076 885 2076 1164 2077 1165 2077 884 2077 885 2078 1166 2078 889 2078 889 2079 1166 2079 890 2079 1165 2080 1166 2080 885 2080 1166 2081 1167 2081 890 2081 890 2082 1168 2082 894 2082 1167 2083 1168 2083 890 2083 894 2084 1169 2084 895 2084 1168 2085 1169 2085 894 2085 895 2086 1170 2086 899 2086 1169 2087 1170 2087 895 2087 899 2088 1171 2088 900 2088 1170 2089 1171 2089 899 2089 1171 2090 1172 2090 900 2090 900 2091 1172 2091 904 2091 904 2092 1172 2092 905 2092 1172 2093 1173 2093 905 2093 905 2094 1173 2094 909 2094 1173 2095 1174 2095 909 2095 1174 2096 1175 2096 909 2096 909 2097 1175 2097 910 2097 1175 2098 1176 2098 910 2098 910 2099 1176 2099 914 2099 1176 2100 1177 2100 914 2100 914 2101 1177 2101 915 2101 1177 2102 1178 2102 915 2102 915 2103 1178 2103 919 2103 1178 2104 1179 2104 919 2104 919 2105 1179 2105 920 2105 1179 2106 1180 2106 920 2106 920 2107 1180 2107 924 2107 1180 2108 1181 2108 924 2108 924 2109 1181 2109 925 2109 925 2110 1182 2110 929 2110 1181 2111 1182 2111 925 2111 929 2112 1183 2112 930 2112 1182 2113 1183 2113 929 2113 930 2114 1184 2114 934 2114 1183 2115 1184 2115 930 2115 934 2116 1185 2116 935 2116 1184 2117 1185 2117 934 2117 935 2118 1186 2118 939 2118 1185 2119 1186 2119 935 2119 939 2120 1187 2120 940 2120 1186 2121 1187 2121 939 2121 940 2122 1188 2122 944 2122 1187 2123 1188 2123 940 2123 944 2124 1189 2124 945 2124 1188 2125 1189 2125 944 2125 945 2126 1190 2126 949 2126 1189 2127 1190 2127 945 2127 949 2128 1191 2128 950 2128 1190 2129 1191 2129 949 2129 950 2130 1192 2130 954 2130 1191 2131 1192 2131 950 2131 954 2132 1193 2132 955 2132 1192 2133 1193 2133 954 2133 955 2134 1194 2134 959 2134 959 2135 1194 2135 960 2135 1193 2136 1194 2136 955 2136 960 2137 1195 2137 964 2137 1194 2138 1195 2138 960 2138 1195 2139 1196 2139 964 2139 964 2140 1196 2140 965 2140 1196 2141 1197 2141 965 2141 965 2142 1197 2142 969 2142 1197 2143 1198 2143 969 2143 969 2144 1198 2144 970 2144 1198 2145 1199 2145 970 2145 1199 2146 1200 2146 970 2146 970 2147 1200 2147 974 2147 974 2148 1200 2148 975 2148 1200 2149 1201 2149 975 2149 975 2150 1201 2150 979 2150 1201 2151 1202 2151 979 2151 979 2152 1202 2152 980 2152 1202 2153 1203 2153 980 2153 980 2154 1203 2154 984 2154 1203 2155 1204 2155 984 2155 1204 2156 1205 2156 984 2156 984 2157 1205 2157 985 2157 1205 2158 1206 2158 985 2158 985 2159 1206 2159 989 2159 989 2160 1206 2160 990 2160 1206 2161 1207 2161 990 2161 1207 2162 1208 2162 990 2162 990 2163 1208 2163 994 2163 994 2164 1208 2164 995 2164 1208 2165 1209 2165 995 2165 1209 2166 1210 2166 995 2166 995 2167 1210 2167 999 2167 999 2168 1210 2168 1000 2168 1210 2169 1211 2169 1000 2169 1211 2170 1212 2170 1000 2170 1000 2171 1212 2171 1004 2171 1212 2172 1213 2172 1004 2172 1004 2173 1213 2173 1005 2173 1213 2174 1214 2174 1005 2174 1005 2175 1214 2175 1009 2175 1009 2176 1214 2176 1010 2176 1214 2177 1215 2177 1010 2177 1010 2178 1215 2178 1014 2178 1014 2179 1216 2179 1015 2179 1215 2180 1216 2180 1014 2180 1216 2181 1217 2181 1015 2181 1015 2182 1218 2182 1019 2182 1019 2183 1218 2183 1020 2183 1217 2184 1218 2184 1015 2184 1218 2185 1219 2185 1020 2185 1020 2186 1220 2186 1024 2186 1219 2187 1220 2187 1020 2187 1024 2188 1221 2188 1025 2188 1220 2189 1221 2189 1024 2189 1221 2190 1222 2190 1025 2190 1025 2191 1222 2191 1029 2191 1222 2192 1223 2192 1029 2192 1029 2193 1223 2193 1030 2193 1030 2194 1223 2194 1034 2194 1223 2195 1224 2195 1034 2195 1034 2196 1224 2196 1035 2196 1224 2197 1225 2197 1035 2197 1035 2198 1225 2198 1039 2198 1225 2199 1226 2199 1039 2199 1226 2200 1227 2200 1039 2200 1039 2201 1227 2201 1040 2201 1040 2202 1227 2202 1044 2202 1227 2203 1228 2203 1044 2203 1044 2204 1228 2204 1045 2204 1228 2205 1229 2205 1045 2205 1229 2206 1230 2206 1045 2206 1045 2207 1230 2207 1049 2207 1230 2208 1231 2208 1049 2208 1049 2209 1231 2209 1050 2209 1231 2210 1232 2210 1050 2210 1050 2211 1232 2211 1054 2211 1054 2212 1232 2212 1055 2212 1232 2213 1233 2213 1055 2213 1233 2214 1234 2214 1055 2214 1055 2215 1234 2215 1059 2215 1059 2216 1235 2216 1060 2216 1234 2217 1235 2217 1059 2217 1060 2218 1236 2218 1064 2218 1235 2219 1236 2219 1060 2219 1064 2220 1237 2220 1065 2220 1236 2221 1237 2221 1064 2221 1065 2222 1238 2222 1069 2222 1069 2223 1238 2223 1070 2223 1237 2224 1238 2224 1065 2224 1238 2225 1239 2225 1070 2225 1070 2226 1240 2226 1074 2226 1239 2227 1240 2227 1070 2227 1074 2228 1241 2228 1075 2228 1240 2229 1241 2229 1074 2229 1075 2230 1242 2230 1079 2230 1241 2231 1242 2231 1075 2231 1079 2232 1243 2232 1080 2232 1242 2233 1243 2233 1079 2233 1080 2234 1244 2234 1084 2234 1084 2235 1244 2235 1085 2235 1243 2236 1244 2236 1080 2236 1244 2237 1245 2237 1085 2237 1245 2238 1246 2238 1085 2238 1085 2239 1246 2239 1089 2239 1246 2240 1247 2240 1089 2240 1089 2241 1247 2241 1090 2241 1090 2242 1247 2242 1094 2242 1247 2243 1248 2243 1094 2243 1094 2244 1248 2244 1095 2244 1248 2245 1249 2245 1095 2245 1249 2246 1250 2246 1095 2246 1095 2247 1250 2247 1099 2247 1099 2248 1251 2248 1100 2248 1100 2249 1251 2249 1104 2249 1250 2250 1251 2250 1099 2250 1251 2251 1252 2251 1104 2251 1104 2252 1253 2252 1105 2252 1252 2253 1253 2253 1104 2253 1105 2254 1254 2254 1109 2254 1109 2255 1254 2255 1110 2255 1253 2256 1254 2256 1105 2256 1254 2257 1255 2257 1110 2257 1110 2258 1256 2258 1114 2258 1255 2259 1256 2259 1110 2259 1114 2260 1257 2260 1115 2260 1256 2261 1257 2261 1114 2261 1115 2262 1258 2262 1120 2262 1257 2263 1258 2263 1115 2263 1120 2264 1259 2264 1119 2264 1119 2265 1259 2265 829 2265 1258 2266 1259 2266 1120 2266 1259 2267 1135 2267 829 2267 1141 2268 1260 2268 1142 2268 1142 2269 1260 2269 1143 2269 1261 2270 1260 2270 1141 2270 1262 2271 1263 2271 1264 2271 1264 2272 1263 2272 1265 2272 1135 2273 1266 2273 1134 2273 1143 2274 1267 2274 1144 2274 1144 2275 1267 2275 1145 2275 1260 2276 1267 2276 1143 2276 1265 2277 1268 2277 1261 2277 1263 2278 1268 2278 1265 2278 1269 2279 1270 2279 1271 2279 1272 2280 1270 2280 1269 2280 1271 2281 1270 2281 1273 2281 1273 2282 1270 2282 1274 2282 1274 2283 1270 2283 1262 2283 1267 2284 1275 2284 1145 2284 1145 2285 1275 2285 1146 2285 1146 2286 1275 2286 1147 2286 1261 2287 1276 2287 1260 2287 1268 2288 1276 2288 1261 2288 1277 2289 1278 2289 1272 2289 1279 2290 1278 2290 1277 2290 1272 2291 1278 2291 1270 2291 1262 2292 1278 2292 1263 2292 1270 2293 1278 2293 1262 2293 1275 2294 1280 2294 1147 2294 1147 2295 1280 2295 1148 2295 1148 2296 1280 2296 1149 2296 1276 2297 1281 2297 1260 2297 1260 2298 1281 2298 1267 2298 1282 2299 1283 2299 1279 2299 1284 2300 1283 2300 1282 2300 1285 2301 1271 2301 1273 2301 1279 2302 1283 2302 1278 2302 1278 2303 1283 2303 1263 2303 1263 2304 1283 2304 1268 2304 1280 2305 1286 2305 1149 2305 1149 2306 1286 2306 1150 2306 1150 2307 1286 2307 1151 2307 1281 2308 1287 2308 1267 2308 1275 2309 1287 2309 1280 2309 1267 2310 1287 2310 1275 2310 1288 2311 1289 2311 1284 2311 1290 2312 1289 2312 1288 2312 1284 2313 1289 2313 1283 2313 1268 2314 1289 2314 1276 2314 1283 2315 1289 2315 1268 2315 1151 2316 1291 2316 1152 2316 1152 2317 1291 2317 1153 2317 1286 2318 1291 2318 1151 2318 1287 2319 1292 2319 1280 2319 1293 2320 1294 2320 1290 2320 1295 2321 1294 2321 1293 2321 1290 2322 1294 2322 1289 2322 1289 2323 1294 2323 1276 2323 1276 2324 1294 2324 1281 2324 1291 2325 1296 2325 1153 2325 1153 2326 1296 2326 1154 2326 1154 2327 1296 2327 1155 2327 1280 2328 1297 2328 1286 2328 1292 2329 1297 2329 1280 2329 1298 2330 1299 2330 1295 2330 1300 2331 1299 2331 1298 2331 1295 2332 1299 2332 1294 2332 1281 2333 1299 2333 1287 2333 1294 2334 1299 2334 1281 2334 1296 2335 1301 2335 1155 2335 1155 2336 1301 2336 1156 2336 1156 2337 1301 2337 1157 2337 1297 2338 1302 2338 1286 2338 1286 2339 1302 2339 1291 2339 1303 2340 1304 2340 1300 2340 1305 2341 1304 2341 1303 2341 1299 2342 1304 2342 1287 2342 1287 2343 1304 2343 1292 2343 1300 2344 1304 2344 1299 2344 1301 2345 1306 2345 1157 2345 1157 2346 1306 2346 1158 2346 1158 2347 1306 2347 1159 2347 1302 2348 1307 2348 1291 2348 1291 2349 1307 2349 1296 2349 1308 2350 1309 2350 1305 2350 1310 2351 1309 2351 1308 2351 1292 2352 1309 2352 1297 2352 1305 2353 1309 2353 1304 2353 1297 2354 1309 2354 1302 2354 1304 2355 1309 2355 1292 2355 1159 2356 1311 2356 1160 2356 1160 2357 1311 2357 1161 2357 1306 2358 1311 2358 1159 2358 1296 2359 1312 2359 1301 2359 1307 2360 1312 2360 1296 2360 1301 2361 1312 2361 1306 2361 1313 2362 1314 2362 1310 2362 1315 2363 1314 2363 1313 2363 1309 2364 1314 2364 1302 2364 1310 2365 1314 2365 1309 2365 1161 2366 1316 2366 1162 2366 1162 2367 1316 2367 1163 2367 1311 2368 1316 2368 1161 2368 1312 2369 1317 2369 1306 2369 1314 2370 1318 2370 1302 2370 1319 2371 1318 2371 1315 2371 1320 2372 1318 2372 1319 2372 1302 2373 1318 2373 1307 2373 1315 2374 1318 2374 1314 2374 1163 2375 1321 2375 1164 2375 1164 2376 1321 2376 1165 2376 1316 2377 1321 2377 1163 2377 1317 2378 1322 2378 1306 2378 1306 2379 1322 2379 1311 2379 1312 2380 1323 2380 1317 2380 1307 2381 1323 2381 1312 2381 1324 2382 1323 2382 1320 2382 1325 2383 1323 2383 1324 2383 1320 2384 1323 2384 1318 2384 1318 2385 1323 2385 1307 2385 1321 2386 1326 2386 1165 2386 1165 2387 1326 2387 1166 2387 1166 2388 1326 2388 1167 2388 1311 2389 1327 2389 1316 2389 1316 2390 1327 2390 1321 2390 1322 2391 1327 2391 1311 2391 1328 2392 1329 2392 1325 2392 1330 2393 1329 2393 1328 2393 1325 2394 1329 2394 1323 2394 1323 2395 1329 2395 1317 2395 1326 2396 1331 2396 1167 2396 1167 2397 1331 2397 1168 2397 1168 2398 1331 2398 1169 2398 1327 2399 1332 2399 1321 2399 1322 2400 1333 2400 1327 2400 1334 2401 1333 2401 1330 2401 1335 2402 1333 2402 1334 2402 1317 2403 1333 2403 1322 2403 1330 2404 1333 2404 1329 2404 1329 2405 1333 2405 1317 2405 1169 2406 1336 2406 1170 2406 1170 2407 1336 2407 1171 2407 1331 2408 1336 2408 1169 2408 1332 2409 1337 2409 1321 2409 1321 2410 1337 2410 1326 2410 1326 2411 1337 2411 1331 2411 1338 2412 1339 2412 1335 2412 1340 2413 1339 2413 1338 2413 1327 2414 1339 2414 1332 2414 1333 2415 1339 2415 1327 2415 1335 2416 1339 2416 1333 2416 1336 2417 1341 2417 1171 2417 1171 2418 1341 2418 1172 2418 1172 2419 1341 2419 1173 2419 1331 2420 1342 2420 1336 2420 1337 2421 1342 2421 1331 2421 1339 2422 1343 2422 1332 2422 1344 2423 1343 2423 1340 2423 1345 2424 1343 2424 1344 2424 1340 2425 1343 2425 1339 2425 1173 2426 1346 2426 1174 2426 1174 2427 1346 2427 1175 2427 1341 2428 1346 2428 1173 2428 1336 2429 1347 2429 1341 2429 1342 2430 1347 2430 1336 2430 1348 2431 1349 2431 1345 2431 1350 2432 1349 2432 1348 2432 1345 2433 1349 2433 1343 2433 1343 2434 1349 2434 1332 2434 1332 2435 1349 2435 1337 2435 1346 2436 1351 2436 1175 2436 1175 2437 1351 2437 1176 2437 1176 2438 1351 2438 1177 2438 1347 2439 1352 2439 1341 2439 1353 2440 1354 2440 1350 2440 1355 2441 1354 2441 1353 2441 1349 2442 1354 2442 1337 2442 1337 2443 1354 2443 1342 2443 1350 2444 1354 2444 1349 2444 1177 2445 1356 2445 1178 2445 1178 2446 1356 2446 1179 2446 1351 2447 1356 2447 1177 2447 1341 2448 1357 2448 1346 2448 1346 2449 1357 2449 1351 2449 1352 2450 1357 2450 1341 2450 1358 2451 1359 2451 1355 2451 1360 2452 1359 2452 1358 2452 1355 2453 1359 2453 1354 2453 1342 2454 1359 2454 1347 2454 1354 2455 1359 2455 1342 2455 1356 2456 1361 2456 1179 2456 1179 2457 1361 2457 1180 2457 1180 2458 1361 2458 1181 2458 1357 2459 1362 2459 1351 2459 1363 2460 1364 2460 1360 2460 1365 2461 1364 2461 1363 2461 1347 2462 1364 2462 1352 2462 1359 2463 1364 2463 1347 2463 1360 2464 1364 2464 1359 2464 1361 2465 1366 2465 1181 2465 1181 2466 1366 2466 1182 2466 1182 2467 1366 2467 1183 2467 1362 2468 1367 2468 1351 2468 1356 2469 1367 2469 1361 2469 1351 2470 1367 2470 1356 2470 1365 2471 1368 2471 1364 2471 1352 2472 1368 2472 1357 2472 1369 2473 1368 2473 1365 2473 1370 2474 1368 2474 1369 2474 1364 2475 1368 2475 1352 2475 1366 2476 1371 2476 1183 2476 1183 2477 1371 2477 1184 2477 1184 2478 1371 2478 1185 2478 1361 2479 1372 2479 1366 2479 1367 2480 1372 2480 1361 2480 1362 2481 1373 2481 1367 2481 1368 2482 1373 2482 1357 2482 1357 2483 1373 2483 1362 2483 1370 2484 1373 2484 1368 2484 1374 2485 1373 2485 1370 2485 1375 2486 1373 2486 1374 2486 1371 2487 1376 2487 1185 2487 1185 2488 1376 2488 1186 2488 1186 2489 1376 2489 1187 2489 1372 2490 1377 2490 1366 2490 1366 2491 1377 2491 1371 2491 1367 2492 1378 2492 1372 2492 1373 2493 1378 2493 1367 2493 1379 2494 1378 2494 1375 2494 1380 2495 1378 2495 1379 2495 1375 2496 1378 2496 1373 2496 1376 2497 1381 2497 1187 2497 1187 2498 1381 2498 1188 2498 1188 2499 1381 2499 1189 2499 1377 2500 1382 2500 1371 2500 1378 2501 1383 2501 1372 2501 1380 2502 1383 2502 1378 2502 1384 2503 1383 2503 1380 2503 1385 2504 1383 2504 1384 2504 1381 2505 1386 2505 1189 2505 1189 2506 1386 2506 1190 2506 1190 2507 1386 2507 1191 2507 1371 2508 1387 2508 1376 2508 1382 2509 1387 2509 1371 2509 1383 2510 1388 2510 1372 2510 1385 2511 1388 2511 1383 2511 1389 2512 1388 2512 1385 2512 1390 2513 1388 2513 1389 2513 1377 2514 1388 2514 1382 2514 1372 2515 1388 2515 1377 2515 1191 2516 1391 2516 1192 2516 1192 2517 1391 2517 1193 2517 1386 2518 1391 2518 1191 2518 1381 2519 1392 2519 1386 2519 1387 2520 1392 2520 1376 2520 1376 2521 1392 2521 1381 2521 1393 2522 1394 2522 1390 2522 1390 2523 1394 2523 1388 2523 1395 2524 1394 2524 1393 2524 1388 2525 1394 2525 1382 2525 1382 2526 1394 2526 1387 2526 1391 2527 1396 2527 1193 2527 1193 2528 1396 2528 1194 2528 1194 2529 1396 2529 1195 2529 1392 2530 1397 2530 1386 2530 1394 2531 1398 2531 1387 2531 1395 2532 1398 2532 1394 2532 1399 2533 1398 2533 1395 2533 1400 2534 1398 2534 1399 2534 1396 2535 1401 2535 1195 2535 1195 2536 1401 2536 1196 2536 1196 2537 1401 2537 1197 2537 1386 2538 1402 2538 1391 2538 1397 2539 1402 2539 1386 2539 1391 2540 1402 2540 1396 2540 1398 2541 1403 2541 1387 2541 1400 2542 1403 2542 1398 2542 1404 2543 1403 2543 1400 2543 1405 2544 1403 2544 1404 2544 1387 2545 1403 2545 1392 2545 1401 2546 1406 2546 1197 2546 1197 2547 1406 2547 1198 2547 1198 2548 1406 2548 1199 2548 1402 2549 1407 2549 1396 2549 1392 2550 1408 2550 1397 2550 1403 2551 1408 2551 1392 2551 1405 2552 1408 2552 1403 2552 1409 2553 1408 2553 1405 2553 1410 2554 1408 2554 1409 2554 1199 2555 1411 2555 1200 2555 1200 2556 1411 2556 1201 2556 1406 2557 1411 2557 1199 2557 1396 2558 1412 2558 1401 2558 1407 2559 1412 2559 1396 2559 1397 2560 1413 2560 1402 2560 1410 2561 1413 2561 1408 2561 1408 2562 1413 2562 1397 2562 1414 2563 1413 2563 1410 2563 1415 2564 1413 2564 1414 2564 1411 2565 1416 2565 1201 2565 1201 2566 1416 2566 1202 2566 1202 2567 1416 2567 1203 2567 1412 2568 1417 2568 1401 2568 1401 2569 1417 2569 1406 2569 1418 2570 1419 2570 1415 2570 1420 2571 1419 2571 1418 2571 1413 2572 1419 2572 1402 2572 1415 2573 1419 2573 1413 2573 1402 2574 1419 2574 1407 2574 1416 2575 1421 2575 1203 2575 1203 2576 1421 2576 1204 2576 1204 2577 1421 2577 1205 2577 1417 2578 1422 2578 1406 2578 1406 2579 1422 2579 1411 2579 1412 2580 1423 2580 1417 2580 1424 2581 1423 2581 1420 2581 1425 2582 1423 2582 1424 2582 1420 2583 1423 2583 1419 2583 1407 2584 1423 2584 1412 2584 1419 2585 1423 2585 1407 2585 1205 2586 1426 2586 1206 2586 1206 2587 1426 2587 1207 2587 1421 2588 1426 2588 1205 2588 1422 2589 1427 2589 1411 2589 1411 2590 1427 2590 1416 2590 1428 2591 1429 2591 1425 2591 1430 2592 1429 2592 1428 2592 1425 2593 1429 2593 1423 2593 1423 2594 1429 2594 1417 2594 1207 2595 1431 2595 1208 2595 1208 2596 1431 2596 1209 2596 1426 2597 1431 2597 1207 2597 1416 2598 1432 2598 1421 2598 1427 2599 1432 2599 1416 2599 1417 2600 1433 2600 1422 2600 1434 2601 1433 2601 1430 2601 1435 2602 1433 2602 1434 2602 1429 2603 1433 2603 1417 2603 1430 2604 1433 2604 1429 2604 1209 2605 1436 2605 1210 2605 1210 2606 1436 2606 1211 2606 1431 2607 1436 2607 1209 2607 1426 2608 1437 2608 1431 2608 1421 2609 1437 2609 1426 2609 1432 2610 1437 2610 1421 2610 1433 2611 1438 2611 1422 2611 1439 2612 1438 2612 1435 2612 1440 2613 1438 2613 1439 2613 1422 2614 1438 2614 1427 2614 1435 2615 1438 2615 1433 2615 1211 2616 1441 2616 1212 2616 1212 2617 1441 2617 1213 2617 1436 2618 1441 2618 1211 2618 1437 2619 1442 2619 1431 2619 1427 2620 1443 2620 1432 2620 1438 2621 1443 2621 1427 2621 1444 2622 1443 2622 1440 2622 1445 2623 1443 2623 1444 2623 1440 2624 1443 2624 1438 2624 1213 2625 1446 2625 1214 2625 1214 2626 1446 2626 1215 2626 1441 2627 1446 2627 1213 2627 1442 2628 1447 2628 1431 2628 1431 2629 1447 2629 1436 2629 1443 2630 1448 2630 1432 2630 1432 2631 1448 2631 1437 2631 1445 2632 1448 2632 1443 2632 1449 2633 1448 2633 1445 2633 1450 2634 1448 2634 1449 2634 1215 2635 1451 2635 1216 2635 1216 2636 1451 2636 1217 2636 1446 2637 1451 2637 1215 2637 1447 2638 1452 2638 1436 2638 1436 2639 1452 2639 1441 2639 1448 2640 1453 2640 1437 2640 1450 2641 1453 2641 1448 2641 1437 2642 1453 2642 1442 2642 1454 2643 1453 2643 1450 2643 1455 2644 1453 2644 1454 2644 1217 2645 1456 2645 1218 2645 1218 2646 1456 2646 1219 2646 1451 2647 1456 2647 1217 2647 1441 2648 1457 2648 1446 2648 1452 2649 1457 2649 1441 2649 1453 2650 1458 2650 1442 2650 1442 2651 1458 2651 1447 2651 1455 2652 1458 2652 1453 2652 1459 2653 1458 2653 1455 2653 1460 2654 1458 2654 1459 2654 1219 2655 1461 2655 1220 2655 1220 2656 1461 2656 1221 2656 1456 2657 1461 2657 1219 2657 1446 2658 1462 2658 1451 2658 1457 2659 1462 2659 1446 2659 1451 2660 1462 2660 1456 2660 1447 2661 1463 2661 1452 2661 1458 2662 1463 2662 1447 2662 1460 2663 1463 2663 1458 2663 1452 2664 1463 2664 1457 2664 1464 2665 1463 2665 1460 2665 1465 2666 1463 2666 1464 2666 1221 2667 1466 2667 1222 2667 1222 2668 1466 2668 1223 2668 1461 2669 1466 2669 1221 2669 1462 2670 1467 2670 1456 2670 1463 2671 1468 2671 1457 2671 1465 2672 1468 2672 1463 2672 1469 2673 1468 2673 1465 2673 1470 2674 1468 2674 1469 2674 1223 2675 1471 2675 1224 2675 1224 2676 1471 2676 1225 2676 1466 2677 1471 2677 1223 2677 1456 2678 1472 2678 1461 2678 1467 2679 1472 2679 1456 2679 1461 2680 1472 2680 1466 2680 1457 2681 1473 2681 1462 2681 1468 2682 1473 2682 1457 2682 1470 2683 1473 2683 1468 2683 1462 2684 1473 2684 1467 2684 1474 2685 1473 2685 1470 2685 1475 2686 1473 2686 1474 2686 1225 2687 1476 2687 1226 2687 1226 2688 1476 2688 1227 2688 1471 2689 1476 2689 1225 2689 1466 2690 1477 2690 1471 2690 1472 2691 1477 2691 1466 2691 1475 2692 1478 2692 1473 2692 1479 2693 1478 2693 1475 2693 1473 2694 1478 2694 1467 2694 1480 2695 1478 2695 1479 2695 1227 2696 1481 2696 1228 2696 1228 2697 1481 2697 1229 2697 1476 2698 1481 2698 1227 2698 1477 2699 1482 2699 1471 2699 1467 2700 1483 2700 1472 2700 1484 2701 1483 2701 1480 2701 1485 2702 1483 2702 1484 2702 1478 2703 1483 2703 1467 2703 1480 2704 1483 2704 1478 2704 1229 2705 1486 2705 1230 2705 1230 2706 1486 2706 1231 2706 1481 2707 1486 2707 1229 2707 1482 2708 1487 2708 1471 2708 1471 2709 1487 2709 1476 2709 1477 2710 1488 2710 1482 2710 1483 2711 1488 2711 1472 2711 1489 2712 1488 2712 1485 2712 1490 2713 1488 2713 1489 2713 1485 2714 1488 2714 1483 2714 1472 2715 1488 2715 1477 2715 1486 2716 1491 2716 1231 2716 1231 2717 1491 2717 1232 2717 1232 2718 1491 2718 1233 2718 1476 2719 1492 2719 1481 2719 1481 2720 1492 2720 1486 2720 1487 2721 1492 2721 1476 2721 1488 2722 1493 2722 1482 2722 1482 2723 1493 2723 1487 2723 1494 2724 1493 2724 1490 2724 1490 2725 1493 2725 1488 2725 1495 2726 1493 2726 1494 2726 1491 2727 1496 2727 1233 2727 1233 2728 1496 2728 1234 2728 1234 2729 1496 2729 1235 2729 1492 2730 1497 2730 1486 2730 1495 2731 1498 2731 1493 2731 1493 2732 1498 2732 1487 2732 1499 2733 1498 2733 1495 2733 1500 2734 1498 2734 1499 2734 1496 2735 1501 2735 1235 2735 1235 2736 1501 2736 1236 2736 1236 2737 1501 2737 1237 2737 1491 2738 1502 2738 1496 2738 1497 2739 1502 2739 1486 2739 1486 2740 1502 2740 1491 2740 1498 2741 1503 2741 1487 2741 1487 2742 1503 2742 1492 2742 1492 2743 1503 2743 1497 2743 1504 2744 1503 2744 1500 2744 1505 2745 1503 2745 1504 2745 1500 2746 1503 2746 1498 2746 1501 2747 1506 2747 1237 2747 1237 2748 1506 2748 1238 2748 1238 2749 1506 2749 1239 2749 1502 2750 1507 2750 1496 2750 1496 2751 1507 2751 1501 2751 1505 2752 1508 2752 1503 2752 1503 2753 1508 2753 1497 2753 1509 2754 1508 2754 1505 2754 1510 2755 1508 2755 1509 2755 1506 2756 1511 2756 1239 2756 1239 2757 1511 2757 1240 2757 1240 2758 1511 2758 1241 2758 1507 2759 1512 2759 1501 2759 1497 2760 1513 2760 1502 2760 1508 2761 1513 2761 1497 2761 1510 2762 1513 2762 1508 2762 1514 2763 1513 2763 1510 2763 1515 2764 1513 2764 1514 2764 1241 2765 1516 2765 1242 2765 1242 2766 1516 2766 1243 2766 1511 2767 1516 2767 1241 2767 1501 2768 1517 2768 1506 2768 1512 2769 1517 2769 1501 2769 1518 2770 1519 2770 1520 2770 1513 2771 1519 2771 1502 2771 1515 2772 1519 2772 1513 2772 1502 2773 1519 2773 1507 2773 1520 2774 1519 2774 1515 2774 1243 2775 1521 2775 1244 2775 1244 2776 1521 2776 1245 2776 1516 2777 1521 2777 1243 2777 1506 2778 1522 2778 1511 2778 1517 2779 1522 2779 1506 2779 1523 2780 1524 2780 1518 2780 1525 2781 1524 2781 1523 2781 1518 2782 1524 2782 1519 2782 1507 2783 1524 2783 1512 2783 1519 2784 1524 2784 1507 2784 1245 2785 1526 2785 1246 2785 1246 2786 1526 2786 1247 2786 1521 2787 1526 2787 1245 2787 1511 2788 1527 2788 1516 2788 1522 2789 1527 2789 1511 2789 1528 2790 1529 2790 1525 2790 1530 2791 1529 2791 1528 2791 1525 2792 1529 2792 1524 2792 1512 2793 1529 2793 1517 2793 1524 2794 1529 2794 1512 2794 1247 2795 1531 2795 1248 2795 1248 2796 1531 2796 1249 2796 1526 2797 1531 2797 1247 2797 1516 2798 1532 2798 1521 2798 1527 2799 1532 2799 1516 2799 1533 2800 1534 2800 1530 2800 1535 2801 1534 2801 1533 2801 1530 2802 1534 2802 1529 2802 1517 2803 1534 2803 1522 2803 1529 2804 1534 2804 1517 2804 1249 2805 1536 2805 1250 2805 1250 2806 1536 2806 1251 2806 1531 2807 1536 2807 1249 2807 1521 2808 1537 2808 1526 2808 1532 2809 1537 2809 1521 2809 1534 2810 1538 2810 1522 2810 1539 2811 1538 2811 1535 2811 1540 2812 1538 2812 1539 2812 1522 2813 1538 2813 1527 2813 1535 2814 1538 2814 1534 2814 1251 2815 1541 2815 1252 2815 1252 2816 1541 2816 1253 2816 1536 2817 1541 2817 1251 2817 1537 2818 1542 2818 1526 2818 1526 2819 1542 2819 1531 2819 1540 2820 1543 2820 1538 2820 1532 2821 1543 2821 1537 2821 1544 2822 1543 2822 1540 2822 1545 2823 1543 2823 1544 2823 1538 2824 1543 2824 1527 2824 1527 2825 1543 2825 1532 2825 1541 2826 1546 2826 1253 2826 1253 2827 1546 2827 1254 2827 1254 2828 1546 2828 1255 2828 1542 2829 1547 2829 1531 2829 1531 2830 1547 2830 1536 2830 1543 2831 1548 2831 1537 2831 1549 2832 1548 2832 1545 2832 1550 2833 1548 2833 1549 2833 1545 2834 1548 2834 1543 2834 1546 2835 1551 2835 1255 2835 1255 2836 1551 2836 1256 2836 1256 2837 1551 2837 1257 2837 1547 2838 1552 2838 1536 2838 1536 2839 1552 2839 1541 2839 1553 2840 1554 2840 1550 2840 1555 2841 1554 2841 1553 2841 1537 2842 1554 2842 1542 2842 1550 2843 1554 2843 1548 2843 1542 2844 1554 2844 1547 2844 1548 2845 1554 2845 1537 2845 1551 2846 1556 2846 1257 2846 1259 2847 1556 2847 1266 2847 1257 2848 1556 2848 1258 2848 1258 2849 1556 2849 1259 2849 1541 2850 1557 2850 1546 2850 1552 2851 1557 2851 1541 2851 1558 2852 1559 2852 1555 2852 1560 2853 1559 2853 1558 2853 1555 2854 1559 2854 1554 2854 1554 2855 1559 2855 1547 2855 1546 2856 1561 2856 1551 2856 1557 2857 1561 2857 1546 2857 1562 2858 1563 2858 1560 2858 1564 2859 1563 2859 1562 2859 1547 2860 1563 2860 1552 2860 1559 2861 1563 2861 1547 2861 1560 2862 1563 2862 1559 2862 1551 2863 1565 2863 1556 2863 1556 2864 1565 2864 1266 2864 1561 2865 1565 2865 1551 2865 1266 2866 1565 2866 1274 2866 1566 2867 1567 2867 1564 2867 1568 2868 1567 2868 1566 2868 1557 2869 1567 2869 1561 2869 1552 2870 1567 2870 1557 2870 1564 2871 1567 2871 1563 2871 1563 2872 1567 2872 1552 2872 1569 2873 1570 2873 1568 2873 1571 2874 1570 2874 1569 2874 1568 2875 1570 2875 1567 2875 1567 2876 1570 2876 1561 2876 1572 2877 1573 2877 1571 2877 1574 2878 1573 2878 1572 2878 1571 2879 1573 2879 1570 2879 1561 2880 1573 2880 1565 2880 1565 2881 1573 2881 1274 2881 1274 2882 1573 2882 1273 2882 1570 2883 1573 2883 1561 2883 1273 2884 1573 2884 1574 2884 1259 2885 1266 2885 1135 2885 1574 2886 1285 2886 1273 2886 1134 2887 1264 2887 1136 2887 1136 2888 1264 2888 1137 2888 1266 2889 1264 2889 1134 2889 1264 2890 1265 2890 1137 2890 1137 2891 1265 2891 1138 2891 1138 2892 1265 2892 1139 2892 1265 2893 1261 2893 1139 2893 1139 2894 1261 2894 1140 2894 1140 2895 1261 2895 1141 2895 1266 2896 1262 2896 1264 2896 1274 2897 1262 2897 1266 2897 1324 2898 1575 2898 1325 2898 1576 2899 1575 2899 1320 2899 1577 2900 1578 2900 1579 2900 1580 2901 1578 2901 1577 2901 1581 2902 1582 2902 1583 2902 1584 2903 1582 2903 1581 2903 1585 2904 1582 2904 1584 2904 1583 2905 1582 2905 1586 2905 1586 2906 1582 2906 1587 2906 1285 2907 1588 2907 1271 2907 1587 2908 1582 2908 1580 2908 1325 2909 1589 2909 1328 2909 1328 2910 1589 2910 1330 2910 1575 2911 1589 2911 1325 2911 1578 2912 1590 2912 1579 2912 1579 2913 1590 2913 1576 2913 1591 2914 1592 2914 1585 2914 1593 2915 1592 2915 1591 2915 1582 2916 1592 2916 1580 2916 1585 2917 1592 2917 1582 2917 1330 2918 1594 2918 1334 2918 1334 2919 1594 2919 1335 2919 1589 2920 1594 2920 1330 2920 1576 2921 1595 2921 1575 2921 1575 2922 1595 2922 1589 2922 1590 2923 1595 2923 1576 2923 1580 2924 1596 2924 1578 2924 1597 2925 1596 2925 1593 2925 1598 2926 1596 2926 1597 2926 1578 2927 1596 2927 1590 2927 1593 2928 1596 2928 1592 2928 1592 2929 1596 2929 1580 2929 1594 2930 1599 2930 1335 2930 1600 2931 1601 2931 1602 2931 1335 2932 1599 2932 1338 2932 1338 2933 1599 2933 1340 2933 1595 2934 1603 2934 1589 2934 1604 2935 1605 2935 1598 2935 1606 2936 1605 2936 1604 2936 1596 2937 1605 2937 1590 2937 1598 2938 1605 2938 1596 2938 1340 2939 1607 2939 1344 2939 1344 2940 1607 2940 1345 2940 1599 2941 1607 2941 1340 2941 1603 2942 1608 2942 1589 2942 1589 2943 1608 2943 1594 2943 1609 2944 1610 2944 1606 2944 1611 2945 1610 2945 1609 2945 1595 2946 1610 2946 1603 2946 1590 2947 1610 2947 1595 2947 1605 2948 1610 2948 1590 2948 1606 2949 1610 2949 1605 2949 1607 2950 1612 2950 1345 2950 1345 2951 1612 2951 1348 2951 1348 2952 1612 2952 1350 2952 1594 2953 1613 2953 1599 2953 1608 2954 1613 2954 1594 2954 1610 2955 1614 2955 1603 2955 1611 2956 1614 2956 1610 2956 1615 2957 1614 2957 1611 2957 1616 2958 1614 2958 1615 2958 1612 2959 1617 2959 1350 2959 1350 2960 1617 2960 1353 2960 1353 2961 1617 2961 1355 2961 1599 2962 1618 2962 1607 2962 1613 2963 1618 2963 1599 2963 1619 2964 1620 2964 1616 2964 1621 2965 1620 2965 1619 2965 1614 2966 1620 2966 1603 2966 1616 2967 1620 2967 1614 2967 1603 2968 1620 2968 1608 2968 1355 2969 1622 2969 1358 2969 1358 2970 1622 2970 1360 2970 1617 2971 1622 2971 1355 2971 1612 2972 1623 2972 1617 2972 1607 2973 1623 2973 1612 2973 1618 2974 1623 2974 1607 2974 1608 2975 1624 2975 1613 2975 1620 2976 1624 2976 1608 2976 1625 2977 1624 2977 1621 2977 1626 2978 1624 2978 1625 2978 1621 2979 1624 2979 1620 2979 1622 2980 1627 2980 1360 2980 1360 2981 1627 2981 1363 2981 1363 2982 1627 2982 1365 2982 1623 2983 1628 2983 1617 2983 1617 2984 1628 2984 1622 2984 1626 2985 1629 2985 1624 2985 1630 2986 1629 2986 1626 2986 1631 2987 1629 2987 1630 2987 1624 2988 1629 2988 1613 2988 1613 2989 1629 2989 1618 2989 1627 2990 1632 2990 1365 2990 1365 2991 1632 2991 1369 2991 1369 2992 1632 2992 1370 2992 1628 2993 1633 2993 1622 2993 1634 2994 1635 2994 1631 2994 1636 2995 1635 2995 1634 2995 1631 2996 1635 2996 1629 2996 1618 2997 1635 2997 1623 2997 1629 2998 1635 2998 1618 2998 1632 2999 1637 2999 1370 2999 1370 3000 1637 3000 1374 3000 1374 3001 1637 3001 1375 3001 1622 3002 1638 3002 1627 3002 1633 3003 1638 3003 1622 3003 1623 3004 1639 3004 1628 3004 1635 3005 1639 3005 1623 3005 1640 3006 1639 3006 1636 3006 1641 3007 1639 3007 1640 3007 1628 3008 1639 3008 1633 3008 1636 3009 1639 3009 1635 3009 1637 3010 1642 3010 1375 3010 1375 3011 1642 3011 1379 3011 1379 3012 1642 3012 1380 3012 1638 3013 1643 3013 1627 3013 1627 3014 1643 3014 1632 3014 1644 3015 1645 3015 1641 3015 1646 3016 1645 3016 1644 3016 1639 3017 1645 3017 1633 3017 1633 3018 1645 3018 1638 3018 1641 3019 1645 3019 1639 3019 1642 3020 1647 3020 1380 3020 1380 3021 1647 3021 1384 3021 1384 3022 1647 3022 1385 3022 1643 3023 1648 3023 1632 3023 1632 3024 1648 3024 1637 3024 1637 3025 1648 3025 1642 3025 1646 3026 1649 3026 1645 3026 1645 3027 1649 3027 1638 3027 1650 3028 1649 3028 1646 3028 1651 3029 1649 3029 1650 3029 1647 3030 1652 3030 1385 3030 1385 3031 1652 3031 1389 3031 1389 3032 1652 3032 1390 3032 1648 3033 1653 3033 1642 3033 1638 3034 1654 3034 1643 3034 1649 3035 1654 3035 1638 3035 1655 3036 1654 3036 1651 3036 1656 3037 1654 3037 1655 3037 1651 3038 1654 3038 1649 3038 1652 3039 1657 3039 1390 3039 1390 3040 1657 3040 1393 3040 1393 3041 1657 3041 1395 3041 1642 3042 1658 3042 1647 3042 1653 3043 1658 3043 1642 3043 1643 3044 1659 3044 1648 3044 1660 3045 1659 3045 1656 3045 1661 3046 1659 3046 1660 3046 1656 3047 1659 3047 1654 3047 1654 3048 1659 3048 1643 3048 1648 3049 1659 3049 1653 3049 1657 3050 1662 3050 1395 3050 1395 3051 1662 3051 1399 3051 1399 3052 1662 3052 1400 3052 1658 3053 1663 3053 1647 3053 1647 3054 1663 3054 1652 3054 1664 3055 1665 3055 1661 3055 1666 3056 1665 3056 1664 3056 1661 3057 1665 3057 1659 3057 1659 3058 1665 3058 1653 3058 1662 3059 1667 3059 1400 3059 1400 3060 1667 3060 1404 3060 1404 3061 1667 3061 1405 3061 1652 3062 1668 3062 1657 3062 1663 3063 1668 3063 1652 3063 1666 3064 1669 3064 1665 3064 1670 3065 1669 3065 1666 3065 1671 3066 1669 3066 1670 3066 1665 3067 1669 3067 1653 3067 1653 3068 1669 3068 1658 3068 1667 3069 1672 3069 1405 3069 1405 3070 1672 3070 1409 3070 1409 3071 1672 3071 1410 3071 1657 3072 1673 3072 1662 3072 1668 3073 1673 3073 1657 3073 1671 3074 1674 3074 1669 3074 1658 3075 1674 3075 1663 3075 1675 3076 1674 3076 1671 3076 1676 3077 1674 3077 1675 3077 1669 3078 1674 3078 1658 3078 1672 3079 1677 3079 1410 3079 1410 3080 1677 3080 1414 3080 1414 3081 1677 3081 1415 3081 1673 3082 1678 3082 1662 3082 1662 3083 1678 3083 1667 3083 1663 3084 1679 3084 1668 3084 1668 3085 1679 3085 1673 3085 1680 3086 1679 3086 1676 3086 1681 3087 1679 3087 1680 3087 1674 3088 1679 3088 1663 3088 1676 3089 1679 3089 1674 3089 1677 3090 1682 3090 1415 3090 1415 3091 1682 3091 1418 3091 1418 3092 1682 3092 1420 3092 1678 3093 1683 3093 1667 3093 1667 3094 1683 3094 1672 3094 1684 3095 1685 3095 1681 3095 1686 3096 1685 3096 1684 3096 1681 3097 1685 3097 1679 3097 1679 3098 1685 3098 1673 3098 1682 3099 1687 3099 1420 3099 1420 3100 1687 3100 1424 3100 1424 3101 1687 3101 1425 3101 1683 3102 1688 3102 1672 3102 1672 3103 1688 3103 1677 3103 1673 3104 1689 3104 1678 3104 1685 3105 1689 3105 1673 3105 1690 3106 1689 3106 1686 3106 1691 3107 1689 3107 1690 3107 1686 3108 1689 3108 1685 3108 1687 3109 1692 3109 1425 3109 1425 3110 1692 3110 1428 3110 1428 3111 1692 3111 1430 3111 1677 3112 1693 3112 1682 3112 1682 3113 1693 3113 1687 3113 1688 3114 1693 3114 1677 3114 1689 3115 1694 3115 1678 3115 1678 3116 1694 3116 1683 3116 1695 3117 1694 3117 1691 3117 1696 3118 1694 3118 1695 3118 1691 3119 1694 3119 1689 3119 1692 3120 1697 3120 1430 3120 1430 3121 1697 3121 1434 3121 1434 3122 1697 3122 1435 3122 1693 3123 1698 3123 1687 3123 1696 3124 1699 3124 1694 3124 1683 3125 1699 3125 1688 3125 1694 3126 1699 3126 1683 3126 1700 3127 1699 3127 1696 3127 1701 3128 1699 3128 1700 3128 1697 3129 1702 3129 1435 3129 1435 3130 1702 3130 1439 3130 1439 3131 1702 3131 1440 3131 1687 3132 1703 3132 1692 3132 1698 3133 1703 3133 1687 3133 1701 3134 1704 3134 1699 3134 1705 3135 1704 3135 1701 3135 1706 3136 1704 3136 1705 3136 1699 3137 1704 3137 1688 3137 1688 3138 1704 3138 1693 3138 1693 3139 1704 3139 1698 3139 1702 3140 1707 3140 1440 3140 1440 3141 1707 3141 1444 3141 1444 3142 1707 3142 1445 3142 1703 3143 1708 3143 1692 3143 1692 3144 1708 3144 1697 3144 1709 3145 1710 3145 1706 3145 1711 3146 1710 3146 1709 3146 1706 3147 1710 3147 1704 3147 1704 3148 1710 3148 1698 3148 1445 3149 1712 3149 1449 3149 1449 3150 1712 3150 1450 3150 1707 3151 1712 3151 1445 3151 1708 3152 1713 3152 1697 3152 1697 3153 1713 3153 1702 3153 1710 3154 1714 3154 1698 3154 1711 3155 1714 3155 1710 3155 1715 3156 1714 3156 1711 3156 1716 3157 1714 3157 1715 3157 1703 3158 1714 3158 1708 3158 1698 3159 1714 3159 1703 3159 1450 3160 1717 3160 1454 3160 1454 3161 1717 3161 1455 3161 1712 3162 1717 3162 1450 3162 1713 3163 1718 3163 1702 3163 1702 3164 1718 3164 1707 3164 1716 3165 1719 3165 1714 3165 1720 3166 1719 3166 1716 3166 1721 3167 1719 3167 1720 3167 1714 3168 1719 3168 1708 3168 1455 3169 1722 3169 1459 3169 1459 3170 1722 3170 1460 3170 1717 3171 1722 3171 1455 3171 1718 3172 1723 3172 1707 3172 1707 3173 1723 3173 1712 3173 1708 3174 1724 3174 1713 3174 1721 3175 1724 3175 1719 3175 1725 3176 1724 3176 1721 3176 1726 3177 1724 3177 1725 3177 1719 3178 1724 3178 1708 3178 1460 3179 1727 3179 1464 3179 1464 3180 1727 3180 1465 3180 1722 3181 1727 3181 1460 3181 1723 3182 1728 3182 1712 3182 1712 3183 1728 3183 1717 3183 1717 3184 1728 3184 1722 3184 1713 3185 1729 3185 1718 3185 1718 3186 1729 3186 1723 3186 1724 3187 1729 3187 1713 3187 1726 3188 1729 3188 1724 3188 1730 3189 1729 3189 1726 3189 1731 3190 1729 3190 1730 3190 1465 3191 1732 3191 1469 3191 1469 3192 1732 3192 1470 3192 1727 3193 1732 3193 1465 3193 1728 3194 1733 3194 1722 3194 1729 3195 1734 3195 1723 3195 1731 3196 1734 3196 1729 3196 1735 3197 1734 3197 1731 3197 1736 3198 1734 3198 1735 3198 1470 3199 1737 3199 1474 3199 1474 3200 1737 3200 1475 3200 1732 3201 1737 3201 1470 3201 1722 3202 1738 3202 1727 3202 1733 3203 1738 3203 1722 3203 1728 3204 1739 3204 1733 3204 1736 3205 1739 3205 1734 3205 1740 3206 1739 3206 1736 3206 1741 3207 1739 3207 1740 3207 1723 3208 1739 3208 1728 3208 1734 3209 1739 3209 1723 3209 1475 3210 1742 3210 1479 3210 1479 3211 1742 3211 1480 3211 1737 3212 1742 3212 1475 3212 1732 3213 1743 3213 1737 3213 1727 3214 1743 3214 1732 3214 1738 3215 1743 3215 1727 3215 1741 3216 1744 3216 1739 3216 1739 3217 1744 3217 1733 3217 1745 3218 1744 3218 1741 3218 1746 3219 1744 3219 1745 3219 1480 3220 1747 3220 1484 3220 1484 3221 1747 3221 1485 3221 1742 3222 1747 3222 1480 3222 1743 3223 1748 3223 1737 3223 1733 3224 1749 3224 1738 3224 1744 3225 1749 3225 1733 3225 1746 3226 1749 3226 1744 3226 1750 3227 1749 3227 1746 3227 1751 3228 1749 3228 1750 3228 1485 3229 1752 3229 1489 3229 1489 3230 1752 3230 1490 3230 1747 3231 1752 3231 1485 3231 1737 3232 1753 3232 1742 3232 1742 3233 1753 3233 1747 3233 1748 3234 1753 3234 1737 3234 1738 3235 1754 3235 1743 3235 1749 3236 1754 3236 1738 3236 1751 3237 1754 3237 1749 3237 1755 3238 1754 3238 1751 3238 1756 3239 1754 3239 1755 3239 1490 3240 1757 3240 1494 3240 1494 3241 1757 3241 1495 3241 1752 3242 1757 3242 1490 3242 1753 3243 1758 3243 1747 3243 1743 3244 1759 3244 1748 3244 1754 3245 1759 3245 1743 3245 1760 3246 1759 3246 1756 3246 1761 3247 1759 3247 1760 3247 1756 3248 1759 3248 1754 3248 1495 3249 1762 3249 1499 3249 1499 3250 1762 3250 1500 3250 1757 3251 1762 3251 1495 3251 1747 3252 1763 3252 1752 3252 1758 3253 1763 3253 1747 3253 1748 3254 1764 3254 1753 3254 1753 3255 1764 3255 1758 3255 1765 3256 1764 3256 1761 3256 1766 3257 1764 3257 1765 3257 1759 3258 1764 3258 1748 3258 1761 3259 1764 3259 1759 3259 1500 3260 1767 3260 1504 3260 1504 3261 1767 3261 1505 3261 1762 3262 1767 3262 1500 3262 1752 3263 1768 3263 1757 3263 1757 3264 1768 3264 1762 3264 1763 3265 1768 3265 1752 3265 1766 3266 1769 3266 1764 3266 1770 3267 1769 3267 1766 3267 1771 3268 1769 3268 1770 3268 1764 3269 1769 3269 1758 3269 1505 3270 1772 3270 1509 3270 1509 3271 1772 3271 1510 3271 1767 3272 1772 3272 1505 3272 1768 3273 1773 3273 1762 3273 1771 3274 1774 3274 1769 3274 1758 3275 1774 3275 1763 3275 1775 3276 1774 3276 1771 3276 1776 3277 1774 3277 1775 3277 1769 3278 1774 3278 1758 3278 1510 3279 1777 3279 1514 3279 1514 3280 1777 3280 1515 3280 1772 3281 1777 3281 1510 3281 1773 3282 1778 3282 1762 3282 1762 3283 1778 3283 1767 3283 1763 3284 1779 3284 1768 3284 1776 3285 1779 3285 1774 3285 1774 3286 1779 3286 1763 3286 1780 3287 1779 3287 1776 3287 1781 3288 1779 3288 1780 3288 1777 3289 1782 3289 1515 3289 1515 3290 1782 3290 1520 3290 1520 3291 1782 3291 1518 3291 1767 3292 1783 3292 1772 3292 1778 3293 1783 3293 1767 3293 1772 3294 1783 3294 1777 3294 1768 3295 1784 3295 1773 3295 1779 3296 1784 3296 1768 3296 1781 3297 1784 3297 1779 3297 1785 3298 1784 3298 1781 3298 1786 3299 1784 3299 1785 3299 1782 3300 1787 3300 1518 3300 1518 3301 1787 3301 1523 3301 1523 3302 1787 3302 1525 3302 1783 3303 1788 3303 1777 3303 1784 3304 1789 3304 1773 3304 1773 3305 1789 3305 1778 3305 1786 3306 1789 3306 1784 3306 1790 3307 1789 3307 1786 3307 1791 3308 1789 3308 1790 3308 1787 3309 1792 3309 1525 3309 1525 3310 1792 3310 1528 3310 1528 3311 1792 3311 1530 3311 1777 3312 1793 3312 1782 3312 1782 3313 1793 3313 1787 3313 1788 3314 1793 3314 1777 3314 1789 3315 1794 3315 1778 3315 1778 3316 1794 3316 1783 3316 1791 3317 1794 3317 1789 3317 1795 3318 1794 3318 1791 3318 1796 3319 1794 3319 1795 3319 1792 3320 1797 3320 1530 3320 1530 3321 1797 3321 1533 3321 1533 3322 1797 3322 1535 3322 1787 3323 1798 3323 1792 3323 1793 3324 1798 3324 1787 3324 1783 3325 1799 3325 1788 3325 1794 3326 1799 3326 1783 3326 1796 3327 1799 3327 1794 3327 1800 3328 1799 3328 1796 3328 1801 3329 1799 3329 1800 3329 1535 3330 1802 3330 1539 3330 1539 3331 1802 3331 1540 3331 1797 3332 1802 3332 1535 3332 1798 3333 1803 3333 1792 3333 1804 3334 1805 3334 1806 3334 1799 3335 1805 3335 1788 3335 1788 3336 1805 3336 1793 3336 1801 3337 1805 3337 1799 3337 1806 3338 1805 3338 1801 3338 1540 3339 1807 3339 1544 3339 1544 3340 1807 3340 1545 3340 1802 3341 1807 3341 1540 3341 1797 3342 1808 3342 1802 3342 1792 3343 1808 3343 1797 3343 1803 3344 1808 3344 1792 3344 1809 3345 1810 3345 1804 3345 1811 3346 1810 3346 1809 3346 1804 3347 1810 3347 1805 3347 1793 3348 1810 3348 1798 3348 1798 3349 1810 3349 1803 3349 1805 3350 1810 3350 1793 3350 1545 3351 1812 3351 1549 3351 1549 3352 1812 3352 1550 3352 1807 3353 1812 3353 1545 3353 1802 3354 1813 3354 1807 3354 1808 3355 1813 3355 1802 3355 1814 3356 1815 3356 1811 3356 1816 3357 1815 3357 1814 3357 1811 3358 1815 3358 1810 3358 1810 3359 1815 3359 1803 3359 1812 3360 1817 3360 1550 3360 1550 3361 1817 3361 1553 3361 1553 3362 1817 3362 1555 3362 1813 3363 1818 3363 1807 3363 1819 3364 1820 3364 1816 3364 1821 3365 1820 3365 1819 3365 1816 3366 1820 3366 1815 3366 1803 3367 1820 3367 1808 3367 1808 3368 1820 3368 1813 3368 1815 3369 1820 3369 1803 3369 1555 3370 1822 3370 1558 3370 1558 3371 1822 3371 1560 3371 1817 3372 1822 3372 1555 3372 1812 3373 1823 3373 1817 3373 1807 3374 1823 3374 1812 3374 1818 3375 1823 3375 1807 3375 1820 3376 1824 3376 1813 3376 1825 3377 1824 3377 1821 3377 1826 3378 1824 3378 1825 3378 1821 3379 1824 3379 1820 3379 1560 3380 1827 3380 1562 3380 1562 3381 1827 3381 1564 3381 1822 3382 1827 3382 1560 3382 1817 3383 1828 3383 1822 3383 1823 3384 1828 3384 1817 3384 1824 3385 1829 3385 1813 3385 1830 3386 1829 3386 1826 3386 1831 3387 1829 3387 1830 3387 1826 3388 1829 3388 1824 3388 1813 3389 1829 3389 1818 3389 1564 3390 1832 3390 1566 3390 1566 3391 1832 3391 1568 3391 1827 3392 1832 3392 1564 3392 1828 3393 1833 3393 1822 3393 1818 3394 1834 3394 1823 3394 1829 3395 1834 3395 1818 3395 1835 3396 1834 3396 1831 3396 1836 3397 1834 3397 1835 3397 1823 3398 1834 3398 1828 3398 1831 3399 1834 3399 1829 3399 1832 3400 1837 3400 1568 3400 1568 3401 1837 3401 1569 3401 1569 3402 1837 3402 1571 3402 1822 3403 1838 3403 1827 3403 1833 3404 1838 3404 1822 3404 1839 3405 1840 3405 1836 3405 1841 3406 1840 3406 1839 3406 1834 3407 1840 3407 1828 3407 1828 3408 1840 3408 1833 3408 1836 3409 1840 3409 1834 3409 1837 3410 1842 3410 1571 3410 1574 3411 1842 3411 1588 3411 1571 3412 1842 3412 1572 3412 1572 3413 1842 3413 1574 3413 1832 3414 1843 3414 1837 3414 1838 3415 1843 3415 1827 3415 1827 3416 1843 3416 1832 3416 1841 3417 1844 3417 1840 3417 1845 3418 1844 3418 1841 3418 1846 3419 1844 3419 1845 3419 1840 3420 1844 3420 1833 3420 1843 3421 1847 3421 1837 3421 1848 3422 1849 3422 1846 3422 1850 3423 1849 3423 1848 3423 1833 3424 1849 3424 1838 3424 1838 3425 1849 3425 1843 3425 1846 3426 1849 3426 1844 3426 1844 3427 1849 3427 1833 3427 1837 3428 1851 3428 1842 3428 1842 3429 1851 3429 1588 3429 1847 3430 1851 3430 1837 3430 1588 3431 1851 3431 1852 3431 1850 3432 1853 3432 1849 3432 1854 3433 1853 3433 1850 3433 1855 3434 1853 3434 1854 3434 1849 3435 1853 3435 1843 3435 1856 3436 1857 3436 1855 3436 1858 3437 1857 3437 1856 3437 1855 3438 1857 3438 1853 3438 1843 3439 1857 3439 1847 3439 1853 3440 1857 3440 1843 3440 1859 3441 1860 3441 1858 3441 1861 3442 1860 3442 1859 3442 1847 3443 1860 3443 1851 3443 1851 3444 1860 3444 1852 3444 1852 3445 1860 3445 1602 3445 1858 3446 1860 3446 1857 3446 1857 3447 1860 3447 1847 3447 1602 3448 1860 3448 1861 3448 1574 3449 1588 3449 1285 3449 1861 3450 1600 3450 1602 3450 1271 3451 1862 3451 1269 3451 1269 3452 1862 3452 1272 3452 1588 3453 1862 3453 1271 3453 1862 3454 1863 3454 1272 3454 1272 3455 1863 3455 1277 3455 1277 3456 1863 3456 1279 3456 1863 3457 1864 3457 1279 3457 1279 3458 1864 3458 1282 3458 1282 3459 1864 3459 1284 3459 1588 3460 1865 3460 1862 3460 1852 3461 1865 3461 1588 3461 1284 3462 1866 3462 1288 3462 1288 3463 1866 3463 1290 3463 1864 3464 1866 3464 1284 3464 1865 3465 1867 3465 1862 3465 1862 3466 1867 3466 1863 3466 1866 3467 1868 3467 1290 3467 1290 3468 1868 3468 1293 3468 1293 3469 1868 3469 1295 3469 1864 3470 1869 3470 1866 3470 1863 3471 1869 3471 1864 3471 1867 3472 1869 3472 1863 3472 1601 3473 1870 3473 1602 3473 1871 3474 1870 3474 1601 3474 1872 3475 1870 3475 1871 3475 1602 3476 1870 3476 1852 3476 1852 3477 1870 3477 1865 3477 1865 3478 1870 3478 1867 3478 1868 3479 1873 3479 1295 3479 1295 3480 1873 3480 1298 3480 1298 3481 1873 3481 1300 3481 1869 3482 1874 3482 1866 3482 1875 3483 1876 3483 1872 3483 1877 3484 1876 3484 1875 3484 1872 3485 1876 3485 1870 3485 1870 3486 1876 3486 1867 3486 1873 3487 1878 3487 1300 3487 1300 3488 1878 3488 1303 3488 1303 3489 1878 3489 1305 3489 1868 3490 1879 3490 1873 3490 1866 3491 1879 3491 1868 3491 1874 3492 1879 3492 1866 3492 1877 3493 1880 3493 1876 3493 1881 3494 1880 3494 1877 3494 1882 3495 1880 3495 1881 3495 1876 3496 1880 3496 1867 3496 1867 3497 1880 3497 1869 3497 1869 3498 1880 3498 1874 3498 1305 3499 1577 3499 1308 3499 1308 3500 1577 3500 1310 3500 1878 3501 1577 3501 1305 3501 1879 3502 1586 3502 1873 3502 1880 3503 1883 3503 1874 3503 1884 3504 1883 3504 1882 3504 1885 3505 1883 3505 1884 3505 1882 3506 1883 3506 1880 3506 1577 3507 1579 3507 1310 3507 1310 3508 1579 3508 1313 3508 1313 3509 1579 3509 1315 3509 1586 3510 1587 3510 1873 3510 1873 3511 1587 3511 1878 3511 1878 3512 1587 3512 1577 3512 1886 3513 1887 3513 1885 3513 1888 3514 1887 3514 1886 3514 1879 3515 1887 3515 1586 3515 1883 3516 1887 3516 1874 3516 1874 3517 1887 3517 1879 3517 1885 3518 1887 3518 1883 3518 1315 3519 1576 3519 1319 3519 1319 3520 1576 3520 1320 3520 1579 3521 1576 3521 1315 3521 1587 3522 1580 3522 1577 3522 1887 3523 1583 3523 1586 3523 1889 3524 1583 3524 1888 3524 1581 3525 1583 3525 1889 3525 1888 3526 1583 3526 1887 3526 1320 3527 1575 3527 1324 3527 1751 3528 1890 3528 1891 3528 1750 3529 1890 3529 1751 3529 1755 3530 1891 3530 1892 3530 1755 3531 1751 3531 1891 3531 1746 3532 1890 3532 1750 3532 1746 3533 1893 3533 1890 3533 1756 3534 1755 3534 1892 3534 1756 3535 1892 3535 1894 3535 1756 3536 1894 3536 1895 3536 1745 3537 1893 3537 1746 3537 1745 3538 1896 3538 1893 3538 1760 3539 1756 3539 1895 3539 1741 3540 1896 3540 1745 3540 1741 3541 1897 3541 1896 3541 1761 3542 1760 3542 1895 3542 1761 3543 1895 3543 1898 3543 1740 3544 1897 3544 1741 3544 1740 3545 1899 3545 1897 3545 1765 3546 1761 3546 1898 3546 1765 3547 1898 3547 1900 3547 1736 3548 1899 3548 1740 3548 1736 3549 1901 3549 1899 3549 1766 3550 1765 3550 1900 3550 1766 3551 1900 3551 1902 3551 1766 3552 1902 3552 1903 3552 1735 3553 1901 3553 1736 3553 1735 3554 1904 3554 1901 3554 1770 3555 1766 3555 1903 3555 1731 3556 1904 3556 1735 3556 1731 3557 1905 3557 1906 3557 1731 3558 1906 3558 1904 3558 1771 3559 1770 3559 1903 3559 1771 3560 1903 3560 1907 3560 1730 3561 1905 3561 1731 3561 1730 3562 1908 3562 1905 3562 1775 3563 1771 3563 1907 3563 1775 3564 1907 3564 1909 3564 1775 3565 1909 3565 1910 3565 1726 3566 1908 3566 1730 3566 1776 3567 1775 3567 1910 3567 1776 3568 1910 3568 1911 3568 1725 3569 1908 3569 1726 3569 1725 3570 1912 3570 1908 3570 1780 3571 1776 3571 1911 3571 1780 3572 1911 3572 1913 3572 1721 3573 1912 3573 1725 3573 1721 3574 1914 3574 1915 3574 1721 3575 1915 3575 1912 3575 1781 3576 1780 3576 1913 3576 1720 3577 1914 3577 1721 3577 1785 3578 1781 3578 1913 3578 1785 3579 1913 3579 1916 3579 1716 3580 1917 3580 1918 3580 1716 3581 1918 3581 1914 3581 1716 3582 1914 3582 1720 3582 1786 3583 1785 3583 1916 3583 1786 3584 1916 3584 1919 3584 1715 3585 1917 3585 1716 3585 1790 3586 1786 3586 1919 3586 1790 3587 1919 3587 1920 3587 1711 3588 1921 3588 1917 3588 1711 3589 1917 3589 1715 3589 1791 3590 1790 3590 1920 3590 1791 3591 1920 3591 1922 3591 1709 3592 1921 3592 1711 3592 1709 3593 1923 3593 1921 3593 1795 3594 1791 3594 1922 3594 1795 3595 1922 3595 1924 3595 1795 3596 1924 3596 1925 3596 1706 3597 1923 3597 1709 3597 1706 3598 1926 3598 1927 3598 1706 3599 1927 3599 1923 3599 1796 3600 1795 3600 1925 3600 1705 3601 1926 3601 1706 3601 1800 3602 1796 3602 1925 3602 1800 3603 1925 3603 1928 3603 1800 3604 1928 3604 1929 3604 1701 3605 1930 3605 1931 3605 1701 3606 1931 3606 1926 3606 1701 3607 1926 3607 1705 3607 1801 3608 1800 3608 1929 3608 1700 3609 1930 3609 1701 3609 1806 3610 1932 3610 1933 3610 1806 3611 1801 3611 1929 3611 1806 3612 1929 3612 1932 3612 1696 3613 1930 3613 1700 3613 1696 3614 1934 3614 1930 3614 1804 3615 1806 3615 1933 3615 1695 3616 1934 3616 1696 3616 1695 3617 1935 3617 1934 3617 1809 3618 1933 3618 1936 3618 1809 3619 1804 3619 1933 3619 1691 3620 1935 3620 1695 3620 1691 3621 1937 3621 1935 3621 1811 3622 1936 3622 1938 3622 1811 3623 1809 3623 1936 3623 1690 3624 1937 3624 1691 3624 1690 3625 1939 3625 1940 3625 1690 3626 1940 3626 1937 3626 1814 3627 1811 3627 1938 3627 1814 3628 1938 3628 1941 3628 1686 3629 1939 3629 1690 3629 1816 3630 1941 3630 1942 3630 1816 3631 1814 3631 1941 3631 1684 3632 1939 3632 1686 3632 1684 3633 1943 3633 1944 3633 1684 3634 1944 3634 1939 3634 1819 3635 1942 3635 1945 3635 1819 3636 1945 3636 1946 3636 1819 3637 1816 3637 1942 3637 1681 3638 1943 3638 1684 3638 1821 3639 1819 3639 1946 3639 1680 3640 1947 3640 1943 3640 1680 3641 1943 3641 1681 3641 1825 3642 1946 3642 1948 3642 1825 3643 1821 3643 1946 3643 1676 3644 1949 3644 1947 3644 1676 3645 1947 3645 1680 3645 1826 3646 1948 3646 1950 3646 1826 3647 1825 3647 1948 3647 1675 3648 1951 3648 1949 3648 1675 3649 1949 3649 1676 3649 1830 3650 1950 3650 1952 3650 1830 3651 1826 3651 1950 3651 1671 3652 1951 3652 1675 3652 1953 3653 1951 3653 1671 3653 1954 3654 1831 3654 1830 3654 1954 3655 1830 3655 1952 3655 1955 3656 1953 3656 1671 3656 1955 3657 1671 3657 1670 3657 1835 3658 1831 3658 1954 3658 1956 3659 1835 3659 1954 3659 1957 3660 1955 3660 1670 3660 1957 3661 1670 3661 1666 3661 1664 3662 1957 3662 1666 3662 1958 3663 1835 3663 1956 3663 1958 3664 1836 3664 1835 3664 1959 3665 1957 3665 1664 3665 1960 3666 1836 3666 1958 3666 1960 3667 1839 3667 1836 3667 1961 3668 1959 3668 1664 3668 1961 3669 1664 3669 1661 3669 1962 3670 1841 3670 1839 3670 1962 3671 1839 3671 1960 3671 1962 3672 1845 3672 1841 3672 1963 3673 1961 3673 1661 3673 1963 3674 1661 3674 1660 3674 1964 3675 1845 3675 1962 3675 1965 3676 1963 3676 1660 3676 1965 3677 1660 3677 1656 3677 1966 3678 1846 3678 1845 3678 1966 3679 1845 3679 1964 3679 1967 3680 1965 3680 1656 3680 1967 3681 1656 3681 1655 3681 1968 3682 1848 3682 1846 3682 1968 3683 1846 3683 1966 3683 1969 3684 1655 3684 1651 3684 1969 3685 1967 3685 1655 3685 1970 3686 1850 3686 1848 3686 1970 3687 1848 3687 1968 3687 1971 3688 1651 3688 1650 3688 1971 3689 1969 3689 1651 3689 1972 3690 1854 3690 1850 3690 1972 3691 1855 3691 1854 3691 1972 3692 1850 3692 1970 3692 1973 3693 1650 3693 1646 3693 1973 3694 1971 3694 1650 3694 1974 3695 1855 3695 1972 3695 1975 3696 1644 3696 1641 3696 1975 3697 1646 3697 1644 3697 1975 3698 1973 3698 1646 3698 1976 3699 1856 3699 1855 3699 1976 3700 1855 3700 1974 3700 1977 3701 1975 3701 1641 3701 1978 3702 1858 3702 1856 3702 1978 3703 1856 3703 1976 3703 1979 3704 1641 3704 1640 3704 1979 3705 1977 3705 1641 3705 1980 3706 1858 3706 1978 3706 1980 3707 1859 3707 1858 3707 1981 3708 1979 3708 1640 3708 1981 3709 1636 3709 1634 3709 1981 3710 1640 3710 1636 3710 1982 3711 1859 3711 1980 3711 1982 3712 1861 3712 1859 3712 1983 3713 1981 3713 1634 3713 1983 3714 1634 3714 1631 3714 1984 3715 1601 3715 1600 3715 1984 3716 1861 3716 1982 3716 1984 3717 1600 3717 1861 3717 1985 3718 1983 3718 1631 3718 1985 3719 1631 3719 1630 3719 1986 3720 1601 3720 1984 3720 1987 3721 1985 3721 1630 3721 1988 3722 1871 3722 1601 3722 1988 3723 1601 3723 1986 3723 1989 3724 1630 3724 1626 3724 1989 3725 1987 3725 1630 3725 1990 3726 1872 3726 1871 3726 1990 3727 1875 3727 1872 3727 1990 3728 1871 3728 1988 3728 1991 3729 1625 3729 1621 3729 1991 3730 1626 3730 1625 3730 1991 3731 1989 3731 1626 3731 1992 3732 1875 3732 1990 3732 1993 3733 1991 3733 1621 3733 1994 3734 1877 3734 1875 3734 1994 3735 1875 3735 1992 3735 1995 3736 1993 3736 1621 3736 1995 3737 1621 3737 1619 3737 1996 3738 1881 3738 1877 3738 1996 3739 1882 3739 1881 3739 1996 3740 1877 3740 1994 3740 1997 3741 1995 3741 1619 3741 1997 3742 1619 3742 1616 3742 1998 3743 1882 3743 1996 3743 1999 3744 1997 3744 1616 3744 1999 3745 1616 3745 1615 3745 2000 3746 1882 3746 1998 3746 2000 3747 1884 3747 1882 3747 2001 3748 1999 3748 1615 3748 2001 3749 1615 3749 1611 3749 2002 3750 1885 3750 1884 3750 2002 3751 1884 3751 2000 3751 2003 3752 2001 3752 1611 3752 2003 3753 1609 3753 1606 3753 2003 3754 1611 3754 1609 3754 2004 3755 1885 3755 2002 3755 2004 3756 1886 3756 1885 3756 2004 3757 1888 3757 1886 3757 2005 3758 2003 3758 1606 3758 2005 3759 1606 3759 1604 3759 2006 3760 1888 3760 2004 3760 2007 3761 2005 3761 1604 3761 2008 3762 1888 3762 2006 3762 2008 3763 1889 3763 1888 3763 2009 3764 2007 3764 1604 3764 2009 3765 1604 3765 1598 3765 2010 3766 1889 3766 2008 3766 2010 3767 1581 3767 1889 3767 2011 3768 2009 3768 1598 3768 2011 3769 1598 3769 1597 3769 2012 3770 1584 3770 1581 3770 2012 3771 1585 3771 1584 3771 2012 3772 1581 3772 2010 3772 2013 3773 1597 3773 1593 3773 2013 3774 2011 3774 1597 3774 2014 3775 1585 3775 2012 3775 2015 3776 1591 3776 1585 3776 2015 3777 1593 3777 1591 3777 2015 3778 2013 3778 1593 3778 2015 3779 1585 3779 2014 3779 1986 3780 2016 3780 2017 3780 1986 3781 1984 3781 2016 3781 1988 3782 2017 3782 2018 3782 1988 3783 1986 3783 2017 3783 1990 3784 2018 3784 2019 3784 1990 3785 2019 3785 2020 3785 1990 3786 1988 3786 2018 3786 1992 3787 1990 3787 2020 3787 1994 3788 2020 3788 2021 3788 1994 3789 2021 3789 2022 3789 1994 3790 1992 3790 2020 3790 1996 3791 1994 3791 2022 3791 1998 3792 2022 3792 2023 3792 1998 3793 1996 3793 2022 3793 2000 3794 2023 3794 2024 3794 2000 3795 1998 3795 2023 3795 2002 3796 2024 3796 2025 3796 2002 3797 2025 3797 2026 3797 2002 3798 2000 3798 2024 3798 2004 3799 2002 3799 2026 3799 2006 3800 2004 3800 2026 3800 2006 3801 2026 3801 2027 3801 2008 3802 2006 3802 2027 3802 2008 3803 2027 3803 2028 3803 2010 3804 2008 3804 2028 3804 2010 3805 2028 3805 2029 3805 2012 3806 2029 3806 2030 3806 2012 3807 2010 3807 2029 3807 2012 3808 2030 3808 2031 3808 2014 3809 2012 3809 2031 3809 2015 3810 2014 3810 2031 3810 2015 3811 2031 3811 2032 3811 2013 3812 2032 3812 2033 3812 2013 3813 2015 3813 2032 3813 2011 3814 2033 3814 2034 3814 2011 3815 2013 3815 2033 3815 2009 3816 2034 3816 2035 3816 2009 3817 2035 3817 2036 3817 2009 3818 2011 3818 2034 3818 2007 3819 2009 3819 2036 3819 2005 3820 2036 3820 2037 3820 2005 3821 2037 3821 2038 3821 2005 3822 2007 3822 2036 3822 2003 3823 2038 3823 2039 3823 2003 3824 2005 3824 2038 3824 2001 3825 2039 3825 2040 3825 2001 3826 2003 3826 2039 3826 1999 3827 2040 3827 2041 3827 1999 3828 2001 3828 2040 3828 1997 3829 2041 3829 2042 3829 1997 3830 1999 3830 2041 3830 1995 3831 1997 3831 2042 3831 1993 3832 2042 3832 2043 3832 1993 3833 1995 3833 2042 3833 1991 3834 2043 3834 2044 3834 1991 3835 1993 3835 2043 3835 1989 3836 2044 3836 2045 3836 1989 3837 1991 3837 2044 3837 1987 3838 2045 3838 2046 3838 1987 3839 1989 3839 2045 3839 1985 3840 2046 3840 2047 3840 1985 3841 1987 3841 2046 3841 1983 3842 2047 3842 2048 3842 1983 3843 2048 3843 2049 3843 1983 3844 1985 3844 2047 3844 1981 3845 1983 3845 2049 3845 1979 3846 2049 3846 2050 3846 1979 3847 1981 3847 2049 3847 1977 3848 2050 3848 2051 3848 1977 3849 1979 3849 2050 3849 1975 3850 2051 3850 2052 3850 1975 3851 1977 3851 2051 3851 1973 3852 2052 3852 2053 3852 1973 3853 2053 3853 2054 3853 1973 3854 1975 3854 2052 3854 1971 3855 1973 3855 2054 3855 1969 3856 1971 3856 2054 3856 1969 3857 2054 3857 2055 3857 1969 3858 2055 3858 2056 3858 1967 3859 1969 3859 2056 3859 1965 3860 1967 3860 2056 3860 1965 3861 2056 3861 2057 3861 1963 3862 1965 3862 2057 3862 1963 3863 2057 3863 2058 3863 1963 3864 2058 3864 2059 3864 1961 3865 1963 3865 2059 3865 1959 3866 1961 3866 2059 3866 1959 3867 2059 3867 2060 3867 1959 3868 2060 3868 2061 3868 1957 3869 1959 3869 2061 3869 1955 3870 1957 3870 2061 3870 1955 3871 2061 3871 2062 3871 1955 3872 2062 3872 2063 3872 1953 3873 1955 3873 2063 3873 1951 3874 2063 3874 2064 3874 1951 3875 1953 3875 2063 3875 1949 3876 2064 3876 2065 3876 1949 3877 1951 3877 2064 3877 1947 3878 2065 3878 2066 3878 1947 3879 1949 3879 2065 3879 1943 3880 2066 3880 2067 3880 1943 3881 2067 3881 2068 3881 1943 3882 1947 3882 2066 3882 1944 3883 1943 3883 2068 3883 1939 3884 2068 3884 2069 3884 1939 3885 1944 3885 2068 3885 1940 3886 2069 3886 2070 3886 1940 3887 2070 3887 2071 3887 1940 3888 1939 3888 2069 3888 1937 3889 2071 3889 2072 3889 1937 3890 1940 3890 2071 3890 1935 3891 1937 3891 2072 3891 1934 3892 2072 3892 2073 3892 1934 3893 1935 3893 2072 3893 1930 3894 2073 3894 2074 3894 1930 3895 1934 3895 2073 3895 1931 3896 2074 3896 2075 3896 1931 3897 1930 3897 2074 3897 1926 3898 2075 3898 2076 3898 1926 3899 2076 3899 2077 3899 1926 3900 1931 3900 2075 3900 1927 3901 1926 3901 2077 3901 1923 3902 1927 3902 2077 3902 1923 3903 2077 3903 2078 3903 1921 3904 1923 3904 2078 3904 1921 3905 2078 3905 2079 3905 1917 3906 1921 3906 2079 3906 1917 3907 2079 3907 2080 3907 1918 3908 1917 3908 2080 3908 1918 3909 2080 3909 2081 3909 1914 3910 1918 3910 2081 3910 1914 3911 2081 3911 2082 3911 1914 3912 2082 3912 2083 3912 1915 3913 1914 3913 2083 3913 1912 3914 1915 3914 2083 3914 1912 3915 2083 3915 2084 3915 1908 3916 1912 3916 2084 3916 1908 3917 2084 3917 2085 3917 1905 3918 1908 3918 2085 3918 1905 3919 2085 3919 2086 3919 1906 3920 1905 3920 2086 3920 1906 3921 2086 3921 2087 3921 1904 3922 1906 3922 2087 3922 1904 3923 2087 3923 2088 3923 1904 3924 2088 3924 2089 3924 1901 3925 1904 3925 2089 3925 1899 3926 1901 3926 2089 3926 1899 3927 2089 3927 2090 3927 1897 3928 1899 3928 2090 3928 1897 3929 2090 3929 2091 3929 1896 3930 1897 3930 2091 3930 1896 3931 2091 3931 2092 3931 1896 3932 2092 3932 2093 3932 1893 3933 1896 3933 2093 3933 1893 3934 2093 3934 2094 3934 1890 3935 1893 3935 2094 3935 1891 3936 1890 3936 2094 3936 1891 3937 2094 3937 2095 3937 1891 3938 2095 3938 2096 3938 1892 3939 1891 3939 2096 3939 1894 3940 1892 3940 2096 3940 1894 3941 2096 3941 2097 3941 1894 3942 2097 3942 2098 3942 1895 3943 1894 3943 2098 3943 1898 3944 2098 3944 2099 3944 1898 3945 1895 3945 2098 3945 1900 3946 2099 3946 2100 3946 1900 3947 2100 3947 2101 3947 1900 3948 1898 3948 2099 3948 1902 3949 1900 3949 2101 3949 1903 3950 2101 3950 2102 3950 1903 3951 1902 3951 2101 3951 1907 3952 2102 3952 2103 3952 1907 3953 2103 3953 2104 3953 1907 3954 1903 3954 2102 3954 1909 3955 1907 3955 2104 3955 1909 3956 2104 3956 2105 3956 1910 3957 1909 3957 2105 3957 1910 3958 2105 3958 2106 3958 1911 3959 1910 3959 2106 3959 1913 3960 1911 3960 2106 3960 1913 3961 2106 3961 2107 3961 1913 3962 2107 3962 2108 3962 1916 3963 1913 3963 2108 3963 1916 3964 2108 3964 2109 3964 1919 3965 1916 3965 2109 3965 1920 3966 1919 3966 2109 3966 1920 3967 2109 3967 2110 3967 1922 3968 1920 3968 2110 3968 1922 3969 2110 3969 2111 3969 1922 3970 2111 3970 2112 3970 1924 3971 1922 3971 2112 3971 1924 3972 2112 3972 2113 3972 1925 3973 1924 3973 2113 3973 1928 3974 1925 3974 2113 3974 1928 3975 2113 3975 2114 3975 1929 3976 1928 3976 2114 3976 1929 3977 2114 3977 2115 3977 1929 3978 2115 3978 2116 3978 1932 3979 2116 3979 2117 3979 1932 3980 1929 3980 2116 3980 1933 3981 2117 3981 2118 3981 1933 3982 1932 3982 2117 3982 1936 3983 1933 3983 2118 3983 1938 3984 2118 3984 2119 3984 1938 3985 1936 3985 2118 3985 1941 3986 2119 3986 2120 3986 1941 3987 2120 3987 2121 3987 1941 3988 1938 3988 2119 3988 1942 3989 1941 3989 2121 3989 1945 3990 2121 3990 2122 3990 1945 3991 2122 3991 2123 3991 1945 3992 1942 3992 2121 3992 1946 3993 2123 3993 2124 3993 1946 3994 1945 3994 2123 3994 1948 3995 1946 3995 2124 3995 1950 3996 2124 3996 2125 3996 1950 3997 2125 3997 2126 3997 1950 3998 1948 3998 2124 3998 1952 3999 1950 3999 2126 3999 1954 4000 2126 4000 2127 4000 1954 4001 1952 4001 2126 4001 1956 4002 1954 4002 2127 4002 1956 4003 2127 4003 2128 4003 1956 4004 2128 4004 2129 4004 1958 4005 1956 4005 2129 4005 1960 4006 2129 4006 2130 4006 1960 4007 2130 4007 2131 4007 1960 4008 1958 4008 2129 4008 1962 4009 2131 4009 2132 4009 1962 4010 1960 4010 2131 4010 1964 4011 1962 4011 2132 4011 1964 4012 2132 4012 2133 4012 1966 4013 1964 4013 2133 4013 1968 4014 2133 4014 2134 4014 1968 4015 1966 4015 2133 4015 1970 4016 2134 4016 2135 4016 1970 4017 2135 4017 2136 4017 1970 4018 1968 4018 2134 4018 1972 4019 1970 4019 2136 4019 1974 4020 2136 4020 2137 4020 1974 4021 2137 4021 2138 4021 1974 4022 1972 4022 2136 4022 1976 4023 2138 4023 2139 4023 1976 4024 1974 4024 2138 4024 1978 4025 2139 4025 2140 4025 1978 4026 1976 4026 2139 4026 1980 4027 1978 4027 2140 4027 1982 4028 2140 4028 2141 4028 1982 4029 1980 4029 2140 4029 1984 4030 2141 4030 2016 4030 1984 4031 1982 4031 2141 4031 2095 4032 2142 4032 2143 4032 2095 4033 2143 4033 2144 4033 2094 4034 2142 4034 2095 4034 2096 4035 2095 4035 2144 4035 2096 4036 2144 4036 2145 4036 2093 4037 2146 4037 2142 4037 2093 4038 2142 4038 2094 4038 2097 4039 2096 4039 2145 4039 2097 4040 2145 4040 2147 4040 2092 4041 2146 4041 2093 4041 2092 4042 2148 4042 2146 4042 2098 4043 2097 4043 2147 4043 2091 4044 2148 4044 2092 4044 2091 4045 2149 4045 2148 4045 2099 4046 2147 4046 2150 4046 2099 4047 2098 4047 2147 4047 2090 4048 2149 4048 2091 4048 2090 4049 2151 4049 2149 4049 2100 4050 2099 4050 2150 4050 2100 4051 2150 4051 2152 4051 2100 4052 2152 4052 2153 4052 2089 4053 2151 4053 2090 4053 2089 4054 2154 4054 2155 4054 2089 4055 2155 4055 2151 4055 2101 4056 2100 4056 2153 4056 2088 4057 2154 4057 2089 4057 2102 4058 2101 4058 2153 4058 2102 4059 2153 4059 2156 4059 2087 4060 2154 4060 2088 4060 2087 4061 2157 4061 2158 4061 2087 4062 2158 4062 2154 4062 2103 4063 2102 4063 2156 4063 2103 4064 2156 4064 2159 4064 2086 4065 2157 4065 2087 4065 2104 4066 2103 4066 2159 4066 2104 4067 2159 4067 2160 4067 2104 4068 2160 4068 2161 4068 2085 4069 2157 4069 2086 4069 2085 4070 2162 4070 2157 4070 2105 4071 2104 4071 2161 4071 2084 4072 2162 4072 2085 4072 2084 4073 2163 4073 2162 4073 2106 4074 2105 4074 2161 4074 2106 4075 2161 4075 2164 4075 2106 4076 2164 4076 2165 4076 2083 4077 2163 4077 2084 4077 2083 4078 2166 4078 2167 4078 2083 4079 2167 4079 2163 4079 2107 4080 2106 4080 2165 4080 2082 4081 2166 4081 2083 4081 2108 4082 2107 4082 2165 4082 2108 4083 2165 4083 2168 4083 2108 4084 2168 4084 2169 4084 2081 4085 2170 4085 2166 4085 2081 4086 2166 4086 2082 4086 2109 4087 2108 4087 2169 4087 2080 4088 2171 4088 2172 4088 2080 4089 2172 4089 2170 4089 2080 4090 2170 4090 2081 4090 2110 4091 2109 4091 2169 4091 2110 4092 2169 4092 2173 4092 2079 4093 2171 4093 2080 4093 2079 4094 2174 4094 2171 4094 2111 4095 2110 4095 2173 4095 2111 4096 2173 4096 2175 4096 2078 4097 2174 4097 2079 4097 2112 4098 2111 4098 2175 4098 2112 4099 2175 4099 2176 4099 2112 4100 2176 4100 2177 4100 2077 4101 2174 4101 2078 4101 2077 4102 2178 4102 2174 4102 2113 4103 2112 4103 2177 4103 2076 4104 2179 4104 2178 4104 2076 4105 2178 4105 2077 4105 2114 4106 2113 4106 2177 4106 2114 4107 2177 4107 2180 4107 2075 4108 2179 4108 2076 4108 2075 4109 2181 4109 2179 4109 2115 4110 2114 4110 2180 4110 2115 4111 2180 4111 2182 4111 2074 4112 2181 4112 2075 4112 2074 4113 2183 4113 2184 4113 2074 4114 2184 4114 2181 4114 2116 4115 2115 4115 2182 4115 2116 4116 2182 4116 2185 4116 2073 4117 2183 4117 2074 4117 2117 4118 2185 4118 2186 4118 2117 4119 2116 4119 2185 4119 2072 4120 2183 4120 2073 4120 2072 4121 2187 4121 2183 4121 2118 4122 2186 4122 2188 4122 2118 4123 2117 4123 2186 4123 2071 4124 2187 4124 2072 4124 2071 4125 2189 4125 2190 4125 2071 4126 2190 4126 2187 4126 2119 4127 2188 4127 2191 4127 2119 4128 2118 4128 2188 4128 2070 4129 2189 4129 2071 4129 2120 4130 2191 4130 2192 4130 2120 4131 2119 4131 2191 4131 2069 4132 2193 4132 2189 4132 2069 4133 2189 4133 2070 4133 2121 4134 2192 4134 2194 4134 2121 4135 2120 4135 2192 4135 2068 4136 2195 4136 2193 4136 2068 4137 2193 4137 2069 4137 2122 4138 2194 4138 2196 4138 2122 4139 2121 4139 2194 4139 2197 4140 2122 4140 2196 4140 2067 4141 2195 4141 2068 4141 2067 4142 2198 4142 2195 4142 2123 4143 2122 4143 2197 4143 2066 4144 2199 4144 2198 4144 2066 4145 2198 4145 2067 4145 2124 4146 2197 4146 2200 4146 2124 4147 2123 4147 2197 4147 2065 4148 2201 4148 2199 4148 2065 4149 2199 4149 2066 4149 2125 4150 2200 4150 2202 4150 2125 4151 2124 4151 2200 4151 2203 4152 2201 4152 2065 4152 2064 4153 2203 4153 2065 4153 2126 4154 2202 4154 2204 4154 2126 4155 2125 4155 2202 4155 2205 4156 2203 4156 2064 4156 2205 4157 2064 4157 2063 4157 2127 4158 2126 4158 2204 4158 2206 4159 2127 4159 2204 4159 2207 4160 2205 4160 2063 4160 2207 4161 2063 4161 2062 4161 2128 4162 2127 4162 2206 4162 2061 4163 2207 4163 2062 4163 2208 4164 2128 4164 2206 4164 2129 4165 2128 4165 2208 4165 2209 4166 2207 4166 2061 4166 2210 4167 2129 4167 2208 4167 2130 4168 2129 4168 2210 4168 2211 4169 2209 4169 2061 4169 2211 4170 2061 4170 2060 4170 2212 4171 2130 4171 2210 4171 2213 4172 2211 4172 2060 4172 2213 4173 2060 4173 2059 4173 2214 4174 2130 4174 2212 4174 2214 4175 2131 4175 2130 4175 2215 4176 2213 4176 2059 4176 2215 4177 2059 4177 2058 4177 2216 4178 2131 4178 2214 4178 2216 4179 2132 4179 2131 4179 2217 4180 2215 4180 2058 4180 2217 4181 2058 4181 2057 4181 2218 4182 2133 4182 2132 4182 2218 4183 2132 4183 2216 4183 2219 4184 2217 4184 2057 4184 2219 4185 2057 4185 2056 4185 2220 4186 2134 4186 2133 4186 2220 4187 2133 4187 2218 4187 2221 4188 2055 4188 2054 4188 2221 4189 2056 4189 2055 4189 2221 4190 2219 4190 2056 4190 2222 4191 2135 4191 2134 4191 2222 4192 2134 4192 2220 4192 2223 4193 2221 4193 2054 4193 2224 4194 2136 4194 2135 4194 2224 4195 2137 4195 2136 4195 2224 4196 2135 4196 2222 4196 2225 4197 2054 4197 2053 4197 2225 4198 2223 4198 2054 4198 2226 4199 2137 4199 2224 4199 2227 4200 2052 4200 2051 4200 2227 4201 2053 4201 2052 4201 2227 4202 2225 4202 2053 4202 2228 4203 2138 4203 2137 4203 2228 4204 2137 4204 2226 4204 2229 4205 2051 4205 2050 4205 2229 4206 2227 4206 2051 4206 2230 4207 2139 4207 2138 4207 2230 4208 2138 4208 2228 4208 2231 4209 2229 4209 2050 4209 2232 4210 2139 4210 2230 4210 2232 4211 2140 4211 2139 4211 2233 4212 2231 4212 2050 4212 2233 4213 2050 4213 2049 4213 2234 4214 2140 4214 2232 4214 2234 4215 2141 4215 2140 4215 2234 4216 2016 4216 2141 4216 2235 4217 2233 4217 2049 4217 2235 4218 2049 4218 2048 4218 2236 4219 2016 4219 2234 4219 2237 4220 2235 4220 2048 4220 2237 4221 2048 4221 2047 4221 2238 4222 2016 4222 2236 4222 2238 4223 2017 4223 2016 4223 2238 4224 2018 4224 2017 4224 2239 4225 2047 4225 2046 4225 2239 4226 2237 4226 2047 4226 2240 4227 2018 4227 2238 4227 2241 4228 2046 4228 2045 4228 2241 4229 2239 4229 2046 4229 2242 4230 2019 4230 2018 4230 2242 4231 2018 4231 2240 4231 2243 4232 2241 4232 2045 4232 2243 4233 2044 4233 2043 4233 2243 4234 2045 4234 2044 4234 2244 4235 2020 4235 2019 4235 2244 4236 2019 4236 2242 4236 2245 4237 2243 4237 2043 4237 2246 4238 2021 4238 2020 4238 2246 4239 2020 4239 2244 4239 2247 4240 2042 4240 2041 4240 2247 4241 2043 4241 2042 4241 2247 4242 2245 4242 2043 4242 2248 4243 2022 4243 2021 4243 2248 4244 2021 4244 2246 4244 2249 4245 2247 4245 2041 4245 2250 4246 2022 4246 2248 4246 2250 4247 2023 4247 2022 4247 2251 4248 2249 4248 2041 4248 2251 4249 2040 4249 2039 4249 2251 4250 2041 4250 2040 4250 2252 4251 2023 4251 2250 4251 2252 4252 2024 4252 2023 4252 2253 4253 2251 4253 2039 4253 2254 4254 2025 4254 2024 4254 2254 4255 2024 4255 2252 4255 2255 4256 2253 4256 2039 4256 2255 4257 2038 4257 2037 4257 2255 4258 2039 4258 2038 4258 2256 4259 2025 4259 2254 4259 2256 4260 2026 4260 2025 4260 2257 4261 2255 4261 2037 4261 2257 4262 2037 4262 2036 4262 2258 4263 2026 4263 2256 4263 2258 4264 2027 4264 2026 4264 2259 4265 2257 4265 2036 4265 2260 4266 2027 4266 2258 4266 2260 4267 2028 4267 2027 4267 2260 4268 2029 4268 2028 4268 2261 4269 2259 4269 2036 4269 2261 4270 2035 4270 2034 4270 2261 4271 2036 4271 2035 4271 2262 4272 2029 4272 2260 4272 2263 4273 2261 4273 2034 4273 2264 4274 2030 4274 2029 4274 2264 4275 2029 4275 2262 4275 2265 4276 2034 4276 2033 4276 2265 4277 2263 4277 2034 4277 2266 4278 2030 4278 2264 4278 2266 4279 2031 4279 2030 4279 2266 4280 2032 4280 2031 4280 2267 4281 2033 4281 2032 4281 2267 4282 2032 4282 2266 4282 2267 4283 2265 4283 2033 4283 2238 4284 2268 4284 2269 4284 2238 4285 2236 4285 2268 4285 2240 4286 2269 4286 2270 4286 2240 4287 2270 4287 2271 4287 2240 4288 2238 4288 2269 4288 2242 4289 2240 4289 2271 4289 2244 4290 2271 4290 2272 4290 2244 4291 2272 4291 2273 4291 2244 4292 2242 4292 2271 4292 2246 4293 2244 4293 2273 4293 2248 4294 2273 4294 2274 4294 2248 4295 2246 4295 2273 4295 2250 4296 2274 4296 2275 4296 2250 4297 2248 4297 2274 4297 2252 4298 2275 4298 2276 4298 2252 4299 2250 4299 2275 4299 2254 4300 2276 4300 2277 4300 2254 4301 2277 4301 2278 4301 2254 4302 2252 4302 2276 4302 2256 4303 2254 4303 2278 4303 2258 4304 2256 4304 2278 4304 2258 4305 2278 4305 2279 4305 2260 4306 2258 4306 2279 4306 2260 4307 2279 4307 2280 4307 2260 4308 2280 4308 2281 4308 2262 4309 2260 4309 2281 4309 2262 4310 2281 4310 2282 4310 2264 4311 2262 4311 2282 4311 2266 4312 2282 4312 2283 4312 2266 4313 2264 4313 2282 4313 2267 4314 2283 4314 2284 4314 2267 4315 2266 4315 2283 4315 2265 4316 2284 4316 2285 4316 2265 4317 2267 4317 2284 4317 2263 4318 2285 4318 2286 4318 2263 4319 2265 4319 2285 4319 2261 4320 2286 4320 2287 4320 2261 4321 2263 4321 2286 4321 2259 4322 2287 4322 2288 4322 2259 4323 2261 4323 2287 4323 2257 4324 2288 4324 2289 4324 2257 4325 2289 4325 2290 4325 2257 4326 2259 4326 2288 4326 2255 4327 2257 4327 2290 4327 2253 4328 2290 4328 2291 4328 2253 4329 2255 4329 2290 4329 2251 4330 2291 4330 2292 4330 2251 4331 2292 4331 2293 4331 2251 4332 2253 4332 2291 4332 2249 4333 2251 4333 2293 4333 2247 4334 2293 4334 2294 4334 2247 4335 2249 4335 2293 4335 2245 4336 2294 4336 2295 4336 2245 4337 2295 4337 2296 4337 2245 4338 2247 4338 2294 4338 2243 4339 2245 4339 2296 4339 2241 4340 2296 4340 2297 4340 2241 4341 2243 4341 2296 4341 2239 4342 2297 4342 2298 4342 2239 4343 2298 4343 2299 4343 2239 4344 2241 4344 2297 4344 2237 4345 2239 4345 2299 4345 2235 4346 2299 4346 2300 4346 2235 4347 2237 4347 2299 4347 2233 4348 2300 4348 2301 4348 2233 4349 2301 4349 2302 4349 2233 4350 2235 4350 2300 4350 2231 4351 2233 4351 2302 4351 2229 4352 2302 4352 2303 4352 2229 4353 2231 4353 2302 4353 2227 4354 2303 4354 2304 4354 2227 4355 2304 4355 2305 4355 2227 4356 2229 4356 2303 4356 2225 4357 2227 4357 2305 4357 2223 4358 2225 4358 2305 4358 2223 4359 2305 4359 2306 4359 2221 4360 2223 4360 2306 4360 2221 4361 2306 4361 2307 4361 2219 4362 2221 4362 2307 4362 2219 4363 2307 4363 2308 4363 2219 4364 2308 4364 2309 4364 2217 4365 2219 4365 2309 4365 2215 4366 2217 4366 2309 4366 2215 4367 2309 4367 2310 4367 2215 4368 2310 4368 2311 4368 2213 4369 2215 4369 2311 4369 2211 4370 2213 4370 2311 4370 2211 4371 2311 4371 2312 4371 2209 4372 2211 4372 2312 4372 2209 4373 2312 4373 2313 4373 2209 4374 2313 4374 2314 4374 2207 4375 2209 4375 2314 4375 2205 4376 2207 4376 2314 4376 2205 4377 2314 4377 2315 4377 2205 4378 2315 4378 2316 4378 2203 4379 2205 4379 2316 4379 2201 4380 2316 4380 2317 4380 2201 4381 2203 4381 2316 4381 2199 4382 2317 4382 2318 4382 2199 4383 2201 4383 2317 4383 2198 4384 2318 4384 2319 4384 2198 4385 2319 4385 2320 4385 2198 4386 2199 4386 2318 4386 2195 4387 2198 4387 2320 4387 2193 4388 2320 4388 2321 4388 2193 4389 2321 4389 2322 4389 2193 4390 2195 4390 2320 4390 2189 4391 2193 4391 2322 4391 2190 4392 2322 4392 2323 4392 2190 4393 2323 4393 2324 4393 2190 4394 2189 4394 2322 4394 2187 4395 2190 4395 2324 4395 2183 4396 2324 4396 2325 4396 2183 4397 2187 4397 2324 4397 2184 4398 2325 4398 2326 4398 2184 4399 2183 4399 2325 4399 2181 4400 2326 4400 2327 4400 2181 4401 2327 4401 2328 4401 2181 4402 2184 4402 2326 4402 2179 4403 2328 4403 2329 4403 2179 4404 2181 4404 2328 4404 2178 4405 2179 4405 2329 4405 2174 4406 2178 4406 2329 4406 2174 4407 2329 4407 2330 4407 2171 4408 2174 4408 2330 4408 2171 4409 2330 4409 2331 4409 2172 4410 2171 4410 2331 4410 2172 4411 2331 4411 2332 4411 2172 4412 2332 4412 2333 4412 2170 4413 2172 4413 2333 4413 2170 4414 2333 4414 2334 4414 2166 4415 2170 4415 2334 4415 2167 4416 2166 4416 2334 4416 2167 4417 2334 4417 2335 4417 2163 4418 2167 4418 2335 4418 2163 4419 2335 4419 2336 4419 2162 4420 2163 4420 2336 4420 2162 4421 2336 4421 2337 4421 2157 4422 2162 4422 2337 4422 2157 4423 2337 4423 2338 4423 2157 4424 2338 4424 2339 4424 2158 4425 2157 4425 2339 4425 2154 4426 2158 4426 2339 4426 2154 4427 2339 4427 2340 4427 2155 4428 2154 4428 2340 4428 2155 4429 2340 4429 2341 4429 2151 4430 2155 4430 2341 4430 2151 4431 2341 4431 2342 4431 2151 4432 2342 4432 2343 4432 2149 4433 2151 4433 2343 4433 2149 4434 2343 4434 2344 4434 2148 4435 2149 4435 2344 4435 2146 4436 2148 4436 2344 4436 2146 4437 2344 4437 2345 4437 2146 4438 2345 4438 2346 4438 2142 4439 2146 4439 2346 4439 2142 4440 2346 4440 2347 4440 2143 4441 2142 4441 2347 4441 2144 4442 2143 4442 2347 4442 2144 4443 2347 4443 2348 4443 2144 4444 2348 4444 2349 4444 2145 4445 2144 4445 2349 4445 2147 4446 2145 4446 2349 4446 2147 4447 2349 4447 2350 4447 2150 4448 2350 4448 2351 4448 2150 4449 2147 4449 2350 4449 2152 4450 2351 4450 2352 4450 2152 4451 2150 4451 2351 4451 2153 4452 2352 4452 2353 4452 2153 4453 2152 4453 2352 4453 2156 4454 2353 4454 2354 4454 2156 4455 2153 4455 2353 4455 2159 4456 2156 4456 2354 4456 2159 4457 2354 4457 2355 4457 2160 4458 2159 4458 2355 4458 2160 4459 2355 4459 2356 4459 2161 4460 2160 4460 2356 4460 2161 4461 2356 4461 2357 4461 2164 4462 2161 4462 2357 4462 2164 4463 2357 4463 2358 4463 2165 4464 2164 4464 2358 4464 2165 4465 2358 4465 2359 4465 2168 4466 2165 4466 2359 4466 2168 4467 2359 4467 2360 4467 2169 4468 2168 4468 2360 4468 2169 4469 2360 4469 2361 4469 2173 4470 2169 4470 2361 4470 2173 4471 2361 4471 2362 4471 2173 4472 2362 4472 2363 4472 2175 4473 2173 4473 2363 4473 2176 4474 2175 4474 2363 4474 2176 4475 2363 4475 2364 4475 2177 4476 2176 4476 2364 4476 2177 4477 2364 4477 2365 4477 2177 4478 2365 4478 2366 4478 2180 4479 2177 4479 2366 4479 2180 4480 2366 4480 2367 4480 2182 4481 2180 4481 2367 4481 2185 4482 2182 4482 2367 4482 2185 4483 2367 4483 2368 4483 2186 4484 2368 4484 2369 4484 2186 4485 2185 4485 2368 4485 2188 4486 2369 4486 2370 4486 2188 4487 2186 4487 2369 4487 2191 4488 2370 4488 2371 4488 2191 4489 2188 4489 2370 4489 2192 4490 2371 4490 2372 4490 2192 4491 2191 4491 2371 4491 2194 4492 2372 4492 2373 4492 2194 4493 2192 4493 2372 4493 2196 4494 2373 4494 2374 4494 2196 4495 2374 4495 2375 4495 2196 4496 2194 4496 2373 4496 2197 4497 2196 4497 2375 4497 2200 4498 2375 4498 2376 4498 2200 4499 2197 4499 2375 4499 2202 4500 2376 4500 2377 4500 2202 4501 2200 4501 2376 4501 2204 4502 2377 4502 2378 4502 2204 4503 2202 4503 2377 4503 2206 4504 2378 4504 2379 4504 2206 4505 2379 4505 2380 4505 2206 4506 2204 4506 2378 4506 2208 4507 2206 4507 2380 4507 2210 4508 2208 4508 2380 4508 2210 4509 2380 4509 2381 4509 2210 4510 2381 4510 2382 4510 2212 4511 2210 4511 2382 4511 2214 4512 2212 4512 2382 4512 2214 4513 2382 4513 2383 4513 2216 4514 2214 4514 2383 4514 2216 4515 2383 4515 2384 4515 2216 4516 2384 4516 2385 4516 2218 4517 2216 4517 2385 4517 2220 4518 2385 4518 2386 4518 2220 4519 2386 4519 2387 4519 2220 4520 2218 4520 2385 4520 2222 4521 2220 4521 2387 4521 2224 4522 2387 4522 2388 4522 2224 4523 2222 4523 2387 4523 2226 4524 2388 4524 2389 4524 2226 4525 2389 4525 2390 4525 2226 4526 2224 4526 2388 4526 2228 4527 2226 4527 2390 4527 2230 4528 2390 4528 2391 4528 2230 4529 2391 4529 2392 4529 2230 4530 2228 4530 2390 4530 2232 4531 2230 4531 2392 4531 2234 4532 2392 4532 2393 4532 2234 4533 2232 4533 2392 4533 2236 4534 2393 4534 2268 4534 2236 4535 2234 4535 2393 4535 2394 4536 2315 4536 2314 4536 2395 4537 2316 4537 2315 4537 2395 4538 2315 4538 2394 4538 2396 4539 2394 4539 2314 4539 2397 4540 2316 4540 2395 4540 2397 4541 2317 4541 2316 4541 2398 4542 2396 4542 2314 4542 2398 4543 2313 4543 2312 4543 2398 4544 2314 4544 2313 4544 2399 4545 2318 4545 2317 4545 2399 4546 2317 4546 2397 4546 2400 4547 2398 4547 2312 4547 2401 4548 2318 4548 2399 4548 2401 4549 2319 4549 2318 4549 2402 4550 2400 4550 2312 4550 2402 4551 2312 4551 2311 4551 2403 4552 2319 4552 2401 4552 2403 4553 2320 4553 2319 4553 2404 4554 2402 4554 2311 4554 2404 4555 2311 4555 2310 4555 2405 4556 2321 4556 2320 4556 2405 4557 2320 4557 2403 4557 2406 4558 2404 4558 2310 4558 2406 4559 2310 4559 2309 4559 2407 4560 2321 4560 2405 4560 2407 4561 2322 4561 2321 4561 2408 4562 2406 4562 2309 4562 2408 4563 2309 4563 2308 4563 2409 4564 2323 4564 2322 4564 2409 4565 2322 4565 2407 4565 2410 4566 2307 4566 2306 4566 2410 4567 2308 4567 2307 4567 2410 4568 2408 4568 2308 4568 2411 4569 2323 4569 2409 4569 2411 4570 2324 4570 2323 4570 2411 4571 2325 4571 2324 4571 2412 4572 2410 4572 2306 4572 2413 4573 2325 4573 2411 4573 2414 4574 2306 4574 2305 4574 2414 4575 2412 4575 2306 4575 2415 4576 2325 4576 2413 4576 2415 4577 2326 4577 2325 4577 2416 4578 2414 4578 2305 4578 2416 4579 2304 4579 2303 4579 2416 4580 2305 4580 2304 4580 2417 4581 2327 4581 2326 4581 2417 4582 2328 4582 2327 4582 2417 4583 2326 4583 2415 4583 2418 4584 2416 4584 2303 4584 2419 4585 2328 4585 2417 4585 2420 4586 2303 4586 2302 4586 2420 4587 2418 4587 2303 4587 2421 4588 2329 4588 2328 4588 2421 4589 2330 4589 2329 4589 2421 4590 2328 4590 2419 4590 2422 4591 2301 4591 2300 4591 2422 4592 2302 4592 2301 4592 2422 4593 2420 4593 2302 4593 2423 4594 2330 4594 2421 4594 2424 4595 2300 4595 2299 4595 2424 4596 2422 4596 2300 4596 2425 4597 2331 4597 2330 4597 2425 4598 2330 4598 2423 4598 2426 4599 2424 4599 2299 4599 2427 4600 2332 4600 2331 4600 2427 4601 2331 4601 2425 4601 2428 4602 2299 4602 2298 4602 2428 4603 2426 4603 2299 4603 2429 4604 2333 4604 2332 4604 2429 4605 2332 4605 2427 4605 2430 4606 2298 4606 2297 4606 2430 4607 2428 4607 2298 4607 2431 4608 2333 4608 2429 4608 2431 4609 2334 4609 2333 4609 2432 4610 2297 4610 2296 4610 2432 4611 2430 4611 2297 4611 2433 4612 2335 4612 2334 4612 2433 4613 2334 4613 2431 4613 2434 4614 2432 4614 2296 4614 2434 4615 2295 4615 2294 4615 2434 4616 2296 4616 2295 4616 2435 4617 2336 4617 2335 4617 2435 4618 2337 4618 2336 4618 2435 4619 2335 4619 2433 4619 2436 4620 2434 4620 2294 4620 2437 4621 2337 4621 2435 4621 2438 4622 2294 4622 2293 4622 2438 4623 2436 4623 2294 4623 2439 4624 2337 4624 2437 4624 2439 4625 2338 4625 2337 4625 2440 4626 2293 4626 2292 4626 2440 4627 2438 4627 2293 4627 2441 4628 2338 4628 2439 4628 2441 4629 2339 4629 2338 4629 2442 4630 2292 4630 2291 4630 2442 4631 2440 4631 2292 4631 2443 4632 2339 4632 2441 4632 2443 4633 2340 4633 2339 4633 2444 4634 2291 4634 2290 4634 2444 4635 2442 4635 2291 4635 2445 4636 2340 4636 2443 4636 2445 4637 2341 4637 2340 4637 2446 4638 2290 4638 2289 4638 2446 4639 2444 4639 2290 4639 2447 4640 2341 4640 2445 4640 2447 4641 2342 4641 2341 4641 2448 4642 2289 4642 2288 4642 2448 4643 2446 4643 2289 4643 2287 4644 2448 4644 2288 4644 2449 4645 2342 4645 2447 4645 2449 4646 2343 4646 2342 4646 2344 4647 2343 4647 2449 4647 2450 4648 2448 4648 2287 4648 2286 4649 2450 4649 2287 4649 2451 4650 2344 4650 2449 4650 2452 4651 2450 4651 2286 4651 2453 4652 2344 4652 2451 4652 2453 4653 2345 4653 2344 4653 2454 4654 2286 4654 2285 4654 2454 4655 2452 4655 2286 4655 2346 4656 2345 4656 2453 4656 2455 4657 2346 4657 2453 4657 2456 4658 2285 4658 2284 4658 2456 4659 2454 4659 2285 4659 2347 4660 2346 4660 2455 4660 2347 4661 2455 4661 2457 4661 2458 4662 2456 4662 2284 4662 2283 4663 2458 4663 2284 4663 2459 4664 2347 4664 2457 4664 2348 4665 2347 4665 2459 4665 2282 4666 2458 4666 2283 4666 2282 4667 2460 4667 2458 4667 2349 4668 2459 4668 2461 4668 2349 4669 2348 4669 2459 4669 2281 4670 2460 4670 2282 4670 2281 4671 2462 4671 2460 4671 2350 4672 2461 4672 2463 4672 2350 4673 2349 4673 2461 4673 2280 4674 2464 4674 2462 4674 2280 4675 2462 4675 2281 4675 2351 4676 2463 4676 2465 4676 2351 4677 2465 4677 2466 4677 2351 4678 2350 4678 2463 4678 2279 4679 2464 4679 2280 4679 2279 4680 2467 4680 2464 4680 2352 4681 2351 4681 2466 4681 2278 4682 2468 4682 2467 4682 2278 4683 2467 4683 2279 4683 2353 4684 2352 4684 2466 4684 2353 4685 2466 4685 2469 4685 2353 4686 2469 4686 2470 4686 2277 4687 2471 4687 2468 4687 2277 4688 2468 4688 2278 4688 2354 4689 2353 4689 2470 4689 2276 4690 2472 4690 2471 4690 2276 4691 2471 4691 2277 4691 2355 4692 2470 4692 2473 4692 2355 4693 2354 4693 2470 4693 2275 4694 2474 4694 2472 4694 2275 4695 2472 4695 2276 4695 2356 4696 2473 4696 2475 4696 2356 4697 2355 4697 2473 4697 2274 4698 2476 4698 2477 4698 2274 4699 2477 4699 2474 4699 2274 4700 2474 4700 2275 4700 2357 4701 2475 4701 2478 4701 2357 4702 2356 4702 2475 4702 2273 4703 2479 4703 2476 4703 2273 4704 2476 4704 2274 4704 2358 4705 2478 4705 2480 4705 2358 4706 2357 4706 2478 4706 2272 4707 2481 4707 2479 4707 2272 4708 2479 4708 2273 4708 2359 4709 2480 4709 2482 4709 2359 4710 2482 4710 2483 4710 2359 4711 2358 4711 2480 4711 2271 4712 2484 4712 2481 4712 2271 4713 2481 4713 2272 4713 2360 4714 2359 4714 2483 4714 2270 4715 2484 4715 2271 4715 2361 4716 2483 4716 2485 4716 2361 4717 2485 4717 2486 4717 2361 4718 2360 4718 2483 4718 2269 4719 2484 4719 2270 4719 2269 4720 2487 4720 2488 4720 2269 4721 2488 4721 2484 4721 2362 4722 2361 4722 2486 4722 2268 4723 2487 4723 2269 4723 2363 4724 2486 4724 2489 4724 2363 4725 2489 4725 2490 4725 2363 4726 2362 4726 2486 4726 2393 4727 2487 4727 2268 4727 2393 4728 2491 4728 2487 4728 2364 4729 2363 4729 2490 4729 2392 4730 2492 4730 2491 4730 2392 4731 2491 4731 2393 4731 2365 4732 2490 4732 2493 4732 2365 4733 2493 4733 2494 4733 2365 4734 2364 4734 2490 4734 2391 4735 2492 4735 2392 4735 2391 4736 2495 4736 2496 4736 2391 4737 2496 4737 2492 4737 2366 4738 2365 4738 2494 4738 2390 4739 2495 4739 2391 4739 2367 4740 2494 4740 2497 4740 2367 4741 2366 4741 2494 4741 2389 4742 2495 4742 2390 4742 2389 4743 2498 4743 2495 4743 2368 4744 2497 4744 2499 4744 2368 4745 2499 4745 2500 4745 2368 4746 2367 4746 2497 4746 2388 4747 2498 4747 2389 4747 2388 4748 2501 4748 2498 4748 2369 4749 2368 4749 2500 4749 2387 4750 2501 4750 2388 4750 2387 4751 2502 4751 2503 4751 2387 4752 2503 4752 2501 4752 2370 4753 2369 4753 2500 4753 2370 4754 2500 4754 2504 4754 2386 4755 2502 4755 2387 4755 2371 4756 2504 4756 2505 4756 2371 4757 2505 4757 2506 4757 2371 4758 2370 4758 2504 4758 2385 4759 2502 4759 2386 4759 2385 4760 2507 4760 2508 4760 2385 4761 2508 4761 2502 4761 2372 4762 2371 4762 2506 4762 2372 4763 2506 4763 2509 4763 2384 4764 2507 4764 2385 4764 2373 4765 2372 4765 2509 4765 2383 4766 2507 4766 2384 4766 2383 4767 2510 4767 2507 4767 2374 4768 2373 4768 2509 4768 2374 4769 2509 4769 2511 4769 2382 4770 2510 4770 2383 4770 2382 4771 2512 4771 2510 4771 2375 4772 2374 4772 2511 4772 2375 4773 2511 4773 2513 4773 2381 4774 2514 4774 2515 4774 2381 4775 2515 4775 2512 4775 2381 4776 2512 4776 2382 4776 2376 4777 2513 4777 2516 4777 2376 4778 2375 4778 2513 4778 2380 4779 2514 4779 2381 4779 2377 4780 2516 4780 2517 4780 2377 4781 2517 4781 2518 4781 2377 4782 2376 4782 2516 4782 2379 4783 2518 4783 2519 4783 2379 4784 2519 4784 2514 4784 2379 4785 2514 4785 2380 4785 2378 4786 2377 4786 2518 4786 2378 4787 2518 4787 2379 4787 2488 4788 189 4788 184 4788 2488 4789 2487 4789 189 4789 2484 4790 184 4790 181 4790 2484 4791 2488 4791 184 4791 2481 4792 181 4792 177 4792 2481 4793 2484 4793 181 4793 2479 4794 177 4794 173 4794 2479 4795 173 4795 169 4795 2479 4796 2481 4796 177 4796 2476 4797 2479 4797 169 4797 2477 4798 169 4798 165 4798 2477 4799 2476 4799 169 4799 2474 4800 165 4800 160 4800 2474 4801 2477 4801 165 4801 2472 4802 160 4802 156 4802 2472 4803 2474 4803 160 4803 2471 4804 156 4804 152 4804 2471 4805 152 4805 149 4805 2471 4806 2472 4806 156 4806 2468 4807 2471 4807 149 4807 2467 4808 2468 4808 149 4808 2467 4809 149 4809 144 4809 2464 4810 2467 4810 144 4810 2464 4811 144 4811 141 4811 2462 4812 2464 4812 141 4812 2462 4813 141 4813 136 4813 2462 4814 136 4814 133 4814 2460 4815 2462 4815 133 4815 2458 4816 133 4816 128 4816 2458 4817 2460 4817 133 4817 2456 4818 128 4818 125 4818 2456 4819 2458 4819 128 4819 2454 4820 125 4820 120 4820 2454 4821 2456 4821 125 4821 2452 4822 120 4822 117 4822 2452 4823 2454 4823 120 4823 2450 4824 117 4824 112 4824 2450 4825 2452 4825 117 4825 2448 4826 112 4826 109 4826 2448 4827 2450 4827 112 4827 2446 4828 109 4828 105 4828 2446 4829 2448 4829 109 4829 2444 4830 105 4830 101 4830 2444 4831 2446 4831 105 4831 2442 4832 101 4832 95 4832 2442 4833 2444 4833 101 4833 2440 4834 95 4834 94 4834 2440 4835 2442 4835 95 4835 2438 4836 94 4836 89 4836 2438 4837 2440 4837 94 4837 2436 4838 89 4838 83 4838 2436 4839 83 4839 82 4839 2436 4840 2438 4840 89 4840 2434 4841 2436 4841 82 4841 2432 4842 82 4842 78 4842 2432 4843 2434 4843 82 4843 2430 4844 78 4844 73 4844 2430 4845 2432 4845 78 4845 2428 4846 73 4846 66 4846 2428 4847 2430 4847 73 4847 2426 4848 66 4848 62 4848 2426 4849 2428 4849 66 4849 2424 4850 62 4850 58 4850 2424 4851 58 4851 57 4851 2424 4852 2426 4852 62 4852 2422 4853 2424 4853 57 4853 2420 4854 57 4854 53 4854 2420 4855 2422 4855 57 4855 2418 4856 53 4856 46 4856 2418 4857 2420 4857 53 4857 2416 4858 46 4858 45 4858 2416 4859 45 4859 38 4859 2416 4860 2418 4860 46 4860 2414 4861 2416 4861 38 4861 2412 4862 2414 4862 38 4862 2412 4863 38 4863 34 4863 2410 4864 2412 4864 34 4864 2410 4865 34 4865 31 4865 2408 4866 2410 4866 31 4866 2408 4867 31 4867 30 4867 2406 4868 2408 4868 30 4868 2406 4869 30 4869 25 4869 2404 4870 2406 4870 25 4870 2404 4871 25 4871 21 4871 2402 4872 2404 4872 21 4872 2402 4873 21 4873 17 4873 2400 4874 2402 4874 17 4874 2400 4875 17 4875 13 4875 2398 4876 2400 4876 13 4876 2398 4877 13 4877 10 4877 2398 4878 10 4878 6 4878 2396 4879 2398 4879 6 4879 2396 4880 6 4880 2 4880 2394 4881 2396 4881 2 4881 2395 4882 2 4882 1 4882 2395 4883 2394 4883 2 4883 2397 4884 1 4884 3 4884 2397 4885 2395 4885 1 4885 2399 4886 3 4886 8 4886 2399 4887 8 4887 15 4887 2399 4888 2397 4888 3 4888 2401 4889 2399 4889 15 4889 2403 4890 15 4890 19 4890 2403 4891 2401 4891 15 4891 2405 4892 19 4892 23 4892 2405 4893 2403 4893 19 4893 2407 4894 23 4894 27 4894 2407 4895 2405 4895 23 4895 2409 4896 27 4896 28 4896 2409 4897 2407 4897 27 4897 2411 4898 28 4898 36 4898 2411 4899 36 4899 40 4899 2411 4900 2409 4900 28 4900 2413 4901 2411 4901 40 4901 2415 4902 40 4902 43 4902 2415 4903 2413 4903 40 4903 2417 4904 43 4904 48 4904 2417 4905 2415 4905 43 4905 2419 4906 48 4906 49 4906 2419 4907 2417 4907 48 4907 2421 4908 49 4908 55 4908 2421 4909 2419 4909 49 4909 2423 4910 55 4910 60 4910 2423 4911 2421 4911 55 4911 2425 4912 2423 4912 60 4912 2425 4913 60 4913 64 4913 2427 4914 2425 4914 64 4914 2427 4915 64 4915 68 4915 2429 4916 2427 4916 68 4916 2429 4917 68 4917 71 4917 2429 4918 71 4918 75 4918 2431 4919 2429 4919 75 4919 2433 4920 2431 4920 75 4920 2433 4921 75 4921 76 4921 2435 4922 2433 4922 76 4922 2435 4923 76 4923 80 4923 2435 4924 80 4924 87 4924 2437 4925 2435 4925 87 4925 2439 4926 2437 4926 87 4926 2439 4927 87 4927 91 4927 2439 4928 91 4928 92 4928 2441 4929 2439 4929 92 4929 2441 4930 92 4930 99 4930 2443 4931 2441 4931 99 4931 2445 4932 2443 4932 99 4932 2445 4933 99 4933 103 4933 2445 4934 103 4934 106 4934 2447 4935 2445 4935 106 4935 2447 4936 106 4936 111 4936 2449 4937 2447 4937 111 4937 2451 4938 2449 4938 111 4938 2451 4939 111 4939 115 4939 2453 4940 2451 4940 115 4940 2453 4941 115 4941 119 4941 2453 4942 119 4942 123 4942 2455 4943 2453 4943 123 4943 2457 4944 2455 4944 123 4944 2457 4945 123 4945 126 4945 2457 4946 126 4946 130 4946 2459 4947 2457 4947 130 4947 2459 4948 130 4948 134 4948 2461 4949 2459 4949 134 4949 2461 4950 134 4950 139 4950 2463 4951 2461 4951 139 4951 2465 4952 139 4952 142 4952 2465 4953 142 4953 146 4953 2465 4954 2463 4954 139 4954 2466 4955 146 4955 151 4955 2466 4956 2465 4956 146 4956 2469 4957 2466 4957 151 4957 2470 4958 151 4958 154 4958 2470 4959 2469 4959 151 4959 2473 4960 154 4960 158 4960 2473 4961 2470 4961 154 4961 2475 4962 2473 4962 158 4962 2475 4963 158 4963 163 4963 2475 4964 163 4964 166 4964 2478 4965 2475 4965 166 4965 2480 4966 2478 4966 166 4966 2480 4967 166 4967 172 4967 2480 4968 172 4968 175 4968 2482 4969 2480 4969 175 4969 2483 4970 2482 4970 175 4970 2483 4971 175 4971 178 4971 2485 4972 2483 4972 178 4972 2485 4973 178 4973 183 4973 2486 4974 2485 4974 183 4974 2486 4975 183 4975 186 4975 2486 4976 186 4976 192 4976 2489 4977 2486 4977 192 4977 2490 4978 2489 4978 192 4978 2490 4979 192 4979 195 4979 2490 4980 195 4980 198 4980 2493 4981 2490 4981 198 4981 2494 4982 2493 4982 198 4982 2494 4983 198 4983 203 4983 2497 4984 2494 4984 203 4984 2497 4985 203 4985 206 4985 2499 4986 2497 4986 206 4986 2499 4987 206 4987 211 4987 2500 4988 211 4988 214 4988 2500 4989 2499 4989 211 4989 2504 4990 214 4990 218 4990 2504 4991 2500 4991 214 4991 2505 4992 218 4992 222 4992 2505 4993 2504 4993 218 4993 2506 4994 222 4994 226 4994 2506 4995 226 4995 230 4995 2506 4996 2505 4996 222 4996 2509 4997 2506 4997 230 4997 2511 4998 230 4998 235 4998 2511 4999 2509 4999 230 4999 2513 5000 235 5000 239 5000 2513 5001 2511 5001 235 5001 2516 5002 239 5002 242 5002 2516 5003 2513 5003 239 5003 2517 5004 242 5004 246 5004 2517 5005 246 5005 250 5005 2517 5006 2516 5006 242 5006 2518 5007 250 5007 248 5007 2518 5008 2517 5008 250 5008 2519 5009 2518 5009 248 5009 2514 5010 248 5010 244 5010 2514 5011 2519 5011 248 5011 2515 5012 2514 5012 244 5012 2515 5013 244 5013 241 5013 2512 5014 2515 5014 241 5014 2512 5015 241 5015 237 5015 2510 5016 2512 5016 237 5016 2510 5017 237 5017 232 5017 2507 5018 2510 5018 232 5018 2507 5019 232 5019 228 5019 2508 5020 228 5020 224 5020 2508 5021 224 5021 220 5021 2508 5022 2507 5022 228 5022 2502 5023 220 5023 216 5023 2502 5024 2508 5024 220 5024 2503 5025 2502 5025 216 5025 2501 5026 216 5026 213 5026 2501 5027 2503 5027 216 5027 2498 5028 213 5028 208 5028 2498 5029 208 5029 205 5029 2498 5030 2501 5030 213 5030 2495 5031 205 5031 200 5031 2495 5032 2498 5032 205 5032 2496 5033 200 5033 197 5033 2496 5034 2495 5034 200 5034 2492 5035 2496 5035 197 5035 2491 5036 197 5036 193 5036 2491 5037 2492 5037 197 5037 2487 5038 2491 5038 193 5038 2487 5039 193 5039 189 5039 2520 5040 2521 5040 2522 5040 2523 5041 2521 5041 2520 5041 2522 5042 2524 5042 2525 5042 2521 5043 2524 5043 2522 5043 2525 5044 2526 5044 2527 5044 2524 5045 2526 5045 2525 5045 2527 5046 2528 5046 2529 5046 2529 5047 2528 5047 2530 5047 2526 5048 2528 5048 2527 5048 2528 5049 2531 5049 2530 5049 2530 5050 2532 5050 2533 5050 2531 5051 2532 5051 2530 5051 2533 5052 2534 5052 2535 5052 2535 5053 2534 5053 2536 5053 2532 5054 2534 5054 2533 5054 2534 5055 2537 5055 2536 5055 2536 5056 2538 5056 2539 5056 2539 5057 2538 5057 2540 5057 2537 5058 2538 5058 2536 5058 2538 5059 2541 5059 2540 5059 2541 5060 2542 5060 2540 5060 2540 5061 2542 5061 2543 5061 2542 5062 2544 5062 2543 5062 2543 5063 2544 5063 2545 5063 2544 5064 2546 5064 2545 5064 2545 5065 2546 5065 2547 5065 2547 5066 2548 5066 2549 5066 2546 5067 2548 5067 2547 5067 2549 5068 2550 5068 2551 5068 2548 5069 2550 5069 2549 5069 2551 5070 2552 5070 2553 5070 2550 5071 2552 5071 2551 5071 2553 5072 2554 5072 2555 5072 2552 5073 2554 5073 2553 5073 2555 5074 2556 5074 2557 5074 2554 5075 2556 5075 2555 5075 2557 5076 2558 5076 2559 5076 2556 5077 2558 5077 2557 5077 2559 5078 2560 5078 2561 5078 2558 5079 2560 5079 2559 5079 2561 5080 2562 5080 2563 5080 2560 5081 2562 5081 2561 5081 2563 5082 2564 5082 2565 5082 2565 5083 2564 5083 2566 5083 2562 5084 2564 5084 2563 5084 2564 5085 2567 5085 2566 5085 2566 5086 2568 5086 2569 5086 2567 5087 2568 5087 2566 5087 2569 5088 2570 5088 2571 5088 2568 5089 2570 5089 2569 5089 2571 5090 2572 5090 2573 5090 2573 5091 2572 5091 2574 5091 2570 5092 2572 5092 2571 5092 2574 5093 2575 5093 2576 5093 2572 5094 2575 5094 2574 5094 2575 5095 2577 5095 2576 5095 2576 5096 2578 5096 2579 5096 2579 5097 2578 5097 2580 5097 2577 5098 2578 5098 2576 5098 2578 5099 2581 5099 2580 5099 2580 5100 2582 5100 2583 5100 2583 5101 2582 5101 2584 5101 2581 5102 2582 5102 2580 5102 2582 5103 2585 5103 2584 5103 2584 5104 2586 5104 2587 5104 2585 5105 2586 5105 2584 5105 2587 5106 2588 5106 2589 5106 2586 5107 2588 5107 2587 5107 2589 5108 2590 5108 2591 5108 2591 5109 2590 5109 2592 5109 2588 5110 2590 5110 2589 5110 2590 5111 2593 5111 2592 5111 2593 5112 2594 5112 2592 5112 2592 5113 2594 5113 2595 5113 2594 5114 2596 5114 2595 5114 2595 5115 2596 5115 2597 5115 2597 5116 2596 5116 2598 5116 2596 5117 2599 5117 2598 5117 2599 5118 2600 5118 2598 5118 2598 5119 2600 5119 2601 5119 2601 5120 2600 5120 2602 5120 2600 5121 2603 5121 2602 5121 2603 5122 2604 5122 2602 5122 2602 5123 2604 5123 2605 5123 2605 5124 2604 5124 2606 5124 2604 5125 2607 5125 2606 5125 2606 5126 2607 5126 2608 5126 2607 5127 2609 5127 2608 5127 2609 5128 2610 5128 2608 5128 2608 5129 2610 5129 2611 5129 2610 5130 2612 5130 2611 5130 2611 5131 2612 5131 2613 5131 2612 5132 2614 5132 2613 5132 2613 5133 2614 5133 2615 5133 2615 5134 2616 5134 2617 5134 2614 5135 2616 5135 2615 5135 2617 5136 2618 5136 2619 5136 2616 5137 2618 5137 2617 5137 2619 5138 2620 5138 2621 5138 2618 5139 2620 5139 2619 5139 2621 5140 2622 5140 2623 5140 2620 5141 2622 5141 2621 5141 2623 5142 2624 5142 2625 5142 2622 5143 2624 5143 2623 5143 2625 5144 2626 5144 2627 5144 2624 5145 2626 5145 2625 5145 2627 5146 2628 5146 2629 5146 2626 5147 2628 5147 2627 5147 2629 5148 2630 5148 2631 5148 2628 5149 2630 5149 2629 5149 2631 5150 2632 5150 2633 5150 2633 5151 2632 5151 2634 5151 2630 5152 2632 5152 2631 5152 2632 5153 2635 5153 2634 5153 2634 5154 2636 5154 2637 5154 2635 5155 2636 5155 2634 5155 2637 5156 2638 5156 2639 5156 2636 5157 2638 5157 2637 5157 2639 5158 2640 5158 2641 5158 2638 5159 2640 5159 2639 5159 2641 5160 2642 5160 2643 5160 2640 5161 2642 5161 2641 5161 2643 5162 2644 5162 2645 5162 2642 5163 2644 5163 2643 5163 2644 5164 2646 5164 2645 5164 2645 5165 2646 5165 2647 5165 2646 5166 2648 5166 2647 5166 2647 5167 2648 5167 2649 5167 2648 5168 2650 5168 2649 5168 2649 5169 2650 5169 2651 5169 2650 5170 2652 5170 2651 5170 2651 5171 2652 5171 2653 5171 2652 5172 2654 5172 2653 5172 2653 5173 2654 5173 2655 5173 2655 5174 2654 5174 2656 5174 2654 5175 2657 5175 2656 5175 2657 5176 2658 5176 2656 5176 2656 5177 2658 5177 2659 5177 2659 5178 2658 5178 2660 5178 2658 5179 2661 5179 2660 5179 2661 5180 2662 5180 2660 5180 2660 5181 2662 5181 2663 5181 2662 5182 2664 5182 2663 5182 2663 5183 2664 5183 2665 5183 2664 5184 2666 5184 2665 5184 2665 5185 2666 5185 2667 5185 2667 5186 2666 5186 2668 5186 2666 5187 2669 5187 2668 5187 2669 5188 2670 5188 2668 5188 2668 5189 2670 5189 2671 5189 2670 5190 2672 5190 2671 5190 2671 5191 2672 5191 2673 5191 2672 5192 2674 5192 2673 5192 2673 5193 2674 5193 2675 5193 2675 5194 2674 5194 2676 5194 2674 5195 2677 5195 2676 5195 2676 5196 2677 5196 2678 5196 2677 5197 2679 5197 2678 5197 2679 5198 2680 5198 2678 5198 2678 5199 2680 5199 2681 5199 2680 5200 2682 5200 2681 5200 2681 5201 2682 5201 2683 5201 2682 5202 2684 5202 2683 5202 2683 5203 2684 5203 2685 5203 2685 5204 2686 5204 2687 5204 2687 5205 2686 5205 2688 5205 2684 5206 2686 5206 2685 5206 2686 5207 2689 5207 2688 5207 2688 5208 2689 5208 2690 5208 2689 5209 2691 5209 2690 5209 2690 5210 2692 5210 2693 5210 2693 5211 2692 5211 2694 5211 2691 5212 2692 5212 2690 5212 2692 5213 2695 5213 2694 5213 2695 5214 2696 5214 2694 5214 2694 5215 2696 5215 2697 5215 2696 5216 2698 5216 2697 5216 2697 5217 2698 5217 2699 5217 2698 5218 2700 5218 2699 5218 2699 5219 2700 5219 2701 5219 2700 5220 2702 5220 2701 5220 2701 5221 2702 5221 2703 5221 2702 5222 2704 5222 2703 5222 2703 5223 2704 5223 2705 5223 2705 5224 2704 5224 2706 5224 2704 5225 2707 5225 2706 5225 2707 5226 2708 5226 2706 5226 2706 5227 2708 5227 2709 5227 2709 5228 2708 5228 2710 5228 2708 5229 2711 5229 2710 5229 2711 5230 2712 5230 2710 5230 2710 5231 2712 5231 2713 5231 2713 5232 2712 5232 2714 5232 2712 5233 2715 5233 2714 5233 2715 5234 2716 5234 2714 5234 2714 5235 2716 5235 2717 5235 2716 5236 2718 5236 2717 5236 2717 5237 2718 5237 2719 5237 2719 5238 2718 5238 2720 5238 2718 5239 2721 5239 2720 5239 2720 5240 2722 5240 2723 5240 2721 5241 2722 5241 2720 5241 2723 5242 2724 5242 2725 5242 2722 5243 2724 5243 2723 5243 2725 5244 2726 5244 2727 5244 2724 5245 2726 5245 2725 5245 2727 5246 2728 5246 2729 5246 2726 5247 2728 5247 2727 5247 2729 5248 2730 5248 2731 5248 2728 5249 2730 5249 2729 5249 2731 5250 2732 5250 2733 5250 2730 5251 2732 5251 2731 5251 2733 5252 2734 5252 2735 5252 2732 5253 2734 5253 2733 5253 2735 5254 2736 5254 2737 5254 2734 5255 2736 5255 2735 5255 2737 5256 2738 5256 2739 5256 2736 5257 2738 5257 2737 5257 2739 5258 2740 5258 2741 5258 2738 5259 2740 5259 2739 5259 2741 5260 2742 5260 2743 5260 2740 5261 2742 5261 2741 5261 2743 5262 2744 5262 2745 5262 2742 5263 2744 5263 2743 5263 2744 5264 2746 5264 2745 5264 2745 5265 2746 5265 2747 5265 2746 5266 2748 5266 2747 5266 2747 5267 2748 5267 2749 5267 2748 5268 2750 5268 2749 5268 2749 5269 2750 5269 2751 5269 2750 5270 2752 5270 2751 5270 2751 5271 2752 5271 2753 5271 2753 5272 2754 5272 2755 5272 2752 5273 2754 5273 2753 5273 2755 5274 2756 5274 2757 5274 2754 5275 2756 5275 2755 5275 2757 5276 2758 5276 2759 5276 2756 5277 2758 5277 2757 5277 2759 5278 2760 5278 2761 5278 2758 5279 2760 5279 2759 5279 2761 5280 2762 5280 2763 5280 2760 5281 2762 5281 2761 5281 2763 5282 2764 5282 2765 5282 2762 5283 2764 5283 2763 5283 2765 5284 2766 5284 2767 5284 2764 5285 2766 5285 2765 5285 2767 5286 2768 5286 2769 5286 2769 5287 2768 5287 2770 5287 2766 5288 2768 5288 2767 5288 2768 5289 2771 5289 2770 5289 2770 5290 2771 5290 2520 5290 2771 5291 2523 5291 2520 5291 2677 5292 2772 5292 2773 5292 2677 5293 2773 5293 2774 5293 2677 5294 2774 5294 2679 5294 2680 5295 2774 5295 2775 5295 2680 5296 2775 5296 2776 5296 2680 5297 2679 5297 2774 5297 2674 5298 2772 5298 2677 5298 2682 5299 2680 5299 2776 5299 2682 5300 2776 5300 2777 5300 2672 5301 2772 5301 2674 5301 2672 5302 2778 5302 2779 5302 2672 5303 2779 5303 2772 5303 2684 5304 2682 5304 2777 5304 2670 5305 2778 5305 2672 5305 2686 5306 2684 5306 2777 5306 2686 5307 2777 5307 2780 5307 2669 5308 2781 5308 2778 5308 2669 5309 2778 5309 2670 5309 2689 5310 2686 5310 2780 5310 2689 5311 2780 5311 2782 5311 2666 5312 2781 5312 2669 5312 2666 5313 2783 5313 2781 5313 2691 5314 2689 5314 2782 5314 2691 5315 2782 5315 2784 5315 2691 5316 2784 5316 2785 5316 2664 5317 2783 5317 2666 5317 2664 5318 2786 5318 2787 5318 2664 5319 2787 5319 2783 5319 2692 5320 2691 5320 2785 5320 2662 5321 2786 5321 2664 5321 2695 5322 2692 5322 2785 5322 2695 5323 2785 5323 2788 5323 2695 5324 2788 5324 2789 5324 2661 5325 2786 5325 2662 5325 2661 5326 2790 5326 2791 5326 2661 5327 2791 5327 2786 5327 2696 5328 2695 5328 2789 5328 2658 5329 2790 5329 2661 5329 2698 5330 2696 5330 2789 5330 2698 5331 2789 5331 2792 5331 2657 5332 2793 5332 2790 5332 2657 5333 2790 5333 2658 5333 2700 5334 2698 5334 2792 5334 2700 5335 2792 5335 2794 5335 2654 5336 2795 5336 2793 5336 2654 5337 2793 5337 2657 5337 2702 5338 2700 5338 2794 5338 2702 5339 2794 5339 2796 5339 2652 5340 2797 5340 2795 5340 2652 5341 2795 5341 2654 5341 2704 5342 2702 5342 2796 5342 2704 5343 2796 5343 2798 5343 2704 5344 2798 5344 2799 5344 2650 5345 2800 5345 2797 5345 2650 5346 2797 5346 2652 5346 2707 5347 2704 5347 2799 5347 2648 5348 2801 5348 2800 5348 2648 5349 2800 5349 2650 5349 2708 5350 2707 5350 2799 5350 2708 5351 2799 5351 2802 5351 2708 5352 2802 5352 2803 5352 2646 5353 2801 5353 2648 5353 2646 5354 2804 5354 2801 5354 2711 5355 2708 5355 2803 5355 2644 5356 2805 5356 2804 5356 2644 5357 2804 5357 2646 5357 2712 5358 2803 5358 2806 5358 2712 5359 2711 5359 2803 5359 2642 5360 2805 5360 2644 5360 2642 5361 2807 5361 2808 5361 2642 5362 2808 5362 2805 5362 2715 5363 2712 5363 2806 5363 2715 5364 2806 5364 2809 5364 2640 5365 2807 5365 2642 5365 2716 5366 2715 5366 2809 5366 2716 5367 2809 5367 2810 5367 2638 5368 2807 5368 2640 5368 2638 5369 2811 5369 2807 5369 2718 5370 2716 5370 2810 5370 2718 5371 2810 5371 2812 5371 2636 5372 2811 5372 2638 5372 2636 5373 2813 5373 2814 5373 2636 5374 2814 5374 2811 5374 2721 5375 2718 5375 2812 5375 2721 5376 2812 5376 2815 5376 2635 5377 2813 5377 2636 5377 2722 5378 2815 5378 2816 5378 2722 5379 2721 5379 2815 5379 2632 5380 2813 5380 2635 5380 2632 5381 2817 5381 2813 5381 2724 5382 2816 5382 2818 5382 2724 5383 2722 5383 2816 5383 2630 5384 2817 5384 2632 5384 2630 5385 2819 5385 2817 5385 2726 5386 2818 5386 2820 5386 2726 5387 2820 5387 2821 5387 2726 5388 2724 5388 2818 5388 2628 5389 2819 5389 2630 5389 2628 5390 2822 5390 2819 5390 2728 5391 2726 5391 2821 5391 2626 5392 2823 5392 2822 5392 2626 5393 2822 5393 2628 5393 2730 5394 2821 5394 2824 5394 2730 5395 2728 5395 2821 5395 2624 5396 2823 5396 2626 5396 2624 5397 2825 5397 2823 5397 2732 5398 2824 5398 2826 5398 2732 5399 2730 5399 2824 5399 2622 5400 2825 5400 2624 5400 2622 5401 2827 5401 2825 5401 2734 5402 2826 5402 2828 5402 2734 5403 2732 5403 2826 5403 2620 5404 2829 5404 2827 5404 2620 5405 2827 5405 2622 5405 2736 5406 2828 5406 2830 5406 2736 5407 2734 5407 2828 5407 2618 5408 2831 5408 2829 5408 2618 5409 2829 5409 2620 5409 2738 5410 2830 5410 2832 5410 2738 5411 2736 5411 2830 5411 2616 5412 2833 5412 2831 5412 2616 5413 2831 5413 2618 5413 2740 5414 2832 5414 2834 5414 2740 5415 2738 5415 2832 5415 2835 5416 2616 5416 2614 5416 2835 5417 2833 5417 2616 5417 2836 5418 2742 5418 2740 5418 2836 5419 2740 5419 2834 5419 2837 5420 2835 5420 2614 5420 2837 5421 2614 5421 2612 5421 2744 5422 2742 5422 2836 5422 2610 5423 2837 5423 2612 5423 2838 5424 2744 5424 2836 5424 2839 5425 2837 5425 2610 5425 2840 5426 2744 5426 2838 5426 2840 5427 2746 5427 2744 5427 2841 5428 2839 5428 2610 5428 2841 5429 2609 5429 2607 5429 2841 5430 2610 5430 2609 5430 2842 5431 2746 5431 2840 5431 2842 5432 2748 5432 2746 5432 2843 5433 2841 5433 2607 5433 2844 5434 2750 5434 2748 5434 2844 5435 2748 5435 2842 5435 2844 5436 2752 5436 2750 5436 2845 5437 2843 5437 2607 5437 2845 5438 2604 5438 2603 5438 2845 5439 2607 5439 2604 5439 2846 5440 2752 5440 2844 5440 2847 5441 2845 5441 2603 5441 2848 5442 2754 5442 2752 5442 2848 5443 2752 5443 2846 5443 2849 5444 2847 5444 2603 5444 2849 5445 2603 5445 2600 5445 2850 5446 2756 5446 2754 5446 2850 5447 2758 5447 2756 5447 2850 5448 2754 5448 2848 5448 2851 5449 2599 5449 2596 5449 2851 5450 2600 5450 2599 5450 2851 5451 2849 5451 2600 5451 2852 5452 2758 5452 2850 5452 2853 5453 2851 5453 2596 5453 2854 5454 2760 5454 2758 5454 2854 5455 2758 5455 2852 5455 2855 5456 2596 5456 2594 5456 2855 5457 2853 5457 2596 5457 2856 5458 2762 5458 2760 5458 2856 5459 2760 5459 2854 5459 2857 5460 2855 5460 2594 5460 2857 5461 2593 5461 2590 5461 2857 5462 2594 5462 2593 5462 2858 5463 2764 5463 2762 5463 2858 5464 2762 5464 2856 5464 2859 5465 2857 5465 2590 5465 2860 5466 2766 5466 2764 5466 2860 5467 2764 5467 2858 5467 2861 5468 2859 5468 2590 5468 2861 5469 2590 5469 2588 5469 2862 5470 2766 5470 2860 5470 2862 5471 2768 5471 2766 5471 2863 5472 2861 5472 2588 5472 2863 5473 2588 5473 2586 5473 2864 5474 2768 5474 2862 5474 2864 5475 2771 5475 2768 5475 2865 5476 2863 5476 2586 5476 2865 5477 2586 5477 2585 5477 2866 5478 2523 5478 2771 5478 2866 5479 2771 5479 2864 5479 2867 5480 2585 5480 2582 5480 2867 5481 2865 5481 2585 5481 2868 5482 2521 5482 2523 5482 2868 5483 2523 5483 2866 5483 2869 5484 2582 5484 2581 5484 2869 5485 2867 5485 2582 5485 2870 5486 2524 5486 2521 5486 2870 5487 2521 5487 2868 5487 2871 5488 2581 5488 2578 5488 2871 5489 2869 5489 2581 5489 2872 5490 2526 5490 2524 5490 2872 5491 2524 5491 2870 5491 2873 5492 2578 5492 2577 5492 2873 5493 2871 5493 2578 5493 2874 5494 2528 5494 2526 5494 2874 5495 2526 5495 2872 5495 2875 5496 2873 5496 2577 5496 2875 5497 2577 5497 2575 5497 2876 5498 2531 5498 2528 5498 2876 5499 2532 5499 2531 5499 2876 5500 2528 5500 2874 5500 2877 5501 2875 5501 2575 5501 2877 5502 2575 5502 2572 5502 2878 5503 2532 5503 2876 5503 2879 5504 2877 5504 2572 5504 2879 5505 2572 5505 2570 5505 2880 5506 2534 5506 2532 5506 2880 5507 2537 5507 2534 5507 2880 5508 2532 5508 2878 5508 2881 5509 2879 5509 2570 5509 2881 5510 2568 5510 2567 5510 2881 5511 2570 5511 2568 5511 2882 5512 2537 5512 2880 5512 2883 5513 2881 5513 2567 5513 2883 5514 2567 5514 2564 5514 2884 5515 2538 5515 2537 5515 2884 5516 2541 5516 2538 5516 2884 5517 2537 5517 2882 5517 2885 5518 2883 5518 2564 5518 2886 5519 2541 5519 2884 5519 2887 5520 2885 5520 2564 5520 2887 5521 2564 5521 2562 5521 2888 5522 2541 5522 2886 5522 2888 5523 2542 5523 2541 5523 2888 5524 2544 5524 2542 5524 2889 5525 2887 5525 2562 5525 2889 5526 2560 5526 2558 5526 2889 5527 2562 5527 2560 5527 2890 5528 2544 5528 2888 5528 2891 5529 2889 5529 2558 5529 2892 5530 2544 5530 2890 5530 2892 5531 2546 5531 2544 5531 2893 5532 2891 5532 2558 5532 2893 5533 2558 5533 2556 5533 2894 5534 2546 5534 2892 5534 2894 5535 2548 5535 2546 5535 2895 5536 2556 5536 2554 5536 2895 5537 2893 5537 2556 5537 2896 5538 2550 5538 2548 5538 2896 5539 2548 5539 2894 5539 2897 5540 2552 5540 2550 5540 2897 5541 2554 5541 2552 5541 2897 5542 2550 5542 2896 5542 2897 5543 2895 5543 2554 5543 2866 5544 2898 5544 2899 5544 2868 5545 2899 5545 2900 5545 2868 5546 2866 5546 2899 5546 2870 5547 2868 5547 2900 5547 2872 5548 2900 5548 2901 5548 2872 5549 2901 5549 2902 5549 2872 5550 2870 5550 2900 5550 2874 5551 2872 5551 2902 5551 2876 5552 2902 5552 2903 5552 2876 5553 2874 5553 2902 5553 2878 5554 2903 5554 2904 5554 2878 5555 2876 5555 2903 5555 2880 5556 2904 5556 2905 5556 2880 5557 2878 5557 2904 5557 2882 5558 2905 5558 2906 5558 2882 5559 2880 5559 2905 5559 2884 5560 2906 5560 2907 5560 2884 5561 2882 5561 2906 5561 2886 5562 2907 5562 2908 5562 2886 5563 2908 5563 2909 5563 2886 5564 2884 5564 2907 5564 2888 5565 2886 5565 2909 5565 2890 5566 2888 5566 2909 5566 2890 5567 2909 5567 2910 5567 2892 5568 2890 5568 2910 5568 2892 5569 2910 5569 2911 5569 2892 5570 2911 5570 2912 5570 2894 5571 2912 5571 2913 5571 2894 5572 2892 5572 2912 5572 2896 5573 2894 5573 2913 5573 2897 5574 2896 5574 2913 5574 2897 5575 2913 5575 2914 5575 2895 5576 2914 5576 2915 5576 2895 5577 2897 5577 2914 5577 2893 5578 2915 5578 2916 5578 2893 5579 2895 5579 2915 5579 2891 5580 2916 5580 2917 5580 2891 5581 2893 5581 2916 5581 2889 5582 2917 5582 2918 5582 2889 5583 2891 5583 2917 5583 2887 5584 2918 5584 2919 5584 2887 5585 2919 5585 2920 5585 2887 5586 2889 5586 2918 5586 2885 5587 2887 5587 2920 5587 2883 5588 2920 5588 2921 5588 2883 5589 2885 5589 2920 5589 2881 5590 2921 5590 2922 5590 2881 5591 2883 5591 2921 5591 2879 5592 2922 5592 2923 5592 2879 5593 2881 5593 2922 5593 2877 5594 2923 5594 2924 5594 2877 5595 2879 5595 2923 5595 2875 5596 2924 5596 2925 5596 2875 5597 2877 5597 2924 5597 2873 5598 2925 5598 2926 5598 2873 5599 2875 5599 2925 5599 2871 5600 2926 5600 2927 5600 2871 5601 2873 5601 2926 5601 2869 5602 2927 5602 2928 5602 2869 5603 2871 5603 2927 5603 2867 5604 2928 5604 2929 5604 2867 5605 2929 5605 2930 5605 2867 5606 2869 5606 2928 5606 2865 5607 2867 5607 2930 5607 2863 5608 2930 5608 2931 5608 2863 5609 2865 5609 2930 5609 2861 5610 2931 5610 2932 5610 2861 5611 2863 5611 2931 5611 2859 5612 2932 5612 2933 5612 2859 5613 2861 5613 2932 5613 2857 5614 2933 5614 2934 5614 2857 5615 2859 5615 2933 5615 2855 5616 2934 5616 2935 5616 2855 5617 2935 5617 2936 5617 2855 5618 2857 5618 2934 5618 2853 5619 2855 5619 2936 5619 2851 5620 2853 5620 2936 5620 2851 5621 2936 5621 2937 5621 2851 5622 2937 5622 2938 5622 2849 5623 2851 5623 2938 5623 2849 5624 2938 5624 2939 5624 2847 5625 2849 5625 2939 5625 2845 5626 2847 5626 2939 5626 2845 5627 2939 5627 2940 5627 2843 5628 2845 5628 2940 5628 2843 5629 2940 5629 2941 5629 2841 5630 2843 5630 2941 5630 2841 5631 2941 5631 2942 5631 2839 5632 2841 5632 2942 5632 2839 5633 2942 5633 2943 5633 2837 5634 2839 5634 2943 5634 2837 5635 2943 5635 2944 5635 2835 5636 2837 5636 2944 5636 2835 5637 2944 5637 2945 5637 2833 5638 2945 5638 2946 5638 2833 5639 2835 5639 2945 5639 2831 5640 2946 5640 2947 5640 2831 5641 2833 5641 2946 5641 2829 5642 2947 5642 2948 5642 2829 5643 2831 5643 2947 5643 2827 5644 2948 5644 2949 5644 2827 5645 2829 5645 2948 5645 2825 5646 2949 5646 2950 5646 2825 5647 2827 5647 2949 5647 2823 5648 2950 5648 2951 5648 2823 5649 2825 5649 2950 5649 2822 5650 2951 5650 2952 5650 2822 5651 2823 5651 2951 5651 2819 5652 2952 5652 2953 5652 2819 5653 2822 5653 2952 5653 2817 5654 2953 5654 2954 5654 2817 5655 2819 5655 2953 5655 2813 5656 2954 5656 2955 5656 2813 5657 2955 5657 2956 5657 2813 5658 2817 5658 2954 5658 2814 5659 2813 5659 2956 5659 2811 5660 2956 5660 2957 5660 2811 5661 2814 5661 2956 5661 2807 5662 2957 5662 2958 5662 2807 5663 2811 5663 2957 5663 2808 5664 2958 5664 2959 5664 2808 5665 2807 5665 2958 5665 2805 5666 2959 5666 2960 5666 2805 5667 2960 5667 2961 5667 2805 5668 2808 5668 2959 5668 2804 5669 2805 5669 2961 5669 2801 5670 2804 5670 2961 5670 2801 5671 2961 5671 2962 5671 2800 5672 2801 5672 2962 5672 2800 5673 2962 5673 2963 5673 2797 5674 2800 5674 2963 5674 2797 5675 2963 5675 2964 5675 2795 5676 2797 5676 2964 5676 2795 5677 2964 5677 2965 5677 2793 5678 2795 5678 2965 5678 2793 5679 2965 5679 2966 5679 2790 5680 2793 5680 2966 5680 2790 5681 2966 5681 2967 5681 2791 5682 2790 5682 2967 5682 2791 5683 2967 5683 2968 5683 2791 5684 2968 5684 2969 5684 2786 5685 2791 5685 2969 5685 2787 5686 2786 5686 2969 5686 2787 5687 2969 5687 2970 5687 2783 5688 2787 5688 2970 5688 2783 5689 2970 5689 2971 5689 2781 5690 2783 5690 2971 5690 2781 5691 2971 5691 2972 5691 2778 5692 2781 5692 2972 5692 2778 5693 2972 5693 2973 5693 2779 5694 2778 5694 2973 5694 2779 5695 2973 5695 2974 5695 2772 5696 2779 5696 2974 5696 2772 5697 2974 5697 2975 5697 2772 5698 2975 5698 2976 5698 2773 5699 2772 5699 2976 5699 2774 5700 2773 5700 2976 5700 2774 5701 2976 5701 2977 5701 2775 5702 2774 5702 2977 5702 2775 5703 2977 5703 2978 5703 2776 5704 2775 5704 2978 5704 2776 5705 2978 5705 2979 5705 2777 5706 2776 5706 2979 5706 2777 5707 2979 5707 2980 5707 2777 5708 2980 5708 2981 5708 2780 5709 2777 5709 2981 5709 2782 5710 2981 5710 2982 5710 2782 5711 2982 5711 2983 5711 2782 5712 2780 5712 2981 5712 2784 5713 2983 5713 2984 5713 2784 5714 2782 5714 2983 5714 2785 5715 2784 5715 2984 5715 2788 5716 2984 5716 2985 5716 2788 5717 2785 5717 2984 5717 2789 5718 2788 5718 2985 5718 2789 5719 2985 5719 2986 5719 2789 5720 2986 5720 2987 5720 2792 5721 2789 5721 2987 5721 2794 5722 2792 5722 2987 5722 2794 5723 2987 5723 2988 5723 2794 5724 2988 5724 2989 5724 2796 5725 2794 5725 2989 5725 2796 5726 2989 5726 2990 5726 2798 5727 2796 5727 2990 5727 2798 5728 2990 5728 2991 5728 2799 5729 2798 5729 2991 5729 2802 5730 2799 5730 2991 5730 2802 5731 2991 5731 2992 5731 2802 5732 2992 5732 2993 5732 2803 5733 2802 5733 2993 5733 2803 5734 2993 5734 2994 5734 2806 5735 2803 5735 2994 5735 2809 5736 2806 5736 2994 5736 2809 5737 2994 5737 2995 5737 2809 5738 2995 5738 2996 5738 2810 5739 2809 5739 2996 5739 2812 5740 2810 5740 2996 5740 2812 5741 2996 5741 2997 5741 2812 5742 2997 5742 2998 5742 2815 5743 2812 5743 2998 5743 2816 5744 2998 5744 2999 5744 2816 5745 2999 5745 3000 5745 2816 5746 2815 5746 2998 5746 2818 5747 3000 5747 3001 5747 2818 5748 2816 5748 3000 5748 2820 5749 2818 5749 3001 5749 2821 5750 3001 5750 3002 5750 2821 5751 3002 5751 3003 5751 2821 5752 2820 5752 3001 5752 2824 5753 2821 5753 3003 5753 2826 5754 3003 5754 3004 5754 2826 5755 3004 5755 3005 5755 2826 5756 2824 5756 3003 5756 2828 5757 2826 5757 3005 5757 2830 5758 3005 5758 3006 5758 2830 5759 2828 5759 3005 5759 2832 5760 3006 5760 3007 5760 2832 5761 3007 5761 3008 5761 2832 5762 2830 5762 3006 5762 2834 5763 2832 5763 3008 5763 2836 5764 3008 5764 3009 5764 2836 5765 2834 5765 3008 5765 2838 5766 2836 5766 3009 5766 2838 5767 3009 5767 3010 5767 2838 5768 3010 5768 3011 5768 2840 5769 2838 5769 3011 5769 2842 5770 3011 5770 3012 5770 2842 5771 2840 5771 3011 5771 2844 5772 3012 5772 3013 5772 2844 5773 3013 5773 3014 5773 2844 5774 2842 5774 3012 5774 2846 5775 2844 5775 3014 5775 2846 5776 3014 5776 3015 5776 2848 5777 2846 5777 3015 5777 2850 5778 3015 5778 3016 5778 2850 5779 2848 5779 3015 5779 2852 5780 3016 5780 3017 5780 2852 5781 2850 5781 3016 5781 2854 5782 3017 5782 3018 5782 2854 5783 2852 5783 3017 5783 2856 5784 3018 5784 3019 5784 2856 5785 3019 5785 3020 5785 2856 5786 2854 5786 3018 5786 2858 5787 3020 5787 3021 5787 2858 5788 2856 5788 3020 5788 2860 5789 2858 5789 3021 5789 2862 5790 3021 5790 3022 5790 2862 5791 2860 5791 3021 5791 2864 5792 3022 5792 3023 5792 2864 5793 2862 5793 3022 5793 2866 5794 3023 5794 2898 5794 2866 5795 2864 5795 3023 5795 3024 5796 2946 5796 2945 5796 3024 5797 2945 5797 3025 5797 3026 5798 2945 5798 2944 5798 3026 5799 3025 5799 2945 5799 3027 5800 2946 5800 3024 5800 3027 5801 2947 5801 2946 5801 3028 5802 3026 5802 2944 5802 3028 5803 2944 5803 2943 5803 3029 5804 2948 5804 2947 5804 3029 5805 2949 5805 2948 5805 3029 5806 2947 5806 3027 5806 3030 5807 3028 5807 2943 5807 3030 5808 2943 5808 2942 5808 3031 5809 2949 5809 3029 5809 3032 5810 3030 5810 2942 5810 3032 5811 2941 5811 2940 5811 3032 5812 2942 5812 2941 5812 3033 5813 2950 5813 2949 5813 3033 5814 2951 5814 2950 5814 3033 5815 2949 5815 3031 5815 3034 5816 3032 5816 2940 5816 3034 5817 2940 5817 2939 5817 3035 5818 2952 5818 2951 5818 3035 5819 2951 5819 3033 5819 3036 5820 3034 5820 2939 5820 3036 5821 2939 5821 2938 5821 3037 5822 2952 5822 3035 5822 3038 5823 3036 5823 2938 5823 3039 5824 2952 5824 3037 5824 3039 5825 2953 5825 2952 5825 3040 5826 2938 5826 2937 5826 3040 5827 3038 5827 2938 5827 3041 5828 2954 5828 2953 5828 3041 5829 2955 5829 2954 5829 3041 5830 2953 5830 3039 5830 3042 5831 2936 5831 2935 5831 3042 5832 2937 5832 2936 5832 3042 5833 3040 5833 2937 5833 3043 5834 2955 5834 3041 5834 3044 5835 3042 5835 2935 5835 3045 5836 2955 5836 3043 5836 3045 5837 2956 5837 2955 5837 3046 5838 2935 5838 2934 5838 3046 5839 3044 5839 2935 5839 3047 5840 2956 5840 3045 5840 3047 5841 2957 5841 2956 5841 3048 5842 2934 5842 2933 5842 3048 5843 3046 5843 2934 5843 3049 5844 2957 5844 3047 5844 3049 5845 2958 5845 2957 5845 3050 5846 2932 5846 2931 5846 3050 5847 2933 5847 2932 5847 3050 5848 3048 5848 2933 5848 3051 5849 2959 5849 2958 5849 3051 5850 2958 5850 3049 5850 3052 5851 3050 5851 2931 5851 3053 5852 2960 5852 2959 5852 3053 5853 2961 5853 2960 5853 3053 5854 2959 5854 3051 5854 3054 5855 2930 5855 2929 5855 3054 5856 2931 5856 2930 5856 3054 5857 3052 5857 2931 5857 3055 5858 2961 5858 3053 5858 3056 5859 3054 5859 2929 5859 3057 5860 2962 5860 2961 5860 3057 5861 2961 5861 3055 5861 3058 5862 2929 5862 2928 5862 3058 5863 3056 5863 2929 5863 3059 5864 2963 5864 2962 5864 3059 5865 2964 5865 2963 5865 3059 5866 2962 5866 3057 5866 3060 5867 3058 5867 2928 5867 3060 5868 2928 5868 2927 5868 3061 5869 2964 5869 3059 5869 3062 5870 2926 5870 2925 5870 3062 5871 2927 5871 2926 5871 3062 5872 3060 5872 2927 5872 3063 5873 2964 5873 3061 5873 3063 5874 2965 5874 2964 5874 3064 5875 3062 5875 2925 5875 3065 5876 2965 5876 3063 5876 3065 5877 2966 5877 2965 5877 3066 5878 3064 5878 2925 5878 3066 5879 2925 5879 2924 5879 3067 5880 2966 5880 3065 5880 3067 5881 2967 5881 2966 5881 3068 5882 2924 5882 2923 5882 3068 5883 3066 5883 2924 5883 3069 5884 2967 5884 3067 5884 3069 5885 2968 5885 2967 5885 3070 5886 3068 5886 2923 5886 3070 5887 2923 5887 2922 5887 3071 5888 2968 5888 3069 5888 3071 5889 2969 5889 2968 5889 3072 5890 3070 5890 2922 5890 3072 5891 2922 5891 2921 5891 3073 5892 2969 5892 3071 5892 3073 5893 2970 5893 2969 5893 3074 5894 2921 5894 2920 5894 3074 5895 3072 5895 2921 5895 3075 5896 2970 5896 3073 5896 3075 5897 2971 5897 2970 5897 3076 5898 2920 5898 2919 5898 3076 5899 3074 5899 2920 5899 3077 5900 2971 5900 3075 5900 3077 5901 2972 5901 2971 5901 3077 5902 2973 5902 2972 5902 3078 5903 2919 5903 2918 5903 3078 5904 3076 5904 2919 5904 3079 5905 2973 5905 3077 5905 3080 5906 2918 5906 2917 5906 3080 5907 3078 5907 2918 5907 3081 5908 2974 5908 2973 5908 3081 5909 2973 5909 3079 5909 2975 5910 2974 5910 3081 5910 3082 5911 2917 5911 2916 5911 3082 5912 3080 5912 2917 5912 3083 5913 2975 5913 3081 5913 3084 5914 2916 5914 2915 5914 3084 5915 3082 5915 2916 5915 2976 5916 2975 5916 3083 5916 3085 5917 2976 5917 3083 5917 3086 5918 2915 5918 2914 5918 3086 5919 3084 5919 2915 5919 2977 5920 2976 5920 3085 5920 2977 5921 3085 5921 3087 5921 3088 5922 3086 5922 2914 5922 2913 5923 3088 5923 2914 5923 3089 5924 2977 5924 3087 5924 2978 5925 2977 5925 3089 5925 3090 5926 3088 5926 2913 5926 2912 5927 3090 5927 2913 5927 3091 5928 3090 5928 2912 5928 2979 5929 3089 5929 3092 5929 2979 5930 2978 5930 3089 5930 3093 5931 2979 5931 3092 5931 2911 5932 3091 5932 2912 5932 2980 5933 3093 5933 3094 5933 2980 5934 2979 5934 3093 5934 2910 5935 3091 5935 2911 5935 2910 5936 3095 5936 3091 5936 2981 5937 2980 5937 3094 5937 2909 5938 3096 5938 3095 5938 2909 5939 3095 5939 2910 5939 2982 5940 3094 5940 3097 5940 2982 5941 3097 5941 3098 5941 2982 5942 2981 5942 3094 5942 2908 5943 3096 5943 2909 5943 2908 5944 3099 5944 3096 5944 2983 5945 2982 5945 3098 5945 2907 5946 3100 5946 3099 5946 2907 5947 3099 5947 2908 5947 2984 5948 3098 5948 3101 5948 2984 5949 3101 5949 3102 5949 2984 5950 2983 5950 3098 5950 2906 5951 3100 5951 2907 5951 2906 5952 3103 5952 3104 5952 2906 5953 3104 5953 3100 5953 2985 5954 2984 5954 3102 5954 2905 5955 3105 5955 3103 5955 2905 5956 3103 5956 2906 5956 2986 5957 3102 5957 3106 5957 2986 5958 2985 5958 3102 5958 2904 5959 3105 5959 2905 5959 2987 5960 3106 5960 3107 5960 2987 5961 2986 5961 3106 5961 2903 5962 3108 5962 3109 5962 2903 5963 3109 5963 3105 5963 2903 5964 3105 5964 2904 5964 2988 5965 3107 5965 3110 5965 2988 5966 2987 5966 3107 5966 2902 5967 3111 5967 3108 5967 2902 5968 3108 5968 2903 5968 2989 5969 2988 5969 3110 5969 2989 5970 3110 5970 3112 5970 2901 5971 3111 5971 2902 5971 2990 5972 2989 5972 3112 5972 2990 5973 3112 5973 3113 5973 2900 5974 3114 5974 3111 5974 2900 5975 3111 5975 2901 5975 2991 5976 3113 5976 3115 5976 2991 5977 2990 5977 3113 5977 2899 5978 3114 5978 2900 5978 2899 5979 3116 5979 3114 5979 2992 5980 3115 5980 3117 5980 2992 5981 2991 5981 3115 5981 2898 5982 3118 5982 3116 5982 2898 5983 3116 5983 2899 5983 2993 5984 3117 5984 3119 5984 2993 5985 2992 5985 3117 5985 3023 5986 3118 5986 2898 5986 3023 5987 3120 5987 3118 5987 2994 5988 3119 5988 3121 5988 2994 5989 2993 5989 3119 5989 3022 5990 3122 5990 3123 5990 3022 5991 3123 5991 3120 5991 3022 5992 3120 5992 3023 5992 2995 5993 3121 5993 3124 5993 2995 5994 3124 5994 3125 5994 2995 5995 2994 5995 3121 5995 3021 5996 3126 5996 3122 5996 3021 5997 3122 5997 3022 5997 2996 5998 2995 5998 3125 5998 3020 5999 3126 5999 3021 5999 2997 6000 2996 6000 3125 6000 2997 6001 3125 6001 3127 6001 3019 6002 3126 6002 3020 6002 3019 6003 3128 6003 3126 6003 2998 6004 3127 6004 3129 6004 2998 6005 3129 6005 3130 6005 2998 6006 2997 6006 3127 6006 3018 6007 3128 6007 3019 6007 3018 6008 3131 6008 3128 6008 2999 6009 2998 6009 3130 6009 3017 6010 3131 6010 3018 6010 3017 6011 3132 6011 3131 6011 3000 6012 3130 6012 3133 6012 3000 6013 2999 6013 3130 6013 3016 6014 3132 6014 3017 6014 3016 6015 3134 6015 3132 6015 3001 6016 3000 6016 3133 6016 3001 6017 3133 6017 3135 6017 3001 6018 3135 6018 3136 6018 3015 6019 3134 6019 3016 6019 3015 6020 3137 6020 3138 6020 3015 6021 3138 6021 3134 6021 3002 6022 3001 6022 3136 6022 3014 6023 3137 6023 3015 6023 3003 6024 3002 6024 3136 6024 3003 6025 3136 6025 3139 6025 3013 6026 3140 6026 3137 6026 3013 6027 3137 6027 3014 6027 3004 6028 3139 6028 3141 6028 3004 6029 3003 6029 3139 6029 3012 6030 3140 6030 3013 6030 3012 6031 3142 6031 3143 6031 3012 6032 3143 6032 3140 6032 3005 6033 3004 6033 3141 6033 3005 6034 3141 6034 3144 6034 3011 6035 3142 6035 3012 6035 3006 6036 3144 6036 3145 6036 3006 6037 3005 6037 3144 6037 3010 6038 3146 6038 3142 6038 3010 6039 3142 6039 3011 6039 3007 6040 3006 6040 3145 6040 3007 6041 3145 6041 3147 6041 3009 6042 3148 6042 3146 6042 3009 6043 3146 6043 3010 6043 3008 6044 3147 6044 3149 6044 3008 6045 3149 6045 3148 6045 3008 6046 3007 6046 3147 6046 3008 6047 3148 6047 3009 6047 3118 6048 3150 6048 3116 6048 3151 6049 3150 6049 3118 6049 3116 6050 3152 6050 3114 6050 3150 6051 3152 6051 3116 6051 3114 6052 3153 6052 3111 6052 3152 6053 3153 6053 3114 6053 3111 6054 3154 6054 3108 6054 3108 6055 3154 6055 3109 6055 3153 6056 3154 6056 3111 6056 3154 6057 3155 6057 3109 6057 3109 6058 3156 6058 3105 6058 3105 6059 3156 6059 3103 6059 3155 6060 3156 6060 3109 6060 3156 6061 3157 6061 3103 6061 3103 6062 3158 6062 3104 6062 3157 6063 3158 6063 3103 6063 3104 6064 3159 6064 3100 6064 3158 6065 3159 6065 3104 6065 3100 6066 3160 6066 3099 6066 3099 6067 3160 6067 3096 6067 3159 6068 3160 6068 3100 6068 3160 6069 3161 6069 3096 6069 3161 6070 3162 6070 3096 6070 3096 6071 3162 6071 3095 6071 3162 6072 3163 6072 3095 6072 3095 6073 3163 6073 3091 6073 3091 6074 3164 6074 3090 6074 3163 6075 3164 6075 3091 6075 3090 6076 3165 6076 3088 6076 3164 6077 3165 6077 3090 6077 3088 6078 3166 6078 3086 6078 3086 6079 3166 6079 3084 6079 3165 6080 3166 6080 3088 6080 3166 6081 3167 6081 3084 6081 3084 6082 3168 6082 3082 6082 3167 6083 3168 6083 3084 6083 3082 6084 3169 6084 3080 6084 3080 6085 3169 6085 3078 6085 3168 6086 3169 6086 3082 6086 3169 6087 3170 6087 3078 6087 3078 6088 3171 6088 3076 6088 3076 6089 3171 6089 3074 6089 3170 6090 3171 6090 3078 6090 3171 6091 3172 6091 3074 6091 3074 6092 3173 6092 3072 6092 3072 6093 3173 6093 3070 6093 3172 6094 3173 6094 3074 6094 3173 6095 3174 6095 3070 6095 3070 6096 3175 6096 3068 6096 3174 6097 3175 6097 3070 6097 3068 6098 3176 6098 3066 6098 3175 6099 3176 6099 3068 6099 3066 6100 3177 6100 3064 6100 3064 6101 3177 6101 3062 6101 3176 6102 3177 6102 3066 6102 3177 6103 3178 6103 3062 6103 3062 6104 3179 6104 3060 6104 3060 6105 3179 6105 3058 6105 3178 6106 3179 6106 3062 6106 3179 6107 3180 6107 3058 6107 3058 6108 3181 6108 3056 6108 3056 6109 3181 6109 3054 6109 3180 6110 3181 6110 3058 6110 3181 6111 3182 6111 3054 6111 3054 6112 3183 6112 3052 6112 3052 6113 3183 6113 3050 6113 3182 6114 3183 6114 3054 6114 3050 6115 3184 6115 3048 6115 3183 6116 3184 6116 3050 6116 3048 6117 3185 6117 3046 6117 3184 6118 3185 6118 3048 6118 3185 6119 3186 6119 3046 6119 3186 6120 3187 6120 3046 6120 3046 6121 3187 6121 3044 6121 3187 6122 3188 6122 3044 6122 3044 6123 3188 6123 3042 6123 3188 6124 3189 6124 3042 6124 3042 6125 3189 6125 3040 6125 3189 6126 3190 6126 3040 6126 3040 6127 3190 6127 3038 6127 3190 6128 3191 6128 3038 6128 3038 6129 3191 6129 3036 6129 3191 6130 3192 6130 3036 6130 3036 6131 3192 6131 3034 6131 3192 6132 3193 6132 3034 6132 3034 6133 3193 6133 3032 6133 3193 6134 3194 6134 3032 6134 3032 6135 3194 6135 3030 6135 3194 6136 3195 6136 3030 6136 3030 6137 3195 6137 3028 6137 3195 6138 3196 6138 3028 6138 3028 6139 3196 6139 3026 6139 3026 6140 3196 6140 3025 6140 3196 6141 3197 6141 3025 6141 3025 6142 3198 6142 3024 6142 3197 6143 3198 6143 3025 6143 3024 6144 3199 6144 3027 6144 3198 6145 3199 6145 3024 6145 3027 6146 3200 6146 3029 6146 3199 6147 3200 6147 3027 6147 3029 6148 3201 6148 3031 6148 3200 6149 3201 6149 3029 6149 3031 6150 3202 6150 3033 6150 3201 6151 3202 6151 3031 6151 3033 6152 3203 6152 3035 6152 3202 6153 3203 6153 3033 6153 3035 6154 3204 6154 3037 6154 3037 6155 3204 6155 3039 6155 3203 6156 3204 6156 3035 6156 3204 6157 3205 6157 3039 6157 3039 6158 3206 6158 3041 6158 3205 6159 3206 6159 3039 6159 3041 6160 3207 6160 3043 6160 3206 6161 3207 6161 3041 6161 3043 6162 3208 6162 3045 6162 3207 6163 3208 6163 3043 6163 3045 6164 3209 6164 3047 6164 3208 6165 3209 6165 3045 6165 3047 6166 3210 6166 3049 6166 3209 6167 3210 6167 3047 6167 3049 6168 3211 6168 3051 6168 3210 6169 3211 6169 3049 6169 3051 6170 3212 6170 3053 6170 3211 6171 3212 6171 3051 6171 3212 6172 3213 6172 3053 6172 3053 6173 3213 6173 3055 6173 3213 6174 3214 6174 3055 6174 3055 6175 3214 6175 3057 6175 3214 6176 3215 6176 3057 6176 3057 6177 3215 6177 3059 6177 3215 6178 3216 6178 3059 6178 3059 6179 3216 6179 3061 6179 3216 6180 3217 6180 3061 6180 3061 6181 3217 6181 3063 6181 3217 6182 3218 6182 3063 6182 3063 6183 3218 6183 3065 6183 3218 6184 3219 6184 3065 6184 3065 6185 3219 6185 3067 6185 3219 6186 3220 6186 3067 6186 3067 6187 3220 6187 3069 6187 3220 6188 3221 6188 3069 6188 3069 6189 3221 6189 3071 6189 3221 6190 3222 6190 3071 6190 3071 6191 3222 6191 3073 6191 3222 6192 3223 6192 3073 6192 3073 6193 3223 6193 3075 6193 3223 6194 3224 6194 3075 6194 3075 6195 3224 6195 3077 6195 3224 6196 3225 6196 3077 6196 3077 6197 3225 6197 3079 6197 3225 6198 3226 6198 3079 6198 3079 6199 3226 6199 3081 6199 3081 6200 3226 6200 3083 6200 3226 6201 3227 6201 3083 6201 3227 6202 3228 6202 3083 6202 3083 6203 3228 6203 3085 6203 3228 6204 3229 6204 3085 6204 3085 6205 3229 6205 3087 6205 3229 6206 3230 6206 3087 6206 3087 6207 3230 6207 3089 6207 3230 6208 3231 6208 3089 6208 3089 6209 3231 6209 3092 6209 3231 6210 3232 6210 3092 6210 3092 6211 3232 6211 3093 6211 3093 6212 3233 6212 3094 6212 3232 6213 3233 6213 3093 6213 3094 6214 3234 6214 3097 6214 3233 6215 3234 6215 3094 6215 3097 6216 3235 6216 3098 6216 3234 6217 3235 6217 3097 6217 3098 6218 3236 6218 3101 6218 3235 6219 3236 6219 3098 6219 3236 6220 3237 6220 3101 6220 3101 6221 3237 6221 3102 6221 3237 6222 3238 6222 3102 6222 3102 6223 3238 6223 3106 6223 3238 6224 3239 6224 3106 6224 3106 6225 3239 6225 3107 6225 3239 6226 3240 6226 3107 6226 3107 6227 3240 6227 3110 6227 3240 6228 3241 6228 3110 6228 3110 6229 3241 6229 3112 6229 3241 6230 3242 6230 3112 6230 3112 6231 3242 6231 3113 6231 3242 6232 3243 6232 3113 6232 3113 6233 3243 6233 3115 6233 3243 6234 3244 6234 3115 6234 3115 6235 3244 6235 3117 6235 3244 6236 3245 6236 3117 6236 3117 6237 3245 6237 3119 6237 3245 6238 3246 6238 3119 6238 3119 6239 3246 6239 3121 6239 3246 6240 3247 6240 3121 6240 3121 6241 3247 6241 3124 6241 3247 6242 3248 6242 3124 6242 3124 6243 3248 6243 3125 6243 3248 6244 3249 6244 3125 6244 3125 6245 3249 6245 3127 6245 3127 6246 3249 6246 3129 6246 3249 6247 3250 6247 3129 6247 3129 6248 3251 6248 3130 6248 3250 6249 3251 6249 3129 6249 3130 6250 3252 6250 3133 6250 3251 6251 3252 6251 3130 6251 3133 6252 3253 6252 3135 6252 3135 6253 3253 6253 3136 6253 3252 6254 3253 6254 3133 6254 3253 6255 3254 6255 3136 6255 3136 6256 3255 6256 3139 6256 3254 6257 3255 6257 3136 6257 3139 6258 3256 6258 3141 6258 3141 6259 3256 6259 3144 6259 3255 6260 3256 6260 3139 6260 3256 6261 3257 6261 3144 6261 3144 6262 3258 6262 3145 6262 3145 6263 3258 6263 3147 6263 3257 6264 3258 6264 3144 6264 3258 6265 3259 6265 3147 6265 3147 6266 3260 6266 3149 6266 3259 6267 3260 6267 3147 6267 3149 6268 3261 6268 3148 6268 3260 6269 3261 6269 3149 6269 3261 6270 3262 6270 3148 6270 3148 6271 3262 6271 3146 6271 3262 6272 3263 6272 3146 6272 3146 6273 3263 6273 3142 6273 3142 6274 3263 6274 3143 6274 3263 6275 3264 6275 3143 6275 3264 6276 3265 6276 3143 6276 3143 6277 3265 6277 3140 6277 3140 6278 3265 6278 3137 6278 3265 6279 3266 6279 3137 6279 3137 6280 3267 6280 3138 6280 3266 6281 3267 6281 3137 6281 3138 6282 3268 6282 3134 6282 3267 6283 3268 6283 3138 6283 3134 6284 3269 6284 3132 6284 3132 6285 3269 6285 3131 6285 3268 6286 3269 6286 3134 6286 3269 6287 3270 6287 3131 6287 3131 6288 3271 6288 3128 6288 3128 6289 3271 6289 3126 6289 3270 6290 3271 6290 3131 6290 3271 6291 3272 6291 3126 6291 3126 6292 3273 6292 3122 6292 3272 6293 3273 6293 3126 6293 3122 6294 3274 6294 3123 6294 3123 6295 3274 6295 3120 6295 3273 6296 3274 6296 3122 6296 3120 6297 3275 6297 3118 6297 3274 6298 3275 6298 3120 6298 3275 6299 3151 6299 3118 6299 3229 6300 3276 6300 3277 6300 3228 6301 3276 6301 3229 6301 3230 6302 3229 6302 3277 6302 3230 6303 3277 6303 3278 6303 3230 6304 3278 6304 3279 6304 3227 6305 3280 6305 3276 6305 3227 6306 3276 6306 3228 6306 3231 6307 3230 6307 3279 6307 3226 6308 3280 6308 3227 6308 3226 6309 3281 6309 3280 6309 3232 6310 3231 6310 3279 6310 3232 6311 3279 6311 3282 6311 3225 6312 3281 6312 3226 6312 3225 6313 3283 6313 3281 6313 3233 6314 3232 6314 3282 6314 3233 6315 3282 6315 3284 6315 3233 6316 3284 6316 3285 6316 3224 6317 3283 6317 3225 6317 3224 6318 3286 6318 3283 6318 3234 6319 3233 6319 3285 6319 3234 6320 3285 6320 3287 6320 3223 6321 3286 6321 3224 6321 3223 6322 3288 6322 3289 6322 3223 6323 3289 6323 3286 6323 3235 6324 3234 6324 3287 6324 3235 6325 3287 6325 3290 6325 3222 6326 3288 6326 3223 6326 3236 6327 3235 6327 3290 6327 3221 6328 3288 6328 3222 6328 3221 6329 3291 6329 3288 6329 3237 6330 3236 6330 3290 6330 3237 6331 3290 6331 3292 6331 3220 6332 3291 6332 3221 6332 3220 6333 3293 6333 3294 6333 3220 6334 3294 6334 3291 6334 3238 6335 3237 6335 3292 6335 3238 6336 3292 6336 3295 6336 3219 6337 3293 6337 3220 6337 3239 6338 3238 6338 3295 6338 3239 6339 3295 6339 3296 6339 3239 6340 3296 6340 3297 6340 3218 6341 3293 6341 3219 6341 3218 6342 3298 6342 3293 6342 3240 6343 3239 6343 3297 6343 3217 6344 3298 6344 3218 6344 3217 6345 3299 6345 3300 6345 3217 6346 3300 6346 3298 6346 3241 6347 3240 6347 3297 6347 3241 6348 3297 6348 3301 6348 3216 6349 3299 6349 3217 6349 3242 6350 3241 6350 3301 6350 3242 6351 3301 6351 3302 6351 3215 6352 3303 6352 3299 6352 3215 6353 3299 6353 3216 6353 3243 6354 3242 6354 3302 6354 3243 6355 3302 6355 3304 6355 3214 6356 3305 6356 3303 6356 3214 6357 3303 6357 3215 6357 3244 6358 3243 6358 3304 6358 3244 6359 3304 6359 3306 6359 3213 6360 3305 6360 3214 6360 3213 6361 3307 6361 3305 6361 3245 6362 3244 6362 3306 6362 3245 6363 3306 6363 3308 6363 3212 6364 3307 6364 3213 6364 3212 6365 3309 6365 3310 6365 3212 6366 3310 6366 3307 6366 3246 6367 3245 6367 3308 6367 3246 6368 3308 6368 3311 6368 3211 6369 3309 6369 3212 6369 3247 6370 3311 6370 3312 6370 3247 6371 3312 6371 3313 6371 3247 6372 3246 6372 3311 6372 3210 6373 3314 6373 3309 6373 3210 6374 3309 6374 3211 6374 3248 6375 3247 6375 3313 6375 3209 6376 3314 6376 3210 6376 3209 6377 3315 6377 3314 6377 3249 6378 3248 6378 3313 6378 3249 6379 3313 6379 3316 6379 3208 6380 3317 6380 3315 6380 3208 6381 3315 6381 3209 6381 3250 6382 3249 6382 3316 6382 3250 6383 3316 6383 3318 6383 3207 6384 3317 6384 3208 6384 3207 6385 3319 6385 3317 6385 3251 6386 3318 6386 3320 6386 3251 6387 3250 6387 3318 6387 3206 6388 3319 6388 3207 6388 3206 6389 3321 6389 3322 6389 3206 6390 3322 6390 3319 6390 3252 6391 3320 6391 3323 6391 3252 6392 3251 6392 3320 6392 3205 6393 3321 6393 3206 6393 3253 6394 3323 6394 3324 6394 3253 6395 3252 6395 3323 6395 3204 6396 3321 6396 3205 6396 3204 6397 3325 6397 3321 6397 3254 6398 3324 6398 3326 6398 3254 6399 3253 6399 3324 6399 3203 6400 3325 6400 3204 6400 3203 6401 3327 6401 3328 6401 3203 6402 3328 6402 3325 6402 3255 6403 3326 6403 3329 6403 3255 6404 3329 6404 3330 6404 3255 6405 3254 6405 3326 6405 3202 6406 3327 6406 3203 6406 3256 6407 3255 6407 3330 6407 3201 6408 3331 6408 3327 6408 3201 6409 3327 6409 3202 6409 3257 6410 3330 6410 3332 6410 3257 6411 3256 6411 3330 6411 3200 6412 3333 6412 3331 6412 3200 6413 3331 6413 3201 6413 3334 6414 3333 6414 3200 6414 3258 6415 3332 6415 3335 6415 3258 6416 3257 6416 3332 6416 3199 6417 3334 6417 3200 6417 3259 6418 3335 6418 3336 6418 3259 6419 3258 6419 3335 6419 3198 6420 3337 6420 3334 6420 3198 6421 3334 6421 3199 6421 3260 6422 3336 6422 3338 6422 3260 6423 3259 6423 3336 6423 3339 6424 3198 6424 3197 6424 3339 6425 3337 6425 3198 6425 3340 6426 3261 6426 3260 6426 3340 6427 3260 6427 3338 6427 3341 6428 3339 6428 3197 6428 3341 6429 3197 6429 3196 6429 3262 6430 3261 6430 3340 6430 3342 6431 3262 6431 3340 6431 3263 6432 3262 6432 3342 6432 3343 6433 3196 6433 3195 6433 3343 6434 3341 6434 3196 6434 3344 6435 3263 6435 3342 6435 3345 6436 3343 6436 3195 6436 3345 6437 3195 6437 3194 6437 3346 6438 3263 6438 3344 6438 3346 6439 3264 6439 3263 6439 3347 6440 3345 6440 3194 6440 3347 6441 3194 6441 3193 6441 3348 6442 3265 6442 3264 6442 3348 6443 3264 6443 3346 6443 3349 6444 3347 6444 3193 6444 3349 6445 3193 6445 3192 6445 3350 6446 3265 6446 3348 6446 3350 6447 3266 6447 3265 6447 3351 6448 3349 6448 3192 6448 3351 6449 3192 6449 3191 6449 3352 6450 3267 6450 3266 6450 3352 6451 3266 6451 3350 6451 3353 6452 3351 6452 3191 6452 3353 6453 3191 6453 3190 6453 3354 6454 3268 6454 3267 6454 3354 6455 3267 6455 3352 6455 3355 6456 3190 6456 3189 6456 3355 6457 3353 6457 3190 6457 3356 6458 3269 6458 3268 6458 3356 6459 3270 6459 3269 6459 3356 6460 3268 6460 3354 6460 3357 6461 3189 6461 3188 6461 3357 6462 3355 6462 3189 6462 3358 6463 3270 6463 3356 6463 3359 6464 3357 6464 3188 6464 3359 6465 3187 6465 3186 6465 3359 6466 3188 6466 3187 6466 3360 6467 3271 6467 3270 6467 3360 6468 3270 6468 3358 6468 3361 6469 3359 6469 3186 6469 3362 6470 3272 6470 3271 6470 3362 6471 3271 6471 3360 6471 3363 6472 3361 6472 3186 6472 3363 6473 3186 6473 3185 6473 3364 6474 3272 6474 3362 6474 3364 6475 3273 6475 3272 6475 3364 6476 3274 6476 3273 6476 3365 6477 3363 6477 3185 6477 3365 6478 3185 6478 3184 6478 3366 6479 3274 6479 3364 6479 3367 6480 3365 6480 3184 6480 3367 6481 3183 6481 3182 6481 3367 6482 3184 6482 3183 6482 3368 6483 3274 6483 3366 6483 3368 6484 3275 6484 3274 6484 3369 6485 3367 6485 3182 6485 3369 6486 3182 6486 3181 6486 3370 6487 3275 6487 3368 6487 3370 6488 3151 6488 3275 6488 3371 6489 3369 6489 3181 6489 3372 6490 3150 6490 3151 6490 3372 6491 3152 6491 3150 6491 3372 6492 3151 6492 3370 6492 3373 6493 3371 6493 3181 6493 3373 6494 3180 6494 3179 6494 3373 6495 3181 6495 3180 6495 3374 6496 3153 6496 3152 6496 3374 6497 3152 6497 3372 6497 3375 6498 3373 6498 3179 6498 3376 6499 3153 6499 3374 6499 3377 6500 3375 6500 3179 6500 3377 6501 3179 6501 3178 6501 3378 6502 3154 6502 3153 6502 3378 6503 3153 6503 3376 6503 3379 6504 3377 6504 3178 6504 3379 6505 3178 6505 3177 6505 3380 6506 3155 6506 3154 6506 3380 6507 3154 6507 3378 6507 3381 6508 3379 6508 3177 6508 3381 6509 3176 6509 3175 6509 3381 6510 3177 6510 3176 6510 3382 6511 3156 6511 3155 6511 3382 6512 3155 6512 3380 6512 3383 6513 3381 6513 3175 6513 3384 6514 3156 6514 3382 6514 3384 6515 3157 6515 3156 6515 3385 6516 3383 6516 3175 6516 3385 6517 3175 6517 3174 6517 3386 6518 3158 6518 3157 6518 3386 6519 3157 6519 3384 6519 3387 6520 3385 6520 3174 6520 3387 6521 3173 6521 3172 6521 3387 6522 3174 6522 3173 6522 3388 6523 3159 6523 3158 6523 3388 6524 3160 6524 3159 6524 3388 6525 3158 6525 3386 6525 3389 6526 3387 6526 3172 6526 3390 6527 3160 6527 3388 6527 3391 6528 3171 6528 3170 6528 3391 6529 3172 6529 3171 6529 3391 6530 3389 6530 3172 6530 3392 6531 3160 6531 3390 6531 3392 6532 3161 6532 3160 6532 3392 6533 3162 6533 3161 6533 3393 6534 3391 6534 3170 6534 3393 6535 3170 6535 3169 6535 3394 6536 3162 6536 3392 6536 3395 6537 3393 6537 3169 6537 3396 6538 3162 6538 3394 6538 3396 6539 3163 6539 3162 6539 3397 6540 3395 6540 3169 6540 3397 6541 3168 6541 3167 6541 3397 6542 3169 6542 3168 6542 3398 6543 3163 6543 3396 6543 3398 6544 3164 6544 3163 6544 3398 6545 3165 6545 3164 6545 3399 6546 3397 6546 3167 6546 3400 6547 3166 6547 3165 6547 3400 6548 3165 6548 3398 6548 3401 6549 3167 6549 3166 6549 3401 6550 3399 6550 3167 6550 3401 6551 3166 6551 3400 6551 3370 6552 3402 6552 3372 6552 3402 6553 3403 6553 3372 6553 3372 6554 3404 6554 3374 6554 3403 6555 3404 6555 3372 6555 3374 6556 3405 6556 3376 6556 3404 6557 3405 6557 3374 6557 3376 6558 3406 6558 3378 6558 3405 6559 3406 6559 3376 6559 3378 6560 3407 6560 3380 6560 3406 6561 3407 6561 3378 6561 3380 6562 3408 6562 3382 6562 3407 6563 3408 6563 3380 6563 3382 6564 3409 6564 3384 6564 3384 6565 3409 6565 3386 6565 3408 6566 3409 6566 3382 6566 3409 6567 3410 6567 3386 6567 3386 6568 3411 6568 3388 6568 3410 6569 3411 6569 3386 6569 3388 6570 3412 6570 3390 6570 3390 6571 3412 6571 3392 6571 3411 6572 3412 6572 3388 6572 3412 6573 3413 6573 3392 6573 3413 6574 3414 6574 3392 6574 3392 6575 3414 6575 3394 6575 3394 6576 3414 6576 3396 6576 3414 6577 3415 6577 3396 6577 3396 6578 3416 6578 3398 6578 3415 6579 3416 6579 3396 6579 3398 6580 3416 6580 3400 6580 3416 6581 3417 6581 3400 6581 3417 6582 3418 6582 3400 6582 3400 6583 3418 6583 3401 6583 3401 6584 3419 6584 3399 6584 3418 6585 3419 6585 3401 6585 3399 6586 3420 6586 3397 6586 3397 6587 3420 6587 3395 6587 3419 6588 3420 6588 3399 6588 3420 6589 3421 6589 3395 6589 3395 6590 3422 6590 3393 6590 3421 6591 3422 6591 3395 6591 3393 6592 3423 6592 3391 6592 3422 6593 3423 6593 3393 6593 3391 6594 3424 6594 3389 6594 3423 6595 3424 6595 3391 6595 3389 6596 3425 6596 3387 6596 3387 6597 3425 6597 3385 6597 3424 6598 3425 6598 3389 6598 3425 6599 3426 6599 3385 6599 3385 6600 3427 6600 3383 6600 3426 6601 3427 6601 3385 6601 3383 6602 3428 6602 3381 6602 3427 6603 3428 6603 3383 6603 3381 6604 3429 6604 3379 6604 3379 6605 3429 6605 3377 6605 3428 6606 3429 6606 3381 6606 3429 6607 3430 6607 3377 6607 3377 6608 3431 6608 3375 6608 3375 6609 3431 6609 3373 6609 3430 6610 3431 6610 3377 6610 3431 6611 3432 6611 3373 6611 3373 6612 3433 6612 3371 6612 3432 6613 3433 6613 3373 6613 3371 6614 3434 6614 3369 6614 3369 6615 3434 6615 3367 6615 3433 6616 3434 6616 3371 6616 3434 6617 3435 6617 3367 6617 3367 6618 3436 6618 3365 6618 3365 6619 3436 6619 3363 6619 3435 6620 3436 6620 3367 6620 3436 6621 3437 6621 3363 6621 3437 6622 3438 6622 3363 6622 3363 6623 3438 6623 3361 6623 3361 6624 3438 6624 3359 6624 3438 6625 3439 6625 3359 6625 3439 6626 3440 6626 3359 6626 3359 6627 3440 6627 3357 6627 3440 6628 3441 6628 3357 6628 3357 6629 3441 6629 3355 6629 3355 6630 3441 6630 3353 6630 3441 6631 3442 6631 3353 6631 3442 6632 3443 6632 3353 6632 3353 6633 3443 6633 3351 6633 3443 6634 3444 6634 3351 6634 3351 6635 3444 6635 3349 6635 3349 6636 3444 6636 3347 6636 3444 6637 3445 6637 3347 6637 3445 6638 3446 6638 3347 6638 3347 6639 3446 6639 3345 6639 3446 6640 3447 6640 3345 6640 3345 6641 3447 6641 3343 6641 3343 6642 3447 6642 3341 6642 3447 6643 3448 6643 3341 6643 3448 6644 3449 6644 3341 6644 3341 6645 3449 6645 3339 6645 3339 6646 3449 6646 3337 6646 3449 6647 3450 6647 3337 6647 3337 6648 3451 6648 3334 6648 3450 6649 3451 6649 3337 6649 3334 6650 3451 6650 3333 6650 3451 6651 3452 6651 3333 6651 3333 6652 3453 6652 3331 6652 3331 6653 3453 6653 3327 6653 3452 6654 3453 6654 3333 6654 3453 6655 3454 6655 3327 6655 3327 6656 3455 6656 3328 6656 3328 6657 3455 6657 3325 6657 3454 6658 3455 6658 3327 6658 3455 6659 3456 6659 3325 6659 3325 6660 3457 6660 3321 6660 3456 6661 3457 6661 3325 6661 3321 6662 3458 6662 3322 6662 3322 6663 3458 6663 3319 6663 3457 6664 3458 6664 3321 6664 3458 6665 3459 6665 3319 6665 3319 6666 3460 6666 3317 6666 3317 6667 3460 6667 3315 6667 3459 6668 3460 6668 3319 6668 3460 6669 3461 6669 3315 6669 3315 6670 3462 6670 3314 6670 3461 6671 3462 6671 3315 6671 3314 6672 3463 6672 3309 6672 3309 6673 3463 6673 3310 6673 3462 6674 3463 6674 3314 6674 3463 6675 3464 6675 3310 6675 3464 6676 3465 6676 3310 6676 3310 6677 3465 6677 3307 6677 3307 6678 3465 6678 3305 6678 3465 6679 3466 6679 3305 6679 3305 6680 3466 6680 3303 6680 3466 6681 3467 6681 3303 6681 3467 6682 3468 6682 3303 6682 3303 6683 3468 6683 3299 6683 3299 6684 3468 6684 3300 6684 3468 6685 3469 6685 3300 6685 3300 6686 3469 6686 3298 6686 3469 6687 3470 6687 3298 6687 3470 6688 3471 6688 3298 6688 3298 6689 3471 6689 3293 6689 3293 6690 3471 6690 3294 6690 3471 6691 3472 6691 3294 6691 3472 6692 3473 6692 3294 6692 3294 6693 3473 6693 3291 6693 3473 6694 3474 6694 3291 6694 3291 6695 3474 6695 3288 6695 3288 6696 3474 6696 3289 6696 3474 6697 3475 6697 3289 6697 3289 6698 3475 6698 3286 6698 3475 6699 3476 6699 3286 6699 3476 6700 3477 6700 3286 6700 3286 6701 3477 6701 3283 6701 3283 6702 3477 6702 3281 6702 3477 6703 3478 6703 3281 6703 3478 6704 3479 6704 3281 6704 3281 6705 3479 6705 3280 6705 3280 6706 3479 6706 3276 6706 3479 6707 3480 6707 3276 6707 3276 6708 3480 6708 3277 6708 3480 6709 3481 6709 3277 6709 3481 6710 3482 6710 3277 6710 3277 6711 3482 6711 3278 6711 3278 6712 3482 6712 3279 6712 3482 6713 3483 6713 3279 6713 3483 6714 3484 6714 3279 6714 3279 6715 3484 6715 3282 6715 3282 6716 3485 6716 3284 6716 3284 6717 3485 6717 3285 6717 3484 6718 3485 6718 3282 6718 3485 6719 3486 6719 3285 6719 3285 6720 3487 6720 3287 6720 3287 6721 3487 6721 3290 6721 3486 6722 3487 6722 3285 6722 3290 6723 3488 6723 3292 6723 3487 6724 3488 6724 3290 6724 3488 6725 3489 6725 3292 6725 3292 6726 3489 6726 3295 6726 3489 6727 3490 6727 3295 6727 3295 6728 3490 6728 3296 6728 3490 6729 3491 6729 3296 6729 3296 6730 3491 6730 3297 6730 3491 6731 3492 6731 3297 6731 3492 6732 3493 6732 3297 6732 3297 6733 3493 6733 3301 6733 3301 6734 3493 6734 3302 6734 3493 6735 3494 6735 3302 6735 3302 6736 3494 6736 3304 6736 3494 6737 3495 6737 3304 6737 3495 6738 3496 6738 3304 6738 3304 6739 3496 6739 3306 6739 3496 6740 3497 6740 3306 6740 3306 6741 3497 6741 3308 6741 3497 6742 3498 6742 3308 6742 3308 6743 3498 6743 3311 6743 3498 6744 3499 6744 3311 6744 3311 6745 3499 6745 3312 6745 3499 6746 3500 6746 3312 6746 3312 6747 3500 6747 3313 6747 3313 6748 3500 6748 3316 6748 3500 6749 3501 6749 3316 6749 3501 6750 3502 6750 3316 6750 3316 6751 3502 6751 3318 6751 3318 6752 3503 6752 3320 6752 3502 6753 3503 6753 3318 6753 3320 6754 3504 6754 3323 6754 3323 6755 3504 6755 3324 6755 3503 6756 3504 6756 3320 6756 3504 6757 3505 6757 3324 6757 3324 6758 3506 6758 3326 6758 3326 6759 3506 6759 3329 6759 3505 6760 3506 6760 3324 6760 3506 6761 3507 6761 3329 6761 3329 6762 3508 6762 3330 6762 3507 6763 3508 6763 3329 6763 3330 6764 3509 6764 3332 6764 3508 6765 3509 6765 3330 6765 3332 6766 3510 6766 3335 6766 3509 6767 3510 6767 3332 6767 3335 6768 3511 6768 3336 6768 3510 6769 3511 6769 3335 6769 3336 6770 3512 6770 3338 6770 3338 6771 3512 6771 3340 6771 3511 6772 3512 6772 3336 6772 3512 6773 3513 6773 3340 6773 3513 6774 3514 6774 3340 6774 3340 6775 3514 6775 3342 6775 3514 6776 3515 6776 3342 6776 3342 6777 3515 6777 3344 6777 3344 6778 3515 6778 3346 6778 3515 6779 3516 6779 3346 6779 3516 6780 3517 6780 3346 6780 3346 6781 3517 6781 3348 6781 3348 6782 3518 6782 3350 6782 3517 6783 3518 6783 3348 6783 3350 6784 3519 6784 3352 6784 3518 6785 3519 6785 3350 6785 3352 6786 3520 6786 3354 6786 3519 6787 3520 6787 3352 6787 3354 6788 3521 6788 3356 6788 3520 6789 3521 6789 3354 6789 3356 6790 3522 6790 3358 6790 3521 6791 3522 6791 3356 6791 3358 6792 3523 6792 3360 6792 3522 6793 3523 6793 3358 6793 3360 6794 3524 6794 3362 6794 3523 6795 3524 6795 3360 6795 3362 6796 3525 6796 3364 6796 3364 6797 3525 6797 3366 6797 3524 6798 3525 6798 3362 6798 3525 6799 3526 6799 3366 6799 3366 6800 3527 6800 3368 6800 3526 6801 3527 6801 3366 6801 3527 6802 3402 6802 3368 6802 3368 6803 3402 6803 3370 6803 2617 6804 3450 6804 3449 6804 2617 6805 3449 6805 2615 6805 2613 6806 3449 6806 3448 6806 2613 6807 2615 6807 3449 6807 2619 6808 3450 6808 2617 6808 2619 6809 3451 6809 3450 6809 2611 6810 2613 6810 3448 6810 2611 6811 3448 6811 3447 6811 2621 6812 3452 6812 3451 6812 2621 6813 3451 6813 2619 6813 2608 6814 2611 6814 3447 6814 2608 6815 3447 6815 3446 6815 2623 6816 3452 6816 2621 6816 2623 6817 3453 6817 3452 6817 2606 6818 3446 6818 3445 6818 2606 6819 2608 6819 3446 6819 2625 6820 3453 6820 2623 6820 2625 6821 3454 6821 3453 6821 2605 6822 2606 6822 3445 6822 2605 6823 3445 6823 3444 6823 2627 6824 3455 6824 3454 6824 2627 6825 3454 6825 2625 6825 2602 6826 2605 6826 3444 6826 2602 6827 3444 6827 3443 6827 2629 6828 3455 6828 2627 6828 2629 6829 3456 6829 3455 6829 2601 6830 2602 6830 3443 6830 2601 6831 3443 6831 3442 6831 2631 6832 3457 6832 3456 6832 2631 6833 3456 6833 2629 6833 2598 6834 3441 6834 3440 6834 2598 6835 3442 6835 3441 6835 2598 6836 2601 6836 3442 6836 2633 6837 3457 6837 2631 6837 2633 6838 3458 6838 3457 6838 2633 6839 3459 6839 3458 6839 2597 6840 2598 6840 3440 6840 2634 6841 3459 6841 2633 6841 2595 6842 3439 6842 3438 6842 2595 6843 3440 6843 3439 6843 2595 6844 2597 6844 3440 6844 2637 6845 3459 6845 2634 6845 2637 6846 3460 6846 3459 6846 2592 6847 2595 6847 3438 6847 2639 6848 3460 6848 2637 6848 2639 6849 3461 6849 3460 6849 2591 6850 3438 6850 3437 6850 2591 6851 2592 6851 3438 6851 2641 6852 3462 6852 3461 6852 2641 6853 3461 6853 2639 6853 2589 6854 3437 6854 3436 6854 2589 6855 2591 6855 3437 6855 2643 6856 3463 6856 3462 6856 2643 6857 3462 6857 2641 6857 2587 6858 2589 6858 3436 6858 2587 6859 3435 6859 3434 6859 2587 6860 3436 6860 3435 6860 2645 6861 3463 6861 2643 6861 2645 6862 3464 6862 3463 6862 2584 6863 2587 6863 3434 6863 2647 6864 3465 6864 3464 6864 2647 6865 3464 6865 2645 6865 2583 6866 3434 6866 3433 6866 2583 6867 2584 6867 3434 6867 2649 6868 3466 6868 3465 6868 2649 6869 3467 6869 3466 6869 2649 6870 3465 6870 2647 6870 2580 6871 3433 6871 3432 6871 2580 6872 2583 6872 3433 6872 2651 6873 3467 6873 2649 6873 2579 6874 2580 6874 3432 6874 2579 6875 3432 6875 3431 6875 2653 6876 3467 6876 2651 6876 2653 6877 3468 6877 3467 6877 2576 6878 3430 6878 3429 6878 2576 6879 3431 6879 3430 6879 2576 6880 2579 6880 3431 6880 2655 6881 3469 6881 3468 6881 2655 6882 3468 6882 2653 6882 2574 6883 2576 6883 3429 6883 2656 6884 3469 6884 2655 6884 2656 6885 3470 6885 3469 6885 2656 6886 3471 6886 3470 6886 2573 6887 2574 6887 3429 6887 2573 6888 3429 6888 3428 6888 2659 6889 3471 6889 2656 6889 2571 6890 3428 6890 3427 6890 2571 6891 2573 6891 3428 6891 2660 6892 3471 6892 2659 6892 2660 6893 3472 6893 3471 6893 2569 6894 2571 6894 3427 6894 2569 6895 3427 6895 3426 6895 2663 6896 3472 6896 2660 6896 2663 6897 3473 6897 3472 6897 2663 6898 3474 6898 3473 6898 2566 6899 3426 6899 3425 6899 2566 6900 2569 6900 3426 6900 2665 6901 3474 6901 2663 6901 2665 6902 3475 6902 3474 6902 2565 6903 3425 6903 3424 6903 2565 6904 2566 6904 3425 6904 2667 6905 3475 6905 2665 6905 2667 6906 3476 6906 3475 6906 2563 6907 3424 6907 3423 6907 2563 6908 2565 6908 3424 6908 2668 6909 3476 6909 2667 6909 2561 6910 3423 6910 3422 6910 2561 6911 2563 6911 3423 6911 2671 6912 3476 6912 2668 6912 2671 6913 3477 6913 3476 6913 2559 6914 3422 6914 3421 6914 2559 6915 2561 6915 3422 6915 3420 6916 2559 6916 3421 6916 2673 6917 3477 6917 2671 6917 2673 6918 3478 6918 3477 6918 2557 6919 2559 6919 3420 6919 2675 6920 3478 6920 2673 6920 2675 6921 3479 6921 3478 6921 2555 6922 3420 6922 3419 6922 2555 6923 2557 6923 3420 6923 2676 6924 3479 6924 2675 6924 2676 6925 3480 6925 3479 6925 2553 6926 3419 6926 3418 6926 2553 6927 2555 6927 3419 6927 3481 6928 2676 6928 2678 6928 3481 6929 3480 6929 2676 6929 3417 6930 2551 6930 2553 6930 3417 6931 2553 6931 3418 6931 3482 6932 2678 6932 2681 6932 3482 6933 3481 6933 2678 6933 3416 6934 2551 6934 3417 6934 3416 6935 2549 6935 2551 6935 2547 6936 2549 6936 3416 6936 3483 6937 2681 6937 2683 6937 3483 6938 3482 6938 2681 6938 2685 6939 3483 6939 2683 6939 3415 6940 2547 6940 3416 6940 3484 6941 3483 6941 2685 6941 3414 6942 2547 6942 3415 6942 3414 6943 2545 6943 2547 6943 3485 6944 2685 6944 2687 6944 3485 6945 3484 6945 2685 6945 3413 6946 2543 6946 2545 6946 3413 6947 2545 6947 3414 6947 3486 6948 2687 6948 2688 6948 3486 6949 2688 6949 2690 6949 3486 6950 3485 6950 2687 6950 3412 6951 2543 6951 3413 6951 3412 6952 2539 6952 2540 6952 3412 6953 2540 6953 2543 6953 3487 6954 3486 6954 2690 6954 3411 6955 2539 6955 3412 6955 3488 6956 2690 6956 2693 6956 3488 6957 3487 6957 2690 6957 3410 6958 2536 6958 2539 6958 3410 6959 2539 6959 3411 6959 3489 6960 2693 6960 2694 6960 3489 6961 3488 6961 2693 6961 3409 6962 2535 6962 2536 6962 3409 6963 2536 6963 3410 6963 3490 6964 2694 6964 2697 6964 3490 6965 2697 6965 2699 6965 3490 6966 3489 6966 2694 6966 3408 6967 2533 6967 2535 6967 3408 6968 2535 6968 3409 6968 3491 6969 3490 6969 2699 6969 3407 6970 2530 6970 2533 6970 3407 6971 2533 6971 3408 6971 3492 6972 2699 6972 2701 6972 3492 6973 3491 6973 2699 6973 3406 6974 2529 6974 2530 6974 3406 6975 2530 6975 3407 6975 3493 6976 2701 6976 2703 6976 3493 6977 3492 6977 2701 6977 3405 6978 2529 6978 3406 6978 3405 6979 2525 6979 2527 6979 3405 6980 2527 6980 2529 6980 3494 6981 2703 6981 2705 6981 3494 6982 2705 6982 2706 6982 3494 6983 3493 6983 2703 6983 3404 6984 2522 6984 2525 6984 3404 6985 2525 6985 3405 6985 3495 6986 3494 6986 2706 6986 3403 6987 2522 6987 3404 6987 3496 6988 2706 6988 2709 6988 3496 6989 3495 6989 2706 6989 3402 6990 2522 6990 3403 6990 3402 6991 2520 6991 2522 6991 3497 6992 2709 6992 2710 6992 3497 6993 3496 6993 2709 6993 3527 6994 2520 6994 3402 6994 3527 6995 2770 6995 2520 6995 3498 6996 2710 6996 2713 6996 3498 6997 3497 6997 2710 6997 3526 6998 2767 6998 2769 6998 3526 6999 2769 6999 2770 6999 3526 7000 2770 7000 3527 7000 3499 7001 2713 7001 2714 7001 3499 7002 3498 7002 2713 7002 3525 7003 2767 7003 3526 7003 3525 7004 2765 7004 2767 7004 3500 7005 2714 7005 2717 7005 3500 7006 2717 7006 2719 7006 3500 7007 3499 7007 2714 7007 3524 7008 2765 7008 3525 7008 3524 7009 2763 7009 2765 7009 3501 7010 3500 7010 2719 7010 3523 7011 2763 7011 3524 7011 3502 7012 2719 7012 2720 7012 3502 7013 3501 7013 2719 7013 3522 7014 2759 7014 2761 7014 3522 7015 2761 7015 2763 7015 3522 7016 2763 7016 3523 7016 3503 7017 2720 7017 2723 7017 3503 7018 3502 7018 2720 7018 3521 7019 2759 7019 3522 7019 3504 7020 3503 7020 2723 7020 3504 7021 2723 7021 2725 7021 3520 7022 2757 7022 2759 7022 3520 7023 2759 7023 3521 7023 3505 7024 2725 7024 2727 7024 3505 7025 2727 7025 2729 7025 3505 7026 3504 7026 2725 7026 3519 7027 2757 7027 3520 7027 3519 7028 2755 7028 2757 7028 3506 7029 2729 7029 2731 7029 3506 7030 3505 7030 2729 7030 3518 7031 2755 7031 3519 7031 3518 7032 2751 7032 2753 7032 3518 7033 2753 7033 2755 7033 3507 7034 3506 7034 2731 7034 3517 7035 2751 7035 3518 7035 3508 7036 3507 7036 2731 7036 3508 7037 2731 7037 2733 7037 3516 7038 2751 7038 3517 7038 3516 7039 2749 7039 2751 7039 3509 7040 2733 7040 2735 7040 3509 7041 3508 7041 2733 7041 3515 7042 2747 7042 2749 7042 3515 7043 2749 7043 3516 7043 3510 7044 2735 7044 2737 7044 3510 7045 3509 7045 2735 7045 3514 7046 2747 7046 3515 7046 3514 7047 2743 7047 2745 7047 3514 7048 2745 7048 2747 7048 3511 7049 2737 7049 2739 7049 3511 7050 3510 7050 2737 7050 3513 7051 2743 7051 3514 7051 3512 7052 2739 7052 2741 7052 3512 7053 2743 7053 3513 7053 3512 7054 2741 7054 2743 7054 3512 7055 3511 7055 2739 7055</p>
        </triangles>
      </mesh>
    </geometry>
  </library_geometries>
  <library_materials>
    <material id="mat_Wheel__L__shape004" name="Wheel__L__shape004">
      <instance_effect url="#effect_Wheel__L__shape004"/>
    </material>
  </library_materials>
  <library_visual_scenes>
    <visual_scene id="myscene">
      <node id="node0" name="node0">
        <instance_geometry url="#geometry0">
          <bind_material>
            <technique_common>
              <instance_material symbol="ref_Wheel__L__shape004" target="#mat_Wheel__L__shape004"/>
            </technique_common>
          </bind_material>
        </instance_geometry>
      </node>
    </visual_scene>
  </library_visual_scenes>
  <scene>
    <instance_visual_scene url="#myscene"/>
  </scene>
</COLLADA>
