<COLLADA xmlns="http://www.collada.org/2005/11/COLLADASchema" version="1.4.1">
  <asset>
    <contributor/>
    <created>2026-10-01T22:28:54.972978</created>
    <modified>2026-10-01T22:28:54.972987</modified>
    <unit name="meter" meter="1.0"/>
    <up_axis>Z_UP</up_axis>
  </asset>
  <library_effects>
    <effect id="effect_Wheel__R__shape004" name="effect_Wheel__R__shape004">
      <profile_COMMON>
        <technique sid="common">
          <phong>
            <emission>
              <color>0.0 0.0 0.0 1.0</color>
            </emission>
            <ambient>
              <color>0.0 0.0 0.0 1.0</color>
            </ambient>
            <diffuse>
              <color>0.6784313917160034 0.7098039388656616 0.7411764860153198 1.0</color>
            </diffuse>
            <specular>
              <color>1 1 1 1.0</color>
            </specular>
            <shininess>
              <float>0.0</float>
            </shininess>
            <reflective>
              <color>0.0 0.0 0.0 1.0</color>
            </reflective>
            <reflectivity>
              <float>0.0</float>
            </reflectivity>
            <transparent>
              <color>0.0 0.0 0.0 1.0</color>
            </transparent>
            <transparency>
              <float>1.0</float>
            </transparency>
          </phong>
        </technique>
        <extra>
          <technique profile="GOOGLEEARTH">
            <double_sided>0</double_sided>
          </technique>
        </extra>
      </profile_COMMON>
    </effect>
  </library_effects>
  <library_geometries>
    <geometry id="geometry0" name="Wheel__R__shape004">
      <mesh>
        <source id="cubeverts-array0">
          <float_array count="10584" id="cubeverts-array0-array">0.07134543 -0.131 -0.0007261799 0.07055865 -0.131 -0.002564924 0.06947054 -0.131 -0.002066883 0.07167023 -0.131 -0.003008108 0.07236438 -0.131 -0.001132432 0.07034799 -0.131 -0.0002696423 0.07340231 -0.131 -0.001487389 0.07280252 -0.131 -0.003395333 0.06937456 -0.131 0.0002360458 0.06840861 -0.131 -0.001515223 0.0673755 -0.131 -0.0009113159 0.07445665 -0.131 -0.001790167 0.07395271 -0.131 -0.003725637 0.07511793 -0.131 -0.003998199 0.06842754 -0.131 0.0007896271 0.07552477 -0.131 -0.002040015 0.06750928 -0.131 0.001389725 0.06637376 -0.131 -0.0002566633 0.06540591 -0.131 0.0004471075 0.07660401 -0.131 -0.002236312 0.07629528 -0.131 -0.00421234 0.06662209 -0.131 0.002034848 0.0776917 -0.131 -0.002378568 0.07748185 -0.131 -0.004367528 0.07867467 -0.131 -0.004463379 0.06576815 -0.131 0.002723393 0.06447435 -0.131 0.001198247 0.07878512 -0.131 -0.002466431 0.0649496 -0.131 0.003453646 0.06358138 -0.131 0.001994887 0.07988157 -0.131 -0.002499681 0.0798708 -0.131 -0.004499652 0.06416846 -0.131 0.004223794 0.06272923 -0.131 0.002835048 0.06192002 -0.131 0.00371664 0.08097831 -0.131 -0.002478237 0.08106725 -0.131 -0.004476259 0.08226104 -0.131 -0.004393257 0.06342669 -0.131 0.00503192 0.08207262 -0.131 -0.002402152 0.06272612 -0.131 0.005876017 0.06115576 -0.131 0.004637473 0.06043835 -0.131 0.005595256 0.08316177 -0.131 -0.002271614 0.08344921 -0.131 -0.004250852 0.06206849 -0.131 0.006753984 0.05976957 -0.131 0.006587608 0.08424306 -0.131 -0.002086949 0.0846288 -0.131 -0.004049399 0.08579689 -0.131 -0.003789398 0.06145544 -0.131 0.007663641 0.05915109 -0.131 0.007612063 0.08531381 -0.131 -0.001848615 0.0608885 -0.131 0.008602724 0.05858445 -0.131 0.008666073 0.08637135 -0.131 -0.001557205 0.08695056 -0.131 -0.003471497 0.06036908 -0.131 0.0095689 0.05807104 -0.131 0.009747018 0.08741305 -0.131 -0.001213444 0.08808696 -0.131 -0.003096484 0.05989845 -0.131 0.01055977 0.05761215 -0.131 0.01085221 0.08843631 -0.131 -0.0008181859 0.08920325 -0.131 -0.002665294 0.05947781 -0.131 0.01157286 0.0894386 -0.131 -0.0003724135 0.09029665 -0.131 -0.002178997 0.05910818 -0.131 0.01260566 0.05720893 -0.131 0.0119789 0.09041743 -0.131 0.0001227649 0.09136446 -0.131 -0.001638802 0.09240402 -0.131 -0.001046053 0.0587905 -0.131 0.0136556 0.05686236 -0.131 0.01312429 0.09137035 -0.131 0.0006661181 0.09341273 -0.131 -0.0004022232 0.05852554 -0.131 0.01472007 0.05657332 -0.131 0.01428553 0.09229501 -0.131 0.001256295 0.05831398 -0.131 0.01579643 0.05634252 -0.131 0.01545974 0.0931891 -0.131 0.001891829 0.09438811 -0.131 0.0002910866 0.05815633 -0.131 0.01688199 0.05617054 -0.131 0.01664399 0.0940504 -0.131 0.00257114 0.09532771 -0.131 0.001032153 0.05805298 -0.131 0.01797406 0.0560578 -0.131 0.01783534 0.09487677 -0.131 0.003292538 0.0962292 -0.131 0.001819133 0.0580042 -0.131 0.01906993 0.05600459 -0.131 0.01903083 0.05601103 -0.131 0.02022749 0.09566615 -0.131 0.004054231 0.09709035 -0.131 0.00265007 0.097909 -0.131 0.0035229 0.05801011 -0.131 0.02016686 0.09641658 -0.131 0.004854325 0.05807069 -0.131 0.02126214 0.05607711 -0.131 0.02142233 0.09712621 -0.131 0.005690829 0.09868313 -0.131 0.004435451 0.05620267 -0.131 0.0226124 0.05818578 -0.131 0.02235303 0.09779324 -0.131 0.006561666 0.09941081 -0.131 0.005385454 0.05638739 -0.131 0.02379473 0.05835511 -0.131 0.02343684 0.09841605 -0.131 0.007464669 0.1000902 -0.131 0.006370548 0.05857825 -0.131 0.02451085 0.05663082 -0.131 0.02496638 0.1007197 -0.131 0.007388285 0.09899306 -0.131 0.008397594 0.05885465 -0.131 0.02557241 0.05693235 -0.131 0.02612445 0.09952287 -0.131 0.009358122 0.1012977 -0.131 0.008436133 0.05918362 -0.131 0.02661887 0.05729122 -0.131 0.02726604 0.1018227 -0.131 0.009511488 0.1000041 -0.131 0.01034386 0.05770655 -0.131 0.02838832 0.05956434 -0.131 0.02764763 0.1022934 -0.131 0.01061168 0.1004357 -0.131 0.01135237 0.05817731 -0.131 0.02948851 0.05999587 -0.131 0.02865614 0.1027088 -0.131 0.01173396 0.1008164 -0.131 0.01238113 0.06047713 -0.131 0.02964188 0.05870233 -0.131 0.03056387 0.1011453 -0.131 0.01342759 0.1030677 -0.131 0.01287555 0.05928029 -0.131 0.03161172 0.06100693 -0.131 0.03060241 0.1033692 -0.131 0.01403362 0.1014218 -0.131 0.01448915 0.05990977 -0.131 0.03262945 0.06158395 -0.131 0.03153533 0.1036126 -0.131 0.01520527 0.1016449 -0.131 0.01556316 0.06058919 -0.131 0.03361455 0.06220676 -0.131 0.03243834 0.1018142 -0.131 0.01664697 0.1037973 -0.131 0.0163876 0.1019293 -0.131 0.01773786 0.06131687 -0.131 0.03456455 0.0628738 -0.131 0.03330917 0.1039229 -0.131 0.01757767 0.062091 -0.131 0.0354771 0.06358342 -0.131 0.03414568 0.06433385 -0.131 0.03494577 0.103989 -0.131 0.01877251 0.1019899 -0.131 0.01883314 0.1019958 -0.131 0.01993007 0.06290966 -0.131 0.03634993 0.1039954 -0.131 0.01996917 0.0637708 -0.131 0.03718087 0.06512323 -0.131 0.03570746 0.0659496 -0.131 0.03642886 0.1039422 -0.131 0.02116466 0.101947 -0.131 0.02102594 0.1018437 -0.131 0.02211801 0.06467229 -0.131 0.03796785 0.0668109 -0.131 0.03710817 0.1038295 -0.131 0.02235601 0.06561189 -0.131 0.03870891 0.1036575 -0.131 0.02354026 0.101686 -0.131 0.02320357 0.06658727 -0.131 0.03940222 0.06862965 -0.131 0.03833388 0.06770499 -0.131 0.03774371 0.1034267 -0.131 0.02471447 0.1014745 -0.131 0.02427993 0.1012095 -0.131 0.0253444 0.06759598 -0.131 0.04004605 0.1031376 -0.131 0.02587571 0.06863554 -0.131 0.0406388 0.06958257 -0.131 0.03887724 0.1027911 -0.131 0.0270211 0.1008918 -0.131 0.02639434 0.06970335 -0.131 0.041179 0.0705614 -0.131 0.03937241 0.1023878 -0.131 0.02814779 0.1005222 -0.131 0.02742714 0.1001015 -0.131 0.02844023 0.07079675 -0.131 0.04166529 0.07156369 -0.131 0.03981819 0.101929 -0.131 0.02925298 0.07191304 -0.131 0.04209649 0.07258695 -0.131 0.04021344 0.1014156 -0.131 0.03033393 0.09963093 -0.131 0.0294311 0.07304944 -0.131 0.0424715 0.07468619 -0.131 0.04084861 0.07362865 -0.131 0.04055721 0.1008489 -0.131 0.03138794 0.0991115 -0.131 0.03039728 0.07420311 -0.131 0.0427894 0.1002304 -0.131 0.03241239 0.09854456 -0.131 0.03133636 0.0753712 -0.131 0.0430494 0.07575694 -0.131 0.04108695 0.09956165 -0.131 0.03340474 0.09793151 -0.131 0.03224601 0.07655079 -0.131 0.04325085 0.07683823 -0.131 0.04127161 0.09884424 -0.131 0.03436253 0.09727389 -0.131 0.03312398 0.07773896 -0.131 0.04339326 0.07792738 -0.131 0.04140215 0.09807998 -0.131 0.03528336 0.09657331 -0.131 0.03396808 0.07893275 -0.131 0.04347626 0.07902169 -0.131 0.04147824 0.09727077 -0.131 0.03616495 0.09583154 -0.131 0.03477621 0.0801292 -0.131 0.04349965 0.08011843 -0.131 0.04149968 0.09641862 -0.131 0.03700511 0.0950504 -0.131 0.03554635 0.08132533 -0.131 0.04346338 0.0823083 -0.131 0.04137857 0.08121488 -0.131 0.04146643 0.09552565 -0.131 0.03780175 0.09423185 -0.131 0.03627661 0.08251815 -0.131 0.04336753 0.08339599 -0.131 0.04123631 0.09459409 -0.131 0.03855289 0.09337791 -0.131 0.03696515 0.08370472 -0.131 0.04321234 0.09362624 -0.131 0.03925666 0.09249072 -0.131 0.03761028 0.09157246 -0.131 0.03821037 0.08488207 -0.131 0.0429982 0.08447523 -0.131 0.04104002 0.0926245 -0.131 0.03991132 0.09062544 -0.131 0.03876395 0.08604729 -0.131 0.04272564 0.08554335 -0.131 0.04079017 0.09159139 -0.131 0.04051522 0.08965201 -0.131 0.03926964 0.08719748 -0.131 0.04239533 0.08659769 -0.131 0.04048739 0.09052946 -0.131 0.04106688 0.08832977 -0.131 0.04200811 0.08763562 -0.131 0.04013243 0.08944135 -0.131 0.04156492 0.08865457 -0.131 0.03972618 0.0705614 -0.1425 0.03937241 0.07156369 -0.1425 0.03981819 0.06958257 -0.1425 0.03887724 0.06862965 -0.1425 0.03833388 0.06770499 -0.1425 0.03774371 0.0668109 -0.1425 0.03710817 0.0659496 -0.1425 0.03642886 0.06512323 -0.1425 0.03570746 0.06433385 -0.1425 0.03494577 0.06358342 -0.1425 0.03414568 0.0628738 -0.1425 0.03330917 0.06220676 -0.1425 0.03243834 0.06158395 -0.1425 0.03153533 0.06100693 -0.1425 0.03060241 0.06047713 -0.1425 0.02964188 0.05999587 -0.1425 0.02865614 0.05956434 -0.1425 0.02764763 0.05918362 -0.1425 0.02661887 0.05885465 -0.1425 0.02557241 0.05857825 -0.1425 0.02451085 0.05835511 -0.1425 0.02343684 0.05818578 -0.1425 0.02235303 0.05807069 -0.1425 0.02126214 0.05801011 -0.1425 0.02016686 0.0580042 -0.1425 0.01906993 0.05805298 -0.1425 0.01797406 0.05815633 -0.1425 0.01688199 0.05831398 -0.1425 0.01579643 0.05852554 -0.1425 0.01472007 0.0587905 -0.1425 0.0136556 0.05910818 -0.1425 0.01260566 0.05947781 -0.1425 0.01157286 0.05989845 -0.1425 0.01055977 0.06036908 -0.1425 0.0095689 0.0608885 -0.1425 0.008602724 0.06145544 -0.1425 0.007663641 0.06206849 -0.1425 0.006753984 0.06272612 -0.1425 0.005876017 0.06342669 -0.1425 0.00503192 0.06416846 -0.1425 0.004223794 0.0649496 -0.1425 0.003453646 0.06576815 -0.1425 0.002723393 0.06662209 -0.1425 0.002034848 0.06750928 -0.1425 0.001389725 0.06842754 -0.1425 0.0007896271 0.06937456 -0.1425 0.0002360458 0.07034799 -0.1425 -0.0002696423 0.07134543 -0.1425 -0.0007261799 0.07236438 -0.1425 -0.001132432 0.07340231 -0.1425 -0.001487389 0.07445665 -0.1425 -0.001790167 0.07552477 -0.1425 -0.002040015 0.07660401 -0.1425 -0.002236312 0.0776917 -0.1425 -0.002378568 0.07878512 -0.1425 -0.002466431 0.07988157 -0.1425 -0.002499681 0.08097831 -0.1425 -0.002478237 0.08207262 -0.1425 -0.002402152 0.08316177 -0.1425 -0.002271614 0.08424306 -0.1425 -0.002086949 0.08531381 -0.1425 -0.001848615 0.08637135 -0.1425 -0.001557205 0.08741305 -0.1425 -0.001213444 0.08843631 -0.1425 -0.0008181859 0.0894386 -0.1425 -0.0003724135 0.09041743 -0.1425 0.0001227649 0.09137035 -0.1425 0.0006661181 0.09229501 -0.1425 0.001256295 0.0931891 -0.1425 0.001891829 0.0940504 -0.1425 0.00257114 0.09487677 -0.1425 0.003292538 0.09566615 -0.1425 0.004054231 0.09641658 -0.1425 0.004854325 0.09712621 -0.1425 0.005690829 0.09779324 -0.1425 0.006561666 0.09841605 -0.1425 0.007464669 0.09899306 -0.1425 0.008397594 0.09952287 -0.1425 0.009358122 0.1000041 -0.1425 0.01034386 0.1004357 -0.1425 0.01135237 0.1008164 -0.1425 0.01238113 0.1011453 -0.1425 0.01342759 0.1014218 -0.1425 0.01448915 0.1016449 -0.1425 0.01556316 0.1018142 -0.1425 0.01664697 0.1019293 -0.1425 0.01773786 0.1019899 -0.1425 0.01883314 0.1019958 -0.1425 0.01993007 0.101947 -0.1425 0.02102594 0.1018437 -0.1425 0.02211801 0.101686 -0.1425 0.02320357 0.1014745 -0.1425 0.02427993 0.1012095 -0.1425 0.0253444 0.1008918 -0.1425 0.02639434 0.1005222 -0.1425 0.02742714 0.1001015 -0.1425 0.02844023 0.09963093 -0.1425 0.0294311 0.0991115 -0.1425 0.03039728 0.09854456 -0.1425 0.03133636 0.09793151 -0.1425 0.03224601 0.09727389 -0.1425 0.03312398 0.09657331 -0.1425 0.03396808 0.09583154 -0.1425 0.03477621 0.0950504 -0.1425 0.03554635 0.09423185 -0.1425 0.03627661 0.09337791 -0.1425 0.03696515 0.09249072 -0.1425 0.03761028 0.09157246 -0.1425 0.03821037 0.09062544 -0.1425 0.03876395 0.08965201 -0.1425 0.03926964 0.08865457 -0.1425 0.03972618 0.08763562 -0.1425 0.04013243 0.08659769 -0.1425 0.04048739 0.08554335 -0.1425 0.04079017 0.08447523 -0.1425 0.04104002 0.08339599 -0.1425 0.04123631 0.0823083 -0.1425 0.04137857 0.08121488 -0.1425 0.04146643 0.08011843 -0.1425 0.04149968 0.07902169 -0.1425 0.04147824 0.07792738 -0.1425 0.04140215 0.07683823 -0.1425 0.04127161 0.07575694 -0.1425 0.04108695 0.07468619 -0.1425 0.04084861 0.07362865 -0.1425 0.04055721 0.07258695 -0.1425 0.04021344 0.07316486 -0.1425 0.003525915 0.07396959 -0.1425 0.003205068 0.07237711 -0.1425 0.003886476 0.07478932 -0.1425 0.002924733 0.07160831 -0.1425 0.004285854 0.07562201 -0.1425 0.002685606 0.07086038 -0.1425 0.004723058 0.07646558 -0.1425 0.002488283 0.07013518 -0.1425 0.005196999 0.07731794 -0.1425 0.002333254 0.06943449 -0.1425 0.0057065 0.07817696 -0.1425 0.002220904 0.06876008 -0.1425 0.006250293 0.07904052 -0.1425 0.002151512 0.0681136 -0.1425 0.006827028 0.07990646 -0.1425 0.002125252 0.06749668 -0.1425 0.007435269 0.08077264 -0.1425 0.002142188 0.06691085 -0.1425 0.008073505 0.08163689 -0.1425 0.002202278 0.06635756 -0.1425 0.008740149 0.08249709 -0.1425 0.002305373 0.06583818 -0.1425 0.009433544 0.08335106 -0.1425 0.002451216 0.06535401 -0.1425 0.01015197 0.08419671 -0.1425 0.002639446 0.06490626 -0.1425 0.01089363 0.08503192 -0.1425 0.002869593 0.06449603 -0.1425 0.01165669 0.08585462 -0.1425 0.003141087 0.06412434 -0.1425 0.01243925 0.08666277 -0.1425 0.003453251 0.06379213 -0.1425 0.01323936 0.08745435 -0.1425 0.00380531 0.06350021 -0.1425 0.01405504 0.0882274 -0.1425 0.004196388 0.06324931 -0.1425 0.01488425 0.08898 -0.1425 0.004625514 0.06304006 -0.1425 0.01572494 0.08971027 -0.1425 0.005091619 0.06287297 -0.1425 0.01657502 0.09041639 -0.1425 0.005593547 0.06274846 -0.1425 0.01743237 0.09109662 -0.1425 0.006130048 0.06266684 -0.1425 0.01829486 0.09174927 -0.1425 0.006699789 0.06262832 -0.1425 0.01916034 0.0923727 -0.1425 0.007301353 0.06263298 -0.1425 0.02002667 0.09296537 -0.1425 0.007933245 0.06268082 -0.1425 0.02089169 0.09352581 -0.1425 0.008593894 0.06277172 -0.1425 0.02175325 0.09405262 -0.1425 0.009281656 0.06290546 -0.1425 0.02260921 0.09454449 -0.1425 0.009994824 0.06308169 -0.1425 0.02345743 0.09500021 -0.1425 0.01073162 0.06329998 -0.1425 0.02429582 0.09541862 -0.1425 0.01149022 0.06355979 -0.1425 0.02512229 0.09579871 -0.1425 0.01226873 0.06386047 -0.1425 0.02593478 0.09613953 -0.1425 0.01306522 0.06420129 -0.1425 0.02673127 0.09644021 -0.1425 0.01387771 0.06458138 -0.1425 0.02750978 0.09670002 -0.1425 0.01470418 0.06499979 -0.1425 0.02826838 0.09691831 -0.1425 0.01554257 0.06545551 -0.1425 0.02900518 0.09709454 -0.1425 0.01639079 0.06594738 -0.1425 0.02971834 0.09722828 -0.1425 0.01724675 0.06703463 -0.1425 0.03106676 0.06647419 -0.1425 0.03040611 0.09731918 -0.1425 0.01810831 0.09736702 -0.1425 0.01897333 0.06825073 -0.1425 0.03230021 0.0676273 -0.1425 0.03169865 0.09737168 -0.1425 0.01983966 0.09733315 -0.1425 0.02070514 0.06958361 -0.1425 0.03340645 0.06890338 -0.1425 0.03286995 0.09725153 -0.1425 0.02156763 0.09712703 -0.1425 0.02242498 0.07028973 -0.1425 0.03390838 0.09695994 -0.1425 0.02327506 0.07102 -0.1425 0.03437449 0.09675069 -0.1425 0.02411575 0.0717726 -0.1425 0.03480361 0.09649979 -0.1425 0.02494496 0.09620787 -0.1425 0.02576064 0.07254565 -0.1425 0.03519469 0.07333723 -0.1425 0.03554675 0.09587566 -0.1425 0.02656075 0.07414538 -0.1425 0.03585891 0.09550397 -0.1425 0.02734331 0.07580329 -0.1425 0.03636055 0.07496808 -0.1425 0.03613041 0.09509374 -0.1425 0.02810637 0.09464599 -0.1425 0.02884803 0.09416182 -0.1425 0.02956646 0.07664894 -0.1425 0.03654878 0.07750291 -0.1425 0.03669463 0.09364244 -0.1425 0.03025985 0.07836311 -0.1425 0.03679772 0.09308915 -0.1425 0.03092649 0.09250332 -0.1425 0.03156473 0.08009354 -0.1425 0.03687475 0.07922736 -0.1425 0.03685781 0.08095948 -0.1425 0.03684849 0.0918864 -0.1425 0.03217297 0.09123992 -0.1425 0.03274971 0.08182304 -0.1425 0.03677909 0.09056551 -0.1425 0.0332935 0.08268206 -0.1425 0.03666674 0.08986482 -0.1425 0.033803 0.08913962 -0.1425 0.03427694 0.08353442 -0.1425 0.03651171 0.08521068 -0.1425 0.03607527 0.08437799 -0.1425 0.03631439 0.08839169 -0.1425 0.03471415 0.08762289 -0.1425 0.03511353 0.08683514 -0.1425 0.03547409 0.08603041 -0.1425 0.03579493 0.06518063 -0.14175 0.02219539 0.06552264 -0.14175 0.02365753 0.06774531 -0.141 0.02301924 0.06725243 -0.141 0.01925075 0.06956449 -0.14025 0.01929596 0.06963667 -0.14025 0.01825793 0.06729096 -0.141 0.02052124 0.06981184 -0.14025 0.01723225 0.07199096 -0.1395 0.0181322 0.07206909 -0.1395 0.01773469 0.07216695 -0.1395 0.01734156 0.07599754 -0.14025 0.02913959 0.07688432 -0.1395 0.02700388 0.07651415 -0.1395 0.02683924 0.06498589 -0.14175 0.02070646 0.0674558 -0.141 0.02178158 0.0673406 -0.141 0.01798274 0.07008826 -0.14025 0.0162291 0.07228427 -0.1395 0.01695379 0.07242078 -0.1395 0.01657236 0.06494038 -0.14175 0.01920555 0.06755457 -0.141 0.01672981 0.07046319 -0.14025 0.01525847 0.07257613 -0.1395 0.01619821 0.07274994 -0.1395 0.01583226 0.06504453 -0.14175 0.01770756 0.06789224 -0.141 0.01550442 0.07422401 -0.14175 0.03341103 0.0709329 -0.14025 0.01432999 0.07294177 -0.1395 0.01547544 0.07315116 -0.1395 0.01512862 0.06529732 -0.14175 0.01622738 0.06835024 -0.141 0.01431873 0.07149272 -0.14025 0.01345288 0.07337756 -0.1395 0.01479266 0.07362044 -0.1395 0.01446842 0.06569623 -0.14175 0.01477973 0.06892402 -0.141 0.01318453 0.07213709 -0.14025 0.01263588 0.07387917 -0.1395 0.01415668 0.07415313 -0.1395 0.01385822 0.06623729 -0.14175 0.01337899 0.06960787 -0.141 0.0121131 0.07285961 -0.14025 0.0118871 0.07444161 -0.1395 0.01357379 0.07474392 -0.1395 0.01330409 0.06691514 -0.14175 0.01203908 0.07039501 -0.141 0.01111509 0.07365309 -0.14025 0.01121398 0.0750593 -0.1395 0.0130498 0.07538696 -0.1395 0.01281155 0.06772303 -0.14175 0.01077332 0.07127761 -0.141 0.01020041 0.07450965 -0.14025 0.0106232 0.07572608 -0.1395 0.01258992 0.07607583 -0.1395 0.01238547 0.06865293 -0.14175 0.009594297 0.07224689 -0.141 0.009378151 0.07542078 -0.14025 0.01012065 0.07643534 -0.1395 0.01219871 0.07680371 -0.1395 0.0120301 0.06969561 -0.14175 0.008513719 0.07329323 -0.141 0.008656488 0.07637742 -0.14025 0.009711318 0.07718002 -0.1395 0.01188007 0.07756335 -0.1395 0.01174898 0.07084069 -0.14175 0.007542325 0.07440622 -0.141 0.008042594 0.07737006 -0.14025 0.009399267 0.07795274 -0.1395 0.01163715 0.07834721 -0.1395 0.01154488 0.07207681 -0.14175 0.006689773 0.07557481 -0.141 0.007542568 0.07838883 -0.14025 0.009187602 0.0787458 -0.1395 0.01147238 0.0791475 -0.1395 0.01141985 0.07339166 -0.14175 0.005964535 0.07678738 -0.141 0.00716138 0.07942362 -0.14025 0.009078426 0.07955132 -0.1395 0.0113874 0.07995626 -0.1395 0.01137512 0.0747722 -0.14175 0.005373818 0.07803187 -0.141 0.00690282 0.08046414 -0.14025 0.009072825 0.08036131 -0.1395 0.01138304 0.08076546 -0.1395 0.01141114 0.07620469 -0.14175 0.004923493 0.07929592 -0.141 0.006769455 0.08150005 -0.14025 0.009170854 0.0811677 -0.1395 0.01145935 0.08156704 -0.1395 0.01152755 0.0776749 -0.14175 0.004618037 0.08056697 -0.141 0.006762612 0.08252104 -0.14025 0.009371537 0.08196249 -0.1395 0.01161557 0.08235306 -0.1395 0.01172319 0.07916822 -0.14175 0.004460484 0.08183239 -0.141 0.00688236 0.08351698 -0.14025 0.009672883 0.08273777 -0.1395 0.01185015 0.08311568 -0.1395 0.01199612 0.08066981 -0.14175 0.0044524 0.0830796 -0.141 0.007127507 0.08447797 -0.14025 0.01007189 0.08348585 -0.1395 0.01216076 0.08384734 -0.1395 0.01234363 0.08216473 -0.14175 0.004593866 0.0842962 -0.141 0.007495617 0.08539445 -0.14025 0.01056461 0.08419928 -0.1395 0.0125443 0.08454077 -0.1395 0.01276227 0.08363815 -0.14175 0.004883476 0.0854701 -0.141 0.007983033 0.08625733 -0.14025 0.01114612 0.08487097 -0.1395 0.01299698 0.08518906 -0.1395 0.01324786 0.08507541 -0.14175 0.005318352 0.08658964 -0.141 0.008584909 0.08705801 -0.14025 0.01181066 0.08549426 -0.1395 0.01351429 0.0857858 -0.1395 0.0137956 0.08646223 -0.14175 0.005894171 0.08764368 -0.141 0.009295265 0.08778855 -0.14025 0.01255163 0.08606294 -0.1395 0.01409109 0.08632502 -0.1395 0.01440002 0.08778481 -0.14175 0.006605212 0.08862177 -0.141 0.01010704 0.08844168 -0.14025 0.01336164 0.08657137 -0.1395 0.01472164 0.08680138 -0.1395 0.01505513 0.08903004 -0.14175 0.007444406 0.08951415 -0.141 0.01101217 0.08901092 -0.14025 0.01423267 0.08701449 -0.1395 0.01539968 0.08721015 -0.1395 0.01575442 0.09018552 -0.14175 0.008403414 0.090312 -0.141 0.01200165 0.08949059 -0.14025 0.01515604 0.08738789 -0.1395 0.01611847 0.08754726 -0.1395 0.01649093 0.09123976 -0.14175 0.009472705 0.09100735 -0.141 0.01306565 0.08987595 -0.14025 0.01612258 0.08768787 -0.1395 0.01687087 0.08780936 -0.1395 0.01725735 0.0921823 -0.14175 0.01064165 0.0915933 -0.141 0.0141936 0.09016316 -0.14025 0.01712269 0.08791144 -0.1395 0.0176494 0.08799385 -0.1395 0.01804605 0.09300378 -0.14175 0.01189864 0.09206404 -0.141 0.01537429 0.09034936 -0.14025 0.01814643 0.08805639 -0.1395 0.01844632 0.08809889 -0.1395 0.01884921 0.09369601 -0.14175 0.01323117 0.09241488 -0.141 0.01659598 0.0904327 -0.14025 0.01918362 0.08812127 -0.1395 0.01925372 0.08812344 -0.1395 0.01965883 0.09425212 -0.14175 0.014626 0.09264233 -0.141 0.01784654 0.09041236 -0.14025 0.02022395 0.08810543 -0.1395 0.02006356 0.08806727 -0.1395 0.02046688 0.0946666 -0.14175 0.01606927 0.09274414 -0.141 0.01911352 0.09028854 -0.14025 0.02125709 0.08800904 -0.1395 0.0208678 0.08793091 -0.1395 0.02126531 0.0949353 -0.14175 0.01754664 0.09271929 -0.141 0.02038435 0.09006246 -0.14025 0.02227277 0.08783305 -0.1395 0.02165844 0.08771573 -0.1395 0.02204621 0.09505558 -0.14175 0.01904343 0.09256804 -0.141 0.02164639 0.08973638 -0.14025 0.02326089 0.08757922 -0.1395 0.02242764 0.08742387 -0.1395 0.02280179 0.09502622 -0.14175 0.02054475 0.09229187 -0.141 0.02288709 0.08931354 -0.14025 0.02421163 0.08725006 -0.1395 0.02316774 0.08705823 -0.1395 0.02352456 0.09484753 -0.14175 0.02203568 0.09189355 -0.141 0.02409414 0.08879813 -0.14025 0.02511555 0.08684884 -0.1395 0.02387138 0.08662244 -0.1395 0.02420733 0.09452128 -0.14175 0.02350142 0.09137701 -0.141 0.02525552 0.08819528 -0.14025 0.02596365 0.08637956 -0.1395 0.02453158 0.08612083 -0.1395 0.02484332 0.0940507 -0.14175 0.02492739 0.09074741 -0.141 0.02635971 0.08751099 -0.14025 0.02674752 0.08584687 -0.1395 0.02514178 0.08555839 -0.1395 0.02542621 0.09344049 -0.14175 0.02629942 0.090011 -0.141 0.02739572 0.08675204 -0.14025 0.02745936 0.08525608 -0.1395 0.02569591 0.0849407 -0.1395 0.0259502 0.0926967 -0.14175 0.02760387 0.08917509 -0.141 0.02835326 0.08592599 -0.14025 0.02809209 0.08461304 -0.1395 0.02618845 0.08427392 -0.1395 0.02641008 0.09182672 -0.14175 0.02882778 0.088248 -0.141 0.02922281 0.08504105 -0.14025 0.02863943 0.08392417 -0.1395 0.02661453 0.08356466 -0.1395 0.02680129 0.0908392 -0.14175 0.02995899 0.08723894 -0.141 0.02999573 0.084106 -0.14025 0.02909594 0.08319629 -0.1395 0.0269699 0.08281998 -0.1395 0.02711993 0.08974397 -0.14175 0.03098626 0.08615793 -0.141 0.03066434 0.08313016 -0.14025 0.02945708 0.08243665 -0.1395 0.02725102 0.08204726 -0.1395 0.02736285 0.08855188 -0.14175 0.03189936 0.08501572 -0.141 0.03122199 0.08212319 -0.14025 0.02971927 0.08165279 -0.1395 0.02745512 0.0812542 -0.1395 0.02752761 0.08727481 -0.14175 0.03268924 0.08382366 -0.141 0.03166315 0.08109513 -0.14025 0.02987989 0.0808525 -0.1395 0.02758015 0.08044868 -0.1395 0.0276126 0.08592543 -0.14175 0.03334804 0.08259361 -0.141 0.03198342 0.08005619 -0.14025 0.02993735 0.08004374 -0.1395 0.02762488 0.07963869 -0.1395 0.02761696 0.08451717 -0.14175 0.03386921 0.08133777 -0.141 0.03217963 0.07901669 -0.14025 0.02989108 0.07923454 -0.1395 0.02758886 0.0788323 -0.1395 0.02754065 0.08306401 -0.14175 0.03424757 0.08006863 -0.141 0.03224982 0.07798695 -0.14025 0.02974154 0.07843296 -0.1395 0.02747245 0.07803751 -0.1395 0.02738443 0.0815804 -0.14175 0.03447936 0.07879882 -0.141 0.03219329 0.07697723 -0.14025 0.02949021 0.07726223 -0.1395 0.02714985 0.07764694 -0.1395 0.02727681 0.08008109 -0.14175 0.03456228 0.07754095 -0.141 0.03201062 0.07858096 -0.14175 0.03449551 0.07630751 -0.141 0.03170361 0.07511078 -0.141 0.03127531 0.07709495 -0.14175 0.0342797 0.07563779 -0.14175 0.03391701 0.07505764 -0.14025 0.02869318 0.07615266 -0.1395 0.02665636 0.07580072 -0.1395 0.02645569 0.07416685 -0.14025 0.02815539 0.07545923 -0.1395 0.02623773 0.07512903 -0.1395 0.02600302 0.07396263 -0.141 0.03072999 0.07333405 -0.14025 0.02753159 0.07481094 -0.1395 0.02575214 0.07450574 -0.1395 0.02548571 0.07287448 -0.141 0.03007306 0.07256748 -0.14025 0.02682796 0.0742142 -0.1395 0.0252044 0.07393706 -0.1395 0.02490891 0.07286761 -0.14175 0.0327668 0.07185715 -0.141 0.02931104 0.07187479 -0.14025 0.02605151 0.07367498 -0.1395 0.02459998 0.07342863 -0.1395 0.02427836 0.07158211 -0.14175 0.03199072 0.07092075 -0.141 0.02845152 0.07126284 -0.14025 0.02520994 0.07319862 -0.1395 0.02394487 0.07298551 -0.1395 0.02360032 0.07038026 -0.14175 0.0310905 0.07007458 -0.141 0.02750304 0.07073773 -0.14025 0.02431163 0.07278985 -0.1395 0.02324558 0.07261211 -0.1395 0.02288153 0.06927402 -0.14175 0.03007509 0.06932706 -0.141 0.02647502 0.07030467 -0.14025 0.0233655 0.07245274 -0.1395 0.02250907 0.07231213 -0.1395 0.02212913 0.06827439 -0.14175 0.02895457 0.06868561 -0.141 0.02537768 0.06996797 -0.14025 0.02238094 0.07219064 -0.1395 0.02174265 0.07208856 -0.1395 0.0213506 0.06739129 -0.14175 0.0277401 0.06815661 -0.141 0.02422192 0.06973097 -0.14025 0.02136776 0.07200615 -0.1395 0.02095395 0.07194361 -0.1395 0.02055368 0.06663349 -0.14175 0.02644373 0.06959604 -0.14025 0.02033601 0.07190111 -0.1395 0.02015079 0.07187873 -0.1395 0.01974628 0.06600854 -0.14175 0.02507835 0.07187656 -0.1395 0.01934117 0.07189457 -0.1395 0.01893644 0.07193273 -0.1395 0.01853312 0.0766843 -0.13725 0.02276906 0.07763324 -0.1365 0.02207846 0.07750766 -0.1365 0.02195728 0.07738827 -0.1365 0.02182999 0.0767516 -0.138 0.02432007 0.07739779 -0.13725 0.02336124 0.07702627 -0.13725 0.02308295 0.07724767 -0.138 0.02461955 0.07779517 -0.13725 0.02360115 0.07821448 -0.13725 0.0238003 0.07865786 -0.1365 0.02273244 0.07849841 -0.1365 0.02266152 0.07637527 -0.13725 0.02242268 0.07727538 -0.1365 0.02169691 0.07716926 -0.1365 0.02155837 0.07628782 -0.138 0.02397268 0.07670016 -0.13875 0.02563796 0.07732771 -0.13875 0.02593602 0.07777109 -0.138 0.02486816 0.07610229 -0.13725 0.02204725 0.07707018 -0.1365 0.02141471 0.07697838 -0.1365 0.02126629 0.07586093 -0.138 0.02358084 0.07610542 -0.13875 0.0252789 0.07586803 -0.13725 0.02164651 0.07689409 -0.1365 0.02111348 0.07681753 -0.1365 0.02095666 0.07547518 -0.138 0.02314845 0.07554938 -0.13875 0.02486241 0.07567484 -0.13725 0.02122443 0.07674887 -0.1365 0.02079621 0.0766883 -0.1365 0.02063255 0.0751344 -0.138 0.02267979 0.07503757 -0.13875 0.02439262 0.07552464 -0.13725 0.02078521 0.07663596 -0.1365 0.02046606 0.076592 -0.1365 0.02029718 0.07484197 -0.138 0.02217953 0.07457508 -0.13875 0.02387421 0.07541891 -0.13725 0.02033322 0.0765565 -0.1365 0.02012631 0.07652956 -0.1365 0.01995389 0.07460081 -0.138 0.02165264 0.0741665 -0.13875 0.02331233 0.07535871 -0.13725 0.01987295 0.07651125 -0.1365 0.01978034 0.07650161 -0.1365 0.01960609 0.0744133 -0.138 0.02110436 0.07381591 -0.13875 0.02271255 0.07534464 -0.13725 0.01940898 0.07650067 -0.1365 0.01943158 0.07650843 -0.1365 0.01925724 0.07428132 -0.138 0.02054013 0.07352677 -0.13875 0.02208085 0.07537684 -0.13725 0.0189459 0.07652487 -0.1365 0.0190835 0.07654995 -0.1365 0.0189108 0.07420618 -0.138 0.01996556 0.07330197 -0.13875 0.0214235 0.07545498 -0.13725 0.01848834 0.07658361 -0.1365 0.01873956 0.07662576 -0.1365 0.01857021 0.07418861 -0.138 0.01938637 0.07314374 -0.13875 0.02074704 0.07557829 -0.13725 0.01804083 0.0766763 -0.1365 0.01840317 0.07673511 -0.1365 0.01823886 0.07422881 -0.138 0.01880831 0.07305364 -0.13875 0.02005818 0.07574555 -0.13725 0.01760782 0.07680202 -0.1365 0.01807769 0.0768769 -0.1365 0.01792005 0.07432635 -0.138 0.01823712 0.07303259 -0.13875 0.01936377 0.07595509 -0.13725 0.01719362 0.07695953 -0.1365 0.01776634 0.07704973 -0.1365 0.01761694 0.07448029 -0.138 0.01767848 0.07308076 -0.13875 0.01867072 0.07620483 -0.13725 0.01680234 0.07714726 -0.1365 0.01747223 0.07725188 -0.1365 0.01733255 0.07468908 -0.138 0.01713795 0.07319772 -0.13875 0.0179859 0.07649229 -0.13725 0.01643786 0.07736333 -0.1365 0.01719826 0.07748135 -0.1365 0.01706969 0.07495065 -0.138 0.01662089 0.07338228 -0.13875 0.01731614 0.07681461 -0.13725 0.01610383 0.07760562 -0.1365 0.01694717 0.07773584 -0.1365 0.01683099 0.07526241 -0.138 0.01613244 0.07363261 -0.13875 0.01666808 0.07716859 -0.13725 0.01580354 0.0778717 -0.1365 0.01672145 0.07801284 -0.1365 0.01661882 0.07562125 -0.138 0.01567747 0.07394621 -0.13875 0.01604816 0.07755071 -0.13725 0.01553999 0.07815893 -0.1365 0.01652335 0.07830959 -0.1365 0.01643528 0.07602361 -0.138 0.01526048 0.07431999 -0.13875 0.01546255 0.07795718 -0.13725 0.0153158 0.07846445 -0.1365 0.01635483 0.07862314 -0.1365 0.0162822 0.07646549 -0.138 0.01488563 0.07475021 -0.13875 0.01491707 0.07838393 -0.13725 0.01513319 0.07878524 -0.1365 0.01621757 0.07895037 -0.1365 0.0161611 0.0769425 -0.138 0.01455663 0.07523261 -0.13875 0.01441714 0.07882676 -0.13725 0.01499398 0.0791181 -0.1365 0.01611293 0.07928803 -0.1365 0.01607318 0.0774499 -0.138 0.01427677 0.0757624 -0.13875 0.01396772 0.07928124 -0.13725 0.01489956 0.07945973 -0.1365 0.01604195 0.07963277 -0.1365 0.01601932 0.07798264 -0.138 0.01404882 0.07633429 -0.13875 0.01357328 0.07974287 -0.13725 0.01485085 0.07980672 -0.1365 0.01600534 0.07998116 -0.1365 0.01600005 0.07853542 -0.138 0.01387504 0.07694262 -0.13875 0.01323774 0.08020705 -0.13725 0.01484836 0.08015564 -0.1365 0.01600346 0.08032973 -0.1365 0.01601557 0.07910276 -0.138 0.01375717 0.07758133 -0.13875 0.01296444 0.08066918 -0.13725 0.01489209 0.08050301 -0.1365 0.01603633 0.08067503 -0.1365 0.01606571 0.07967902 -0.138 0.01369637 0.07824408 -0.13875 0.0127561 0.08112466 -0.13725 0.01498161 0.08084538 -0.1365 0.01610363 0.08101363 -0.1365 0.01614999 0.08025848 -0.138 0.01369325 0.07892428 -0.13875 0.01261478 0.08156895 -0.13725 0.01511605 0.08117935 -0.1365 0.01620468 0.08134214 -0.1365 0.01626756 0.08083536 -0.138 0.01374784 0.07961517 -0.13875 0.01254188 0.08199766 -0.13725 0.01529405 0.08150159 -0.1365 0.01633848 0.08165732 -0.1365 0.01641726 0.08140393 -0.138 0.0138596 0.08030989 -0.13875 0.01253814 0.08240651 -0.13725 0.01551385 0.08180892 -0.1365 0.0165037 0.08195602 -0.1365 0.01659759 0.08195856 -0.138 0.01402741 0.08100153 -0.13875 0.01260359 0.08279144 -0.13725 0.01577327 0.08209827 -0.1365 0.0166987 0.08223529 -0.1365 0.01680677 0.08249372 -0.138 0.01424962 0.08168321 -0.13875 0.01273758 0.08314864 -0.13725 0.01606973 0.08236676 -0.1365 0.01692154 0.08249234 -0.1365 0.01704272 0.0830041 -0.138 0.014524 0.08234817 -0.13875 0.01293878 0.08347453 -0.13725 0.01640028 0.08261173 -0.1365 0.01717001 0.08272462 -0.1365 0.01730309 0.08348462 -0.138 0.01484784 0.08298978 -0.13875 0.01320519 0.0837659 -0.13725 0.01676163 0.08283074 -0.1365 0.01744163 0.08292982 -0.1365 0.01758529 0.08393051 -0.138 0.01521791 0.08360168 -0.13875 0.01353415 0.08401984 -0.13725 0.0171502 0.08302162 -0.1365 0.01773371 0.08310591 -0.1365 0.01788652 0.08433733 -0.138 0.01563055 0.0841778 -0.13875 0.01392241 0.08423383 -0.13725 0.01756212 0.08318247 -0.1365 0.01804334 0.08325113 -0.1365 0.01820379 0.08470106 -0.138 0.01608163 0.08471239 -0.13875 0.0143661 0.08440574 -0.13725 0.01799331 0.0833117 -0.1365 0.01836745 0.08336404 -0.1365 0.01853394 0.08501805 -0.138 0.01656669 0.08520014 -0.13875 0.01486082 0.08453387 -0.13725 0.01843946 0.083408 -0.1365 0.01870282 0.0834435 -0.1365 0.01887369 0.08528518 -0.138 0.01708091 0.08563622 -0.13875 0.01540164 0.08461693 -0.13725 0.01889616 0.08347044 -0.1365 0.01904611 0.08348875 -0.1365 0.01921966 0.08549978 -0.138 0.01761916 0.08601627 -0.13875 0.01598319 0.08465411 -0.13725 0.01935886 0.08349839 -0.1365 0.01939391 0.08349933 -0.1365 0.01956842 0.08565972 -0.138 0.01817611 0.08633653 -0.13875 0.01659969 0.08464503 -0.13725 0.01982296 0.08349157 -0.1365 0.01974276 0.08347513 -0.1365 0.0199165 0.08576341 -0.138 0.01874622 0.08659383 -0.13875 0.01724502 0.0845898 -0.13725 0.02028385 0.08345005 -0.1365 0.0200892 0.08341639 -0.1365 0.02026044 0.08580983 -0.138 0.01932381 0.08678558 -0.13875 0.01791276 0.08448895 -0.13725 0.02073695 0.08337424 -0.1365 0.02042979 0.0833237 -0.1365 0.02059683 0.0857985 -0.138 0.01990316 0.0869099 -0.13875 0.01859627 0.08434348 -0.13725 0.02117776 0.08326489 -0.1365 0.02076114 0.08319798 -0.1365 0.02092231 0.08572955 -0.138 0.0204785 0.08696555 -0.13875 0.01928876 0.08415484 -0.13725 0.02160189 0.0831231 -0.1365 0.02107995 0.08304047 -0.1365 0.02123366 0.08560365 -0.138 0.02104412 0.08695197 -0.13875 0.01998336 0.08392491 -0.13725 0.02200514 0.08295027 -0.1365 0.02138306 0.08285274 -0.1365 0.02152777 0.08542206 -0.138 0.02159439 0.08686929 -0.13875 0.02067315 0.08365598 -0.13725 0.02238349 0.08274812 -0.1365 0.02166745 0.08263667 -0.1365 0.02180174 0.08518658 -0.138 0.02212384 0.08671835 -0.13875 0.02135128 0.08335071 -0.13725 0.02273317 0.08251865 -0.1365 0.02193031 0.08239438 -0.1365 0.02205283 0.08489956 -0.138 0.02262722 0.08650064 -0.13875 0.02201101 0.08301214 -0.13725 0.02305073 0.08226416 -0.1365 0.02216901 0.0821283 -0.1365 0.02227855 0.08456384 -0.138 0.02309952 0.08621832 -0.13875 0.02264579 0.08264363 -0.13725 0.023333 0.08198716 -0.1365 0.02238118 0.08184107 -0.1365 0.02247665 0.08418276 -0.138 0.02353604 0.0858742 -0.13875 0.0232493 0.08224885 -0.13725 0.02357717 0.08169041 -0.1365 0.02256472 0.08153555 -0.1365 0.02264517 0.08376012 -0.138 0.02393246 0.0854717 -0.13875 0.02381555 0.08183172 -0.13725 0.02378082 0.08137686 -0.1365 0.0227178 0.08121476 -0.1365 0.02278243 0.0833001 -0.138 0.02428482 0.08501482 -0.13875 0.02433891 0.08139639 -0.13725 0.02394193 0.08104963 -0.1365 0.0228389 0.0808819 -0.1365 0.02288707 0.08280729 -0.138 0.02458962 0.0845081 -0.13875 0.02481418 0.08094717 -0.13725 0.0240589 0.08071197 -0.1365 0.02292682 0.08054027 -0.1365 0.02295805 0.08228658 -0.138 0.02484385 0.08395657 -0.13875 0.02523664 0.08048855 -0.13725 0.02413055 0.08036723 -0.1365 0.02298068 0.08019328 -0.1365 0.02299466 0.08174314 -0.138 0.02504496 0.08336573 -0.13875 0.02560208 0.08002506 -0.13725 0.02415618 0.08001884 -0.1365 0.02299995 0.07984436 -0.1365 0.02299654 0.08118238 -0.138 0.02519097 0.08274143 -0.13875 0.02590687 0.07956133 -0.13725 0.02413554 0.07967027 -0.1365 0.02298443 0.07949699 -0.1365 0.02296367 0.08060986 -0.138 0.02528042 0.08208989 -0.13875 0.02614799 0.07910197 -0.13725 0.02406883 0.07932497 -0.1365 0.02293429 0.07915462 -0.1365 0.02289637 0.08003129 -0.138 0.02531242 0.08141758 -0.13875 0.02632304 0.07865152 -0.13725 0.02395671 0.07882065 -0.1365 0.02279532 0.07898637 -0.1365 0.02285001 0.07945241 -0.138 0.02528665 0.08073118 -0.13875 0.02643028 0.07887896 -0.138 0.02520337 0.08003751 -0.13875 0.02646865 0.07831666 -0.138 0.02506341 0.07934348 -0.13875 0.02643776 0.07865596 -0.13875 0.02633791 0.0779818 -0.13875 0.02617011 0.07834268 -0.1365 0.02258274 0.07819108 -0.1365 0.0224963 0.07804398 -0.1365 0.02240241 0.07790173 -0.1365 0.0223013 0.07776471 -0.1365 0.02219323 0.07849841 -0.1425 0.02266152 0.07865786 -0.1425 0.02273244 0.07834268 -0.1425 0.02258274 0.07819108 -0.1425 0.0224963 0.07804398 -0.1425 0.02240241 0.07790173 -0.1425 0.0223013 0.07776471 -0.1425 0.02219323 0.07763324 -0.1425 0.02207846 0.07750766 -0.1425 0.02195728 0.07738827 -0.1425 0.02182999 0.07727538 -0.1425 0.02169691 0.07716926 -0.1425 0.02155837 0.07707018 -0.1425 0.02141471 0.07697838 -0.1425 0.02126629 0.07689409 -0.1425 0.02111348 0.07681753 -0.1425 0.02095666 0.07674887 -0.1425 0.02079621 0.0766883 -0.1425 0.02063255 0.07663596 -0.1425 0.02046606 0.076592 -0.1425 0.02029718 0.0765565 -0.1425 0.02012631 0.07652956 -0.1425 0.01995389 0.07651125 -0.1425 0.01978034 0.07650161 -0.1425 0.01960609 0.07650067 -0.1425 0.01943158 0.07650843 -0.1425 0.01925724 0.07652487 -0.1425 0.0190835 0.07654995 -0.1425 0.0189108 0.07658361 -0.1425 0.01873956 0.07662576 -0.1425 0.01857021 0.0766763 -0.1425 0.01840317 0.07673511 -0.1425 0.01823886 0.07680202 -0.1425 0.01807769 0.0768769 -0.1425 0.01792005 0.07695953 -0.1425 0.01776634 0.07704973 -0.1425 0.01761694 0.07714726 -0.1425 0.01747223 0.07725188 -0.1425 0.01733255 0.07736333 -0.1425 0.01719826 0.07748135 -0.1425 0.01706969 0.07760562 -0.1425 0.01694717 0.07773584 -0.1425 0.01683099 0.0778717 -0.1425 0.01672145 0.07801284 -0.1425 0.01661882 0.07815893 -0.1425 0.01652335 0.07830959 -0.1425 0.01643528 0.07846445 -0.1425 0.01635483 0.07862314 -0.1425 0.0162822 0.07878524 -0.1425 0.01621757 0.07895037 -0.1425 0.0161611 0.0791181 -0.1425 0.01611293 0.07928803 -0.1425 0.01607318 0.07945973 -0.1425 0.01604195 0.07963277 -0.1425 0.01601932 0.07980672 -0.1425 0.01600534 0.07998116 -0.1425 0.01600005 0.08015564 -0.1425 0.01600346 0.08032973 -0.1425 0.01601557 0.08050301 -0.1425 0.01603633 0.08067503 -0.1425 0.01606571 0.08084538 -0.1425 0.01610363 0.08101363 -0.1425 0.01614999 0.08117935 -0.1425 0.01620468 0.08134214 -0.1425 0.01626756 0.08150159 -0.1425 0.01633848 0.08165732 -0.1425 0.01641726 0.08180892 -0.1425 0.0165037 0.08195602 -0.1425 0.01659759 0.08209827 -0.1425 0.0166987 0.08223529 -0.1425 0.01680677 0.08236676 -0.1425 0.01692154 0.08249234 -0.1425 0.01704272 0.08261173 -0.1425 0.01717001 0.08272462 -0.1425 0.01730309 0.08283074 -0.1425 0.01744163 0.08292982 -0.1425 0.01758529 0.08302162 -0.1425 0.01773371 0.08310591 -0.1425 0.01788652 0.08318247 -0.1425 0.01804334 0.08325113 -0.1425 0.01820379 0.0833117 -0.1425 0.01836745 0.08336404 -0.1425 0.01853394 0.083408 -0.1425 0.01870282 0.0834435 -0.1425 0.01887369 0.08347044 -0.1425 0.01904611 0.08348875 -0.1425 0.01921966 0.08349839 -0.1425 0.01939391 0.08349933 -0.1425 0.01956842 0.08349157 -0.1425 0.01974276 0.08347513 -0.1425 0.0199165 0.08345005 -0.1425 0.0200892 0.08341639 -0.1425 0.02026044 0.08337424 -0.1425 0.02042979 0.0833237 -0.1425 0.02059683 0.08326489 -0.1425 0.02076114 0.08319798 -0.1425 0.02092231 0.0831231 -0.1425 0.02107995 0.08304047 -0.1425 0.02123366 0.08295027 -0.1425 0.02138306 0.08285274 -0.1425 0.02152777 0.08274812 -0.1425 0.02166745 0.08263667 -0.1425 0.02180174 0.08251865 -0.1425 0.02193031 0.08239438 -0.1425 0.02205283 0.08226416 -0.1425 0.02216901 0.0821283 -0.1425 0.02227855 0.08198716 -0.1425 0.02238118 0.08184107 -0.1425 0.02247665 0.08169041 -0.1425 0.02256472 0.08153555 -0.1425 0.02264517 0.08137686 -0.1425 0.0227178 0.08121476 -0.1425 0.02278243 0.08104963 -0.1425 0.0228389 0.0808819 -0.1425 0.02288707 0.08071197 -0.1425 0.02292682 0.08054027 -0.1425 0.02295805 0.08036723 -0.1425 0.02298068 0.08019328 -0.1425 0.02299466 0.08001884 -0.1425 0.02299995 0.07984436 -0.1425 0.02299654 0.07967027 -0.1425 0.02298443 0.07949699 -0.1425 0.02296367 0.07932497 -0.1425 0.02293429 0.07915462 -0.1425 0.02289637 0.07898637 -0.1425 0.02285001 0.07882065 -0.1425 0.02279532 0.0766843 -0.14325 0.02276906 0.07702627 -0.14325 0.02308295 0.07724767 -0.144 0.02461955 0.0767516 -0.144 0.02432007 0.07779517 -0.14325 0.02360115 0.07739779 -0.14325 0.02336124 0.07821448 -0.14325 0.0238003 0.07637527 -0.14325 0.02242268 0.07628782 -0.144 0.02397268 0.07615266 -0.1455 0.02665636 0.07670016 -0.14475 0.02563796 0.07651415 -0.1455 0.02683924 0.07580072 -0.1455 0.02645569 0.07732771 -0.14475 0.02593602 0.07777109 -0.144 0.02486816 0.07610229 -0.14325 0.02204725 0.07586093 -0.144 0.02358084 0.07545923 -0.1455 0.02623773 0.07610542 -0.14475 0.0252789 0.07512903 -0.1455 0.02600302 0.07586803 -0.14325 0.02164651 0.07547518 -0.144 0.02314845 0.07481094 -0.1455 0.02575214 0.07554938 -0.14475 0.02486241 0.07450574 -0.1455 0.02548571 0.07688432 -0.1455 0.02700388 0.07567484 -0.14325 0.02122443 0.0751344 -0.144 0.02267979 0.0742142 -0.1455 0.0252044 0.07503757 -0.14475 0.02439262 0.07393706 -0.1455 0.02490891 0.07552464 -0.14325 0.02078521 0.07484197 -0.144 0.02217953 0.07367498 -0.1455 0.02459998 0.07457508 -0.14475 0.02387421 0.07342863 -0.1455 0.02427836 0.07541891 -0.14325 0.02033322 0.07460081 -0.144 0.02165264 0.07319862 -0.1455 0.02394487 0.0741665 -0.14475 0.02331233 0.07298551 -0.1455 0.02360032 0.07535871 -0.14325 0.01987295 0.0744133 -0.144 0.02110436 0.07278985 -0.1455 0.02324558 0.07381591 -0.14475 0.02271255 0.07261211 -0.1455 0.02288153 0.07534464 -0.14325 0.01940898 0.07428132 -0.144 0.02054013 0.07245274 -0.1455 0.02250907 0.07352677 -0.14475 0.02208085 0.07231213 -0.1455 0.02212913 0.07537684 -0.14325 0.0189459 0.07420618 -0.144 0.01996556 0.07219064 -0.1455 0.02174265 0.07330197 -0.14475 0.0214235 0.07208856 -0.1455 0.0213506 0.07545498 -0.14325 0.01848834 0.07418861 -0.144 0.01938637 0.07314374 -0.14475 0.02074704 0.07200615 -0.1455 0.02095395 0.07194361 -0.1455 0.02055368 0.07557829 -0.14325 0.01804083 0.07422881 -0.144 0.01880831 0.07305364 -0.14475 0.02005818 0.07190111 -0.1455 0.02015079 0.07187873 -0.1455 0.01974628 0.07574555 -0.14325 0.01760782 0.07432635 -0.144 0.01823712 0.07187656 -0.1455 0.01934117 0.07303259 -0.14475 0.01936377 0.07189457 -0.1455 0.01893644 0.07595509 -0.14325 0.01719362 0.07448029 -0.144 0.01767848 0.07308076 -0.14475 0.01867072 0.07193273 -0.1455 0.01853312 0.07199096 -0.1455 0.0181322 0.07620483 -0.14325 0.01680234 0.07468908 -0.144 0.01713795 0.07206909 -0.1455 0.01773469 0.07319772 -0.14475 0.0179859 0.07216695 -0.1455 0.01734156 0.07649229 -0.14325 0.01643786 0.07495065 -0.144 0.01662089 0.07338228 -0.14475 0.01731614 0.07228427 -0.1455 0.01695379 0.07242078 -0.1455 0.01657236 0.07681461 -0.14325 0.01610383 0.07526241 -0.144 0.01613244 0.07257613 -0.1455 0.01619821 0.07363261 -0.14475 0.01666808 0.07274994 -0.1455 0.01583226 0.07716859 -0.14325 0.01580354 0.07562125 -0.144 0.01567747 0.07294177 -0.1455 0.01547544 0.07394621 -0.14475 0.01604816 0.07315116 -0.1455 0.01512862 0.07755071 -0.14325 0.01553999 0.07602361 -0.144 0.01526048 0.07337756 -0.1455 0.01479266 0.07431999 -0.14475 0.01546255 0.07362044 -0.1455 0.01446842 0.07795718 -0.14325 0.0153158 0.07646549 -0.144 0.01488563 0.07387917 -0.1455 0.01415668 0.07475021 -0.14475 0.01491707 0.07415313 -0.1455 0.01385822 0.07838393 -0.14325 0.01513319 0.0769425 -0.144 0.01455663 0.07523261 -0.14475 0.01441714 0.07444161 -0.1455 0.01357379 0.07474392 -0.1455 0.01330409 0.07882676 -0.14325 0.01499398 0.0774499 -0.144 0.01427677 0.0757624 -0.14475 0.01396772 0.0750593 -0.1455 0.0130498 0.07538696 -0.1455 0.01281155 0.07928124 -0.14325 0.01489956 0.07798264 -0.144 0.01404882 0.07633429 -0.14475 0.01357328 0.07572608 -0.1455 0.01258992 0.07607583 -0.1455 0.01238547 0.07974287 -0.14325 0.01485085 0.07853542 -0.144 0.01387504 0.07694262 -0.14475 0.01323774 0.07643534 -0.1455 0.01219871 0.07680371 -0.1455 0.0120301 0.08020705 -0.14325 0.01484836 0.07910276 -0.144 0.01375717 0.07758133 -0.14475 0.01296444 0.07718002 -0.1455 0.01188007 0.07756335 -0.1455 0.01174898 0.08066918 -0.14325 0.01489209 0.07967902 -0.144 0.01369637 0.07795274 -0.1455 0.01163715 0.07824408 -0.14475 0.0127561 0.07834721 -0.1455 0.01154488 0.08112466 -0.14325 0.01498161 0.08025848 -0.144 0.01369325 0.07892428 -0.14475 0.01261478 0.0787458 -0.1455 0.01147238 0.0791475 -0.1455 0.01141985 0.08156895 -0.14325 0.01511605 0.08083536 -0.144 0.01374784 0.07961517 -0.14475 0.01254188 0.07955132 -0.1455 0.0113874 0.07995626 -0.1455 0.01137512 0.08199766 -0.14325 0.01529405 0.08140393 -0.144 0.0138596 0.08030989 -0.14475 0.01253814 0.08036131 -0.1455 0.01138304 0.08076546 -0.1455 0.01141114 0.08240651 -0.14325 0.01551385 0.08195856 -0.144 0.01402741 0.08100153 -0.14475 0.01260359 0.0811677 -0.1455 0.01145935 0.08156704 -0.1455 0.01152755 0.08279144 -0.14325 0.01577327 0.08249372 -0.144 0.01424962 0.08196249 -0.1455 0.01161557 0.08168321 -0.14475 0.01273758 0.08235306 -0.1455 0.01172319 0.08314864 -0.14325 0.01606973 0.0830041 -0.144 0.014524 0.08234817 -0.14475 0.01293878 0.08273777 -0.1455 0.01185015 0.08311568 -0.1455 0.01199612 0.08347453 -0.14325 0.01640028 0.08348462 -0.144 0.01484784 0.08348585 -0.1455 0.01216076 0.08298978 -0.14475 0.01320519 0.08384734 -0.1455 0.01234363 0.0837659 -0.14325 0.01676163 0.08393051 -0.144 0.01521791 0.08360168 -0.14475 0.01353415 0.08419928 -0.1455 0.0125443 0.08454077 -0.1455 0.01276227 0.08401984 -0.14325 0.0171502 0.08433733 -0.144 0.01563055 0.0841778 -0.14475 0.01392241 0.08487097 -0.1455 0.01299698 0.08518906 -0.1455 0.01324786 0.08423383 -0.14325 0.01756212 0.08470106 -0.144 0.01608163 0.08471239 -0.14475 0.0143661 0.08549426 -0.1455 0.01351429 0.0857858 -0.1455 0.0137956 0.08440574 -0.14325 0.01799331 0.08501805 -0.144 0.01656669 0.08520014 -0.14475 0.01486082 0.08606294 -0.1455 0.01409109 0.08632502 -0.1455 0.01440002 0.08453387 -0.14325 0.01843946 0.08528518 -0.144 0.01708091 0.08563622 -0.14475 0.01540164 0.08657137 -0.1455 0.01472164 0.08680138 -0.1455 0.01505513 0.08461693 -0.14325 0.01889616 0.08549978 -0.144 0.01761916 0.08601627 -0.14475 0.01598319 0.08701449 -0.1455 0.01539968 0.08721015 -0.1455 0.01575442 0.08465411 -0.14325 0.01935886 0.08565972 -0.144 0.01817611 0.08633653 -0.14475 0.01659969 0.08738789 -0.1455 0.01611847 0.08754726 -0.1455 0.01649093 0.08464503 -0.14325 0.01982296 0.08576341 -0.144 0.01874622 0.08659383 -0.14475 0.01724502 0.08768787 -0.1455 0.01687087 0.08780936 -0.1455 0.01725735 0.0845898 -0.14325 0.02028385 0.08580983 -0.144 0.01932381 0.08678558 -0.14475 0.01791276 0.08791144 -0.1455 0.0176494 0.08799385 -0.1455 0.01804605 0.08448895 -0.14325 0.02073695 0.0857985 -0.144 0.01990316 0.0869099 -0.14475 0.01859627 0.08805639 -0.1455 0.01844632 0.08809889 -0.1455 0.01884921 0.08434348 -0.14325 0.02117776 0.08572955 -0.144 0.0204785 0.08696555 -0.14475 0.01928876 0.08812127 -0.1455 0.01925372 0.08812344 -0.1455 0.01965883 0.08415484 -0.14325 0.02160189 0.08560365 -0.144 0.02104412 0.08695197 -0.14475 0.01998336 0.08810543 -0.1455 0.02006356 0.08806727 -0.1455 0.02046688 0.08392491 -0.14325 0.02200514 0.08542206 -0.144 0.02159439 0.08686929 -0.14475 0.02067315 0.08800904 -0.1455 0.0208678 0.08793091 -0.1455 0.02126531 0.08365598 -0.14325 0.02238349 0.08518658 -0.144 0.02212384 0.08671835 -0.14475 0.02135128 0.08783305 -0.1455 0.02165844 0.08771573 -0.1455 0.02204621 0.08335071 -0.14325 0.02273317 0.08489956 -0.144 0.02262722 0.08650064 -0.14475 0.02201101 0.08757922 -0.1455 0.02242764 0.08742387 -0.1455 0.02280179 0.08301214 -0.14325 0.02305073 0.08456384 -0.144 0.02309952 0.08621832 -0.14475 0.02264579 0.08725006 -0.1455 0.02316774 0.08705823 -0.1455 0.02352456 0.08264363 -0.14325 0.023333 0.08418276 -0.144 0.02353604 0.0858742 -0.14475 0.0232493 0.08684884 -0.1455 0.02387138 0.08662244 -0.1455 0.02420733 0.08224885 -0.14325 0.02357717 0.08376012 -0.144 0.02393246 0.08612083 -0.1455 0.02484332 0.0854717 -0.14475 0.02381555 0.08637956 -0.1455 0.02453158 0.08183172 -0.14325 0.02378082 0.0833001 -0.144 0.02428482 0.08584687 -0.1455 0.02514178 0.08501482 -0.14475 0.02433891 0.08555839 -0.1455 0.02542621 0.08139639 -0.14325 0.02394193 0.08280729 -0.144 0.02458962 0.08525608 -0.1455 0.02569591 0.0845081 -0.14475 0.02481418 0.0849407 -0.1455 0.0259502 0.08094717 -0.14325 0.0240589 0.08228658 -0.144 0.02484385 0.08461304 -0.1455 0.02618845 0.08395657 -0.14475 0.02523664 0.08427392 -0.1455 0.02641008 0.08048855 -0.14325 0.02413055 0.08174314 -0.144 0.02504496 0.08336573 -0.14475 0.02560208 0.08392417 -0.1455 0.02661453 0.08356466 -0.1455 0.02680129 0.08002506 -0.14325 0.02415618 0.08118238 -0.144 0.02519097 0.08274143 -0.14475 0.02590687 0.08319629 -0.1455 0.0269699 0.08281998 -0.1455 0.02711993 0.07956133 -0.14325 0.02413554 0.08060986 -0.144 0.02528042 0.08208989 -0.14475 0.02614799 0.08243665 -0.1455 0.02725102 0.08204726 -0.1455 0.02736285 0.07910197 -0.14325 0.02406883 0.08003129 -0.144 0.02531242 0.08165279 -0.1455 0.02745512 0.08141758 -0.14475 0.02632304 0.0812542 -0.1455 0.02752761 0.07865152 -0.14325 0.02395671 0.07945241 -0.144 0.02528665 0.0808525 -0.1455 0.02758015 0.08073118 -0.14475 0.02643028 0.08044868 -0.1455 0.0276126 0.07887896 -0.144 0.02520337 0.08004374 -0.1455 0.02762488 0.08003751 -0.14475 0.02646865 0.07963869 -0.1455 0.02761696 0.07831666 -0.144 0.02506341 0.07923454 -0.1455 0.02758886 0.07934348 -0.14475 0.02643776 0.0788323 -0.1455 0.02754065 0.07843296 -0.1455 0.02747245 0.07865596 -0.14475 0.02633791 0.07803751 -0.1455 0.02738443 0.07764694 -0.1455 0.02727681 0.0779818 -0.14475 0.02617011 0.07726223 -0.1455 0.02714985 0.06948501 -0.14625 0.0214125 0.06934684 -0.14625 0.02035604 0.06769216 -0.147 0.0244071 0.06726473 -0.147 0.02315725 0.07007245 -0.14625 0.02345808 0.06972768 -0.14625 0.02244995 0.06413647 -0.1485 0.02877303 0.06596794 -0.14775 0.02678947 0.06676347 -0.14775 0.02815039 0.06890852 -0.147 0.02674855 0.06369397 -0.1485 0.02797077 0.06329201 -0.1485 0.02714746 0.06824191 -0.147 0.02560818 0.07590168 -0.14625 0.02937048 0.06931454 -0.14625 0.01929107 0.06696387 -0.147 0.02187105 0.06293158 -0.1485 0.02630512 0.06531187 -0.14775 0.02535611 0.06261359 -0.1485 0.02544587 0.06938844 -0.14625 0.01822818 0.06679257 -0.147 0.02056129 0.06233883 -0.1485 0.02457184 0.06480178 -0.14775 0.02386454 0.06210797 -0.1485 0.0236852 0.06956781 -0.14625 0.01717793 0.07295377 -0.1485 0.0364703 0.07211662 -0.1485 0.03609798 0.0739364 -0.14775 0.03410369 0.06675253 -0.147 0.01924098 0.06444273 -0.14775 0.0223296 0.0619216 -0.1485 0.02278815 0.06178017 -0.1485 0.02188293 0.06985085 -0.14625 0.01615076 0.06684415 -0.147 0.01792324 0.06168404 -0.1485 0.02097179 0.0642383 -0.14775 0.02076654 0.06163344 -0.1485 0.02005698 0.07023476 -0.14625 0.01515687 0.06706652 -0.147 0.01662118 0.06419052 -0.14775 0.01919089 0.06162851 -0.1485 0.01914079 0.06166925 -0.1485 0.01822549 0.07071572 -0.14625 0.01420615 0.06741743 -0.147 0.01534773 0.06429986 -0.14775 0.01761831 0.06175557 -0.1485 0.01731337 0.06188724 -0.1485 0.01640668 0.07128896 -0.14625 0.01330804 0.06789339 -0.147 0.01411554 0.06456523 -0.14775 0.01606443 0.06206395 -0.1485 0.01550767 0.06228524 -0.1485 0.0146186 0.07194876 -0.14625 0.01247147 0.06848966 -0.147 0.01293687 0.06498401 -0.14775 0.01454469 0.06255058 -0.1485 0.01374166 0.0628593 -0.1485 0.01287904 0.07268858 -0.14625 0.01170475 0.06920034 -0.147 0.01182342 0.06321064 -0.1485 0.01203287 0.06555201 -0.14775 0.01307421 0.06360371 -0.1485 0.01120527 0.07350108 -0.14625 0.01101551 0.07001835 -0.147 0.01078627 0.06626361 -0.14775 0.01166758 0.06403755 -0.1485 0.0103983 0.06451108 -0.1485 0.00961395 0.07437815 -0.14625 0.01041059 0.07093555 -0.147 0.009835719 0.06502311 -0.1485 0.00885418 0.06711172 -0.14775 0.0103388 0.06557238 -0.1485 0.008120877 0.0753111 -0.14625 0.009895998 0.07194285 -0.147 0.008981215 0.06808793 -0.14775 0.009101068 0.06615752 -0.1485 0.007415865 0.06677707 -0.1485 0.006740896 0.07629065 -0.14625 0.009476858 0.07303022 -0.147 0.008231253 0.0674295 -0.1485 0.006097648 0.06918253 -0.14775 0.007966683 0.06811317 -0.1485 0.00548772 0.07730706 -0.14625 0.009157333 0.07418686 -0.147 0.007593284 0.07038463 -0.14775 0.006946922 0.0688264 -0.1485 0.004912629 0.06956741 -0.1485 0.004373805 0.07835024 -0.14625 0.008940598 0.07540128 -0.147 0.007073649 0.07168229 -0.14775 0.006051919 0.07033436 -0.1485 0.003872586 0.07112534 -0.1485 0.00341022 0.07940982 -0.14625 0.008828808 0.07666139 -0.147 0.006677513 0.07306262 -0.14775 0.00529057 0.07193838 -0.1485 0.002987856 0.07277146 -0.1485 0.002606543 0.08047526 -0.14625 0.008823072 0.07795469 -0.147 0.006408813 0.07451189 -0.14775 0.004670439 0.07362252 -0.1485 0.00226723 0.07448943 -0.1485 0.001970761 0.08153597 -0.14625 0.008923449 0.07926831 -0.147 0.006270218 0.07601572 -0.14775 0.004197692 0.07537004 -0.1485 0.001717871 0.07626216 -0.1485 0.001509192 0.08258143 -0.14625 0.00912894 0.08058921 -0.147 0.006263107 0.07755913 -0.14775 0.003877026 0.07716357 -0.1485 0.00134524 0.07807204 -0.1485 0.001226423 0.08360123 -0.14625 0.009437503 0.08190425 -0.147 0.00638755 0.07912681 -0.14775 0.003711628 0.0789853 -0.1485 0.001153038 0.07990108 -0.1485 0.001125266 0.08458523 -0.14625 0.009846072 0.08320036 -0.147 0.006642311 0.08070316 -0.14775 0.003703142 0.08081711 -0.1485 0.001143177 0.08173111 -0.1485 0.001206725 0.08552367 -0.14625 0.01035059 0.08446468 -0.147 0.007024858 0.08227252 -0.14775 0.003851652 0.0826408 -0.1485 0.001315754 0.08354393 -0.1485 0.001469991 0.0864072 -0.14625 0.01094603 0.08568461 -0.147 0.007531387 0.08443824 -0.1485 0.001669054 0.08381931 -0.14775 0.004155683 0.08532153 -0.1485 0.001912448 0.08722707 -0.14625 0.01162649 0.08684805 -0.147 0.008156867 0.08619157 -0.1485 0.002199567 0.08532813 -0.14775 0.004612212 0.08704623 -0.1485 0.002529697 0.0879751 -0.14625 0.0123852 0.08794344 -0.147 0.008895079 0.08788338 -0.1485 0.002902018 0.086784 -0.14775 0.005216703 0.08870092 -0.1485 0.003315605 0.08864388 -0.14625 0.01321462 0.08895987 -0.147 0.009738688 0.08817244 -0.14775 0.005963148 0.08949683 -0.1485 0.003769428 0.09026913 -0.1485 0.004262361 0.08922675 -0.14625 0.0141065 0.08988726 -0.147 0.01067931 0.08947967 -0.14775 0.006844127 0.09101589 -0.1485 0.004793176 0.09173528 -0.1485 0.005360554 0.08971792 -0.14625 0.01505199 0.09071638 -0.147 0.01170759 0.09069267 -0.14775 0.007850887 0.09242548 -0.1485 0.005963086 0.09308479 -0.1485 0.006599273 0.0901125 -0.14625 0.01604169 0.091439 -0.147 0.01281332 0.09179942 -0.14775 0.008973421 0.09371158 -0.1485 0.007267532 0.09430427 -0.1485 0.007966204 0.09040659 -0.14625 0.01706575 0.09204794 -0.147 0.01398551 0.09278889 -0.14775 0.01020057 0.0948614 -0.1485 0.008693551 0.09538158 -0.1485 0.009447763 0.09059725 -0.14625 0.01811401 0.09253714 -0.147 0.0152125 0.09365127 -0.14775 0.01152015 0.09586353 -0.1485 0.01022697 0.09630603 -0.1485 0.01102923 0.09068259 -0.14625 0.01917604 0.09290173 -0.147 0.0164821 0.09437797 -0.14775 0.01291903 0.09670799 -0.1485 0.01185254 0.09706842 -0.1485 0.01269488 0.09066176 -0.14625 0.02024129 0.09313811 -0.147 0.01778169 0.09496178 -0.14775 0.01438331 0.09738641 -0.1485 0.01355413 0.09766117 -0.1485 0.01442816 0.09053497 -0.14625 0.02129918 0.09324391 -0.147 0.01909837 0.09539688 -0.14775 0.01589845 0.09789203 -0.1485 0.0153148 0.0980784 -0.1485 0.01621185 0.09030348 -0.14625 0.02233918 0.09321809 -0.147 0.02041903 0.09567897 -0.14775 0.01744938 0.09821983 -0.1485 0.01711707 0.09831596 -0.1485 0.01802821 0.08996959 -0.14625 0.02335097 0.0930609 -0.147 0.02173056 0.09580524 -0.14775 0.01902069 0.09836655 -0.1485 0.01894302 0.09837149 -0.1485 0.01985921 0.08953661 -0.14625 0.02432448 0.0927739 -0.147 0.02301992 0.09577441 -0.14775 0.02059677 0.09833075 -0.1485 0.02077451 0.09824443 -0.1485 0.02168663 0.08900887 -0.14625 0.02525005 0.09235995 -0.147 0.0242743 0.09558683 -0.14775 0.02216194 0.09811275 -0.1485 0.02259332 0.09793605 -0.1485 0.02349232 0.08839157 -0.14625 0.02611847 0.09182317 -0.147 0.02548123 0.09524433 -0.14775 0.02370066 0.09771475 -0.1485 0.0243814 0.09744942 -0.1485 0.02525834 0.08769089 -0.14625 0.02692111 0.09116888 -0.147 0.02662872 0.09475033 -0.14775 0.02519763 0.09714069 -0.1485 0.02612096 0.09678936 -0.1485 0.02696713 0.08691376 -0.14625 0.02765 0.09040359 -0.147 0.02770535 0.09410973 -0.14775 0.02663798 0.09639629 -0.1485 0.02779473 0.09596245 -0.1485 0.0286017 0.08606793 -0.14625 0.02829789 0.0895349 -0.147 0.02870044 0.0933289 -0.14775 0.02800738 0.09548892 -0.1485 0.02938605 0.09497689 -0.1485 0.03014582 0.08516179 -0.14625 0.02885834 0.08857145 -0.147 0.02960409 0.09384248 -0.1485 0.03158414 0.0924156 -0.14775 0.02929224 0.09442762 -0.1485 0.03087912 0.08420435 -0.14625 0.02932579 0.08752282 -0.147 0.03040732 0.09322293 -0.1485 0.03225911 0.09137891 -0.14775 0.03047977 0.0925705 -0.1485 0.03290235 0.08320513 -0.14625 0.02969558 0.08639941 -0.147 0.03110215 0.09188683 -0.1485 0.03351228 0.09022914 -0.14775 0.03155819 0.0911736 -0.1485 0.03408737 0.08217405 -0.14625 0.02996404 0.08521241 -0.147 0.03168168 0.09043259 -0.1485 0.03462619 0.0889777 -0.14775 0.03251676 0.08966564 -0.1485 0.03512741 0.08112136 -0.14625 0.03012851 0.08397361 -0.147 0.03214013 0.08763704 -0.14775 0.03334597 0.08887466 -0.1485 0.03558978 0.08806162 -0.1485 0.03601215 0.08005753 -0.14625 0.03018735 0.08269531 -0.147 0.03247297 0.08722854 -0.1485 0.03639346 0.08622047 -0.14775 0.03403757 0.08637748 -0.1485 0.03673277 0.07899313 -0.14625 0.03013997 0.08139023 -0.147 0.03267686 0.08474209 -0.14775 0.03458469 0.08551057 -0.1485 0.03702924 0.08462996 -0.1485 0.03728213 0.07793874 -0.14625 0.02998684 0.08007133 -0.147 0.03274981 0.08321658 -0.14775 0.03498189 0.08373784 -0.1485 0.03749081 0.08283643 -0.1485 0.03765476 0.07690483 -0.14625 0.02972949 0.07875172 -0.147 0.03269107 0.08192796 -0.1485 0.03777357 0.0816591 -0.14775 0.03522522 0.0810147 -0.1485 0.03784696 0.07744452 -0.147 0.03250123 0.08009892 -0.1485 0.03787473 0.08008512 -0.14775 0.03531227 0.07918289 -0.1485 0.03785682 0.07616271 -0.147 0.03218218 0.07491904 -0.147 0.03173709 0.07851031 -0.14775 0.03524217 0.07826889 -0.1485 0.03779327 0.0773592 -0.1485 0.03768425 0.07645607 -0.1485 0.03753001 0.07695029 -0.14775 0.03501562 0.07556176 -0.1485 0.03733094 0.07467847 -0.1485 0.03708755 0.07542059 -0.14775 0.03463486 0.07380843 -0.1485 0.03680043 0.07493926 -0.14625 0.02891337 0.07402714 -0.14625 0.02836271 0.07317438 -0.14625 0.02772396 0.07372587 -0.147 0.03117038 0.07238946 -0.14625 0.02700348 0.07259505 -0.147 0.03048769 0.07168017 -0.14625 0.02620843 0.07153783 -0.147 0.02969579 0.07251247 -0.14775 0.03342739 0.07129908 -0.1485 0.03568439 0.07050317 -0.1485 0.03523057 0.07105357 -0.14625 0.02534671 0.0705647 -0.147 0.02880256 0.06973087 -0.1485 0.03473764 0.07116296 -0.14775 0.03261266 0.06898411 -0.1485 0.03420683 0.07051588 -0.14625 0.02442688 0.06968536 -0.147 0.02781689 0.06990128 -0.14775 0.03166762 0.06826472 -0.1485 0.03363945 0.06757452 -0.1485 0.03303691 0.06873995 -0.14775 0.03060165 0.06691521 -0.1485 0.03240073 0.06628842 -0.1485 0.03173247 0.06569573 -0.1485 0.0310338 0.06769054 -0.14775 0.02942534 0.0651386 -0.1485 0.03030645 0.06461842 -0.1485 0.02955224 0.1018227 -0.1485 0.009511488 0.1022934 -0.1485 0.01061168 0.1012977 -0.1485 0.008436133 0.1027088 -0.1485 0.01173396 0.1030677 -0.1485 0.01287555 0.1033692 -0.1485 0.01403362 0.1007197 -0.1485 0.007388285 0.1000902 -0.1485 0.006370548 0.1036126 -0.1485 0.01520527 0.09941081 -0.1485 0.005385454 0.1037973 -0.1485 0.0163876 0.097909 -0.1485 0.0035229 0.09868313 -0.1485 0.004435451 0.1039229 -0.1485 0.01757767 0.09709035 -0.1485 0.00265007 0.103989 -0.1485 0.01877251 0.1039954 -0.1485 0.01996917 0.1039422 -0.1485 0.02116466 0.09532771 -0.1485 0.001032153 0.0962292 -0.1485 0.001819133 0.1038295 -0.1485 0.02235601 0.09438811 -0.1485 0.0002910866 0.1036575 -0.1485 0.02354026 0.09341273 -0.1485 -0.0004022232 0.1034267 -0.1485 0.02471447 0.1031376 -0.1485 0.02587571 0.09136446 -0.1485 -0.001638802 0.09240402 -0.1485 -0.001046053 0.09029665 -0.1485 -0.002178997 0.1027911 -0.1485 0.0270211 0.1023878 -0.1485 0.02814779 0.08920325 -0.1485 -0.002665294 0.101929 -0.1485 0.02925298 0.08808696 -0.1485 -0.003096484 0.1014156 -0.1485 0.03033393 0.08695056 -0.1485 -0.003471497 0.1008489 -0.1485 0.03138794 0.08579689 -0.1485 -0.003789398 0.1002304 -0.1485 0.03241239 0.0846288 -0.1485 -0.004049399 0.09956165 -0.1485 0.03340474 0.08344921 -0.1485 -0.004250852 0.09884424 -0.1485 0.03436253 0.09807998 -0.1485 0.03528336 0.08226104 -0.1485 -0.004393257 0.08106725 -0.1485 -0.004476259 0.09727077 -0.1485 0.03616495 0.0798708 -0.1485 -0.004499652 0.09641862 -0.1485 0.03700511 0.07867467 -0.1485 -0.004463379 0.09552565 -0.1485 0.03780175 0.07748185 -0.1485 -0.004367528 0.09459409 -0.1485 0.03855289 0.07511793 -0.1485 -0.003998199 0.07629528 -0.1485 -0.00421234 0.09362624 -0.1485 0.03925666 0.0926245 -0.1485 0.03991132 0.09159139 -0.1485 0.04051522 0.07395271 -0.1485 -0.003725637 0.07280252 -0.1485 -0.003395333 0.09052946 -0.1485 0.04106688 0.07167023 -0.1485 -0.003008108 0.08944135 -0.1485 0.04156492 0.07055865 -0.1485 -0.002564924 0.08832977 -0.1485 0.04200811 0.06947054 -0.1485 -0.002066883 0.08719748 -0.1485 0.04239533 0.06840861 -0.1485 -0.001515223 0.08604729 -0.1485 0.04272564 0.0673755 -0.1485 -0.0009113159 0.08488207 -0.1485 0.0429982 0.06637376 -0.1485 -0.0002566633 0.08370472 -0.1485 0.04321234 0.06540591 -0.1485 0.0004471075 0.08251815 -0.1485 0.04336753 0.06447435 -0.1485 0.001198247 0.08132533 -0.1485 0.04346338 0.06358138 -0.1485 0.001994887 0.0801292 -0.1485 0.04349965 0.06272923 -0.1485 0.002835048 0.07893275 -0.1485 0.04347626 0.06192002 -0.1485 0.00371664 0.07773896 -0.1485 0.04339326 0.06115576 -0.1485 0.004637473 0.07655079 -0.1485 0.04325085 0.06043835 -0.1485 0.005595256 0.0753712 -0.1485 0.0430494 0.05976957 -0.1485 0.006587608 0.07420311 -0.1485 0.0427894 0.05915109 -0.1485 0.007612063 0.07304944 -0.1485 0.0424715 0.05858445 -0.1485 0.008666073 0.07191304 -0.1485 0.04209649 0.05807104 -0.1485 0.009747018 0.07079675 -0.1485 0.04166529 0.05761215 -0.1485 0.01085221 0.06970335 -0.1485 0.041179 0.05720893 -0.1485 0.0119789 0.06863554 -0.1485 0.0406388 0.05686236 -0.1485 0.01312429 0.06759598 -0.1485 0.04004605 0.05657332 -0.1485 0.01428553 0.06658727 -0.1485 0.03940222 0.05634252 -0.1485 0.01545974 0.06561189 -0.1485 0.03870891 0.05617054 -0.1485 0.01664399 0.06467229 -0.1485 0.03796785 0.0560578 -0.1485 0.01783534 0.0637708 -0.1485 0.03718087 0.05600459 -0.1485 0.01903083 0.06290966 -0.1485 0.03634993 0.05601103 -0.1485 0.02022749 0.062091 -0.1485 0.0354771 0.05607711 -0.1485 0.02142233 0.06131687 -0.1485 0.03456455 0.05620267 -0.1485 0.0226124 0.06058919 -0.1485 0.03361455 0.05638739 -0.1485 0.02379473 0.05990977 -0.1485 0.03262945 0.05663082 -0.1485 0.02496638 0.05928029 -0.1485 0.03161172 0.05693235 -0.1485 0.02612445 0.05870233 -0.1485 0.03056387 0.05729122 -0.1485 0.02726604 0.05817731 -0.1485 0.02948851 0.05770655 -0.1485 0.02838832 0.07079675 -0.144 0.04166529 0.06970335 -0.144 0.041179 0.06863554 -0.144 0.0406388 0.06759598 -0.144 0.04004605 0.06658727 -0.144 0.03940222 0.06561189 -0.144 0.03870891 0.06467229 -0.144 0.03796785 0.0637708 -0.144 0.03718087 0.06290966 -0.144 0.03634993 0.062091 -0.144 0.0354771 0.06131687 -0.144 0.03456455 0.06058919 -0.144 0.03361455 0.05990977 -0.144 0.03262945 0.05928029 -0.144 0.03161172 0.05870233 -0.144 0.03056387 0.05817731 -0.144 0.02948851 0.05770655 -0.144 0.02838832 0.05729122 -0.144 0.02726604 0.05693235 -0.144 0.02612445 0.05663082 -0.144 0.02496638 0.05638739 -0.144 0.02379473 0.05620267 -0.144 0.0226124 0.05607711 -0.144 0.02142233 0.05601103 -0.144 0.02022749 0.05600459 -0.144 0.01903083 0.0560578 -0.144 0.01783534 0.05617054 -0.144 0.01664399 0.05634252 -0.144 0.01545974 0.05657332 -0.144 0.01428553 0.05686236 -0.144 0.01312429 0.05720893 -0.144 0.0119789 0.05761215 -0.144 0.01085221 0.05807104 -0.144 0.009747018 0.05858445 -0.144 0.008666073 0.05915109 -0.144 0.007612063 0.05976957 -0.144 0.006587608 0.06043835 -0.144 0.005595256 0.06115576 -0.144 0.004637473 0.06192002 -0.144 0.00371664 0.06272923 -0.144 0.002835048 0.06358138 -0.144 0.001994887 0.06447435 -0.144 0.001198247 0.06540591 -0.144 0.0004471075 0.06637376 -0.144 -0.0002566633 0.0673755 -0.144 -0.0009113159 0.06840861 -0.144 -0.001515223 0.06947054 -0.144 -0.002066883 0.07055865 -0.144 -0.002564924 0.07167023 -0.144 -0.003008108 0.07280252 -0.144 -0.003395333 0.07395271 -0.144 -0.003725637 0.07511793 -0.144 -0.003998199 0.07629528 -0.144 -0.00421234 0.07748185 -0.144 -0.004367528 0.07867467 -0.144 -0.004463379 0.0798708 -0.144 -0.004499652 0.08106725 -0.144 -0.004476259 0.08226104 -0.144 -0.004393257 0.08344921 -0.144 -0.004250852 0.0846288 -0.144 -0.004049399 0.08579689 -0.144 -0.003789398 0.08695056 -0.144 -0.003471497 0.08808696 -0.144 -0.003096484 0.08920325 -0.144 -0.002665294 0.09029665 -0.144 -0.002178997 0.09136446 -0.144 -0.001638802 0.09240402 -0.144 -0.001046053 0.09341273 -0.144 -0.0004022232 0.09438811 -0.144 0.0002910866 0.09532771 -0.144 0.001032153 0.0962292 -0.144 0.001819133 0.09709035 -0.144 0.00265007 0.097909 -0.144 0.0035229 0.09868313 -0.144 0.004435451 0.09941081 -0.144 0.005385454 0.1000902 -0.144 0.006370548 0.1007197 -0.144 0.007388285 0.1012977 -0.144 0.008436133 0.1018227 -0.144 0.009511488 0.1022934 -0.144 0.01061168 0.1027088 -0.144 0.01173396 0.1030677 -0.144 0.01287555 0.1033692 -0.144 0.01403362 0.1036126 -0.144 0.01520527 0.1037973 -0.144 0.0163876 0.1039229 -0.144 0.01757767 0.103989 -0.144 0.01877251 0.1039954 -0.144 0.01996917 0.1039422 -0.144 0.02116466 0.1038295 -0.144 0.02235601 0.1036575 -0.144 0.02354026 0.1034267 -0.144 0.02471447 0.1031376 -0.144 0.02587571 0.1027911 -0.144 0.0270211 0.1023878 -0.144 0.02814779 0.101929 -0.144 0.02925298 0.1014156 -0.144 0.03033393 0.1008489 -0.144 0.03138794 0.1002304 -0.144 0.03241239 0.09956165 -0.144 0.03340474 0.09884424 -0.144 0.03436253 0.09807998 -0.144 0.03528336 0.09727077 -0.144 0.03616495 0.09641862 -0.144 0.03700511 0.09552565 -0.144 0.03780175 0.09459409 -0.144 0.03855289 0.09362624 -0.144 0.03925666 0.0926245 -0.144 0.03991132 0.09159139 -0.144 0.04051522 0.09052946 -0.144 0.04106688 0.08944135 -0.144 0.04156492 0.08832977 -0.144 0.04200811 0.08719748 -0.144 0.04239533 0.08604729 -0.144 0.04272564 0.08488207 -0.144 0.0429982 0.08370472 -0.144 0.04321234 0.08251815 -0.144 0.04336753 0.08132533 -0.144 0.04346338 0.0801292 -0.144 0.04349965 0.07893275 -0.144 0.04347626 0.07773896 -0.144 0.04339326 0.07655079 -0.144 0.04325085 0.0753712 -0.144 0.0430494 0.07420311 -0.144 0.0427894 0.07304944 -0.144 0.0424715 0.07191304 -0.144 0.04209649 0.1081876 -0.144 0.006598172 0.1087957 -0.144 0.008019247 0.1093322 -0.144 0.009468865 0.1075095 -0.144 0.005209172 0.1097957 -0.144 0.01094342 0.1101852 -0.144 0.01243925 0.1059499 -0.144 0.002541125 0.106763 -0.144 0.003855701 0.1104996 -0.144 0.01395264 0.1041324 -0.144 4.162335e-05 0.1050723 -0.144 0.001268711 0.1107382 -0.144 0.01547982 0.1109004 -0.144 0.01701699 0.1031325 -0.144 -0.001137088 0.1109858 -0.144 0.01856033 0.102075 -0.144 -0.002264492 0.1109941 -0.144 0.02010601 0.1109253 -0.144 0.02165018 0.1009627 -0.144 -0.003337787 0.1107797 -0.144 0.02318901 0.09979829 -0.144 -0.004354303 0.09858464 -0.144 -0.005311513 0.1105576 -0.144 0.02471867 0.1102595 -0.144 0.02623535 0.09732478 -0.144 -0.006207038 0.0946791 -0.144 -0.007804286 0.09602186 -0.144 -0.007038651 0.1098861 -0.144 0.02773529 0.1094385 -0.144 0.02921475 0.1089176 -0.144 0.03067006 0.09329984 -0.144 -0.008502037 0.09044566 -0.144 -0.009687126 0.09188753 -0.144 -0.009130171 0.1083249 -0.144 0.0320976 0.1076618 -0.144 0.03349382 0.1069298 -0.144 0.03485525 0.08897781 -0.144 -0.01017152 0.08748765 -0.144 -0.01058214 0.106131 -0.144 0.0361785 0.1052671 -0.144 0.03746029 0.08445522 -0.144 -0.01117818 0.08597887 -0.144 -0.01091797 0.1043405 -0.144 0.03869743 0.08292051 -0.144 -0.01136212 0.1033533 -0.144 0.03988684 0.07983312 -0.144 -0.01149955 0.08137852 -0.144 -0.01146933 0.1023081 -0.144 0.04102556 0.1012074 -0.144 0.04211077 0.07828812 -0.144 -0.0114527 0.100054 -0.144 0.04313976 0.07674739 -0.144 -0.01132889 0.09885069 -0.144 0.04410999 0.07521474 -0.144 -0.01112844 0.09760056 -0.144 0.04501902 0.07369398 -0.144 -0.01085184 0.07218891 -0.144 -0.01049978 0.09630666 -0.144 0.04586462 0.09497221 -0.144 0.04664466 0.07070325 -0.144 -0.01007314 0.09360056 -0.144 0.04735722 0.06924072 -0.144 -0.009572972 0.09219508 -0.144 0.04800053 0.06780492 -0.144 -0.009000526 0.09075928 -0.144 0.04857297 0.06639944 -0.144 -0.008357224 0.08929675 -0.144 0.04907314 0.06502779 -0.144 -0.007644663 0.08781109 -0.144 0.04949978 0.06369334 -0.144 -0.006864616 0.08630602 -0.144 0.04985184 0.06239945 -0.144 -0.006019023 0.08478526 -0.144 0.05012844 0.06114931 -0.144 -0.005109986 0.08325261 -0.144 0.05032889 0.05994603 -0.144 -0.004139765 0.08171188 -0.144 0.0504527 0.05879262 -0.144 -0.003110771 0.08016688 -0.144 0.05049955 0.05769193 -0.144 -0.002025563 0.07862148 -0.144 0.05046933 0.0566467 -0.144 -0.0008868394 0.07707949 -0.144 0.05036212 0.05565953 -0.144 0.0003025691 0.07554478 -0.144 0.05017818 0.05473287 -0.144 0.001539705 0.07402113 -0.144 0.04991797 0.05386903 -0.144 0.002821494 0.07251235 -0.144 0.04958214 0.05307016 -0.144 0.004144748 0.07102219 -0.144 0.04917152 0.05233824 -0.144 0.005506177 0.06955434 -0.144 0.04868713 0.05167509 -0.144 0.006902398 0.06811247 -0.144 0.04813017 0.05108236 -0.144 0.008329938 0.06670016 -0.144 0.04750204 0.05056153 -0.144 0.009785248 0.0653209 -0.144 0.04680429 0.05011388 -0.144 0.01126471 0.06397814 -0.144 0.04603865 0.04974054 -0.144 0.01276465 0.06267522 -0.144 0.04520704 0.04944242 -0.144 0.01428133 0.06141536 -0.144 0.04431151 0.04922028 -0.144 0.01581099 0.06020171 -0.144 0.0433543 0.04907466 -0.144 0.01734982 0.05903728 -0.144 0.04233779 0.04900592 -0.144 0.01889399 0.05792497 -0.144 0.04126449 0.04901424 -0.144 0.02043967 0.05686754 -0.144 0.04013709 0.0490996 -0.144 0.02198301 0.05586762 -0.144 0.03895838 0.04926178 -0.144 0.02352019 0.0549277 -0.144 0.03773129 0.04950038 -0.144 0.02504736 0.05405011 -0.144 0.03645887 0.04981481 -0.144 0.02656075 0.05323704 -0.144 0.0351443 0.05020428 -0.144 0.02805658 0.05249051 -0.144 0.03379083 0.05066783 -0.144 0.02953113 0.05181236 -0.144 0.03240183 0.0512043 -0.144 0.03098075 0.06811247 -0.1348 0.04813017 0.06670016 -0.1348 0.04750204 0.0653209 -0.1348 0.04680429 0.06397814 -0.1348 0.04603865 0.06267522 -0.1348 0.04520704 0.06141536 -0.1348 0.04431151 0.06020171 -0.1348 0.0433543 0.05903728 -0.1348 0.04233779 0.05792497 -0.1348 0.04126449 0.05686754 -0.1348 0.04013709 0.05586762 -0.1348 0.03895838 0.0549277 -0.1348 0.03773129 0.05405011 -0.1348 0.03645887 0.05323704 -0.1348 0.0351443 0.05249051 -0.1348 0.03379083 0.05181236 -0.1348 0.03240183 0.0512043 -0.1348 0.03098075 0.05066783 -0.1348 0.02953113 0.05020428 -0.1348 0.02805658 0.04981481 -0.1348 0.02656075 0.04950038 -0.1348 0.02504736 0.04926178 -0.1348 0.02352019 0.0490996 -0.1348 0.02198301 0.04901424 -0.1348 0.02043967 0.04900592 -0.1348 0.01889399 0.04907466 -0.1348 0.01734982 0.04922028 -0.1348 0.01581099 0.04944242 -0.1348 0.01428133 0.04974054 -0.1348 0.01276465 0.05011388 -0.1348 0.01126471 0.05056153 -0.1348 0.009785248 0.05108236 -0.1348 0.008329938 0.05167509 -0.1348 0.006902398 0.05233824 -0.1348 0.005506177 0.05307016 -0.1348 0.004144748 0.05386903 -0.1348 0.002821494 0.05473287 -0.1348 0.001539705 0.05565953 -0.1348 0.0003025691 0.0566467 -0.1348 -0.0008868394 0.05769193 -0.1348 -0.002025563 0.05879262 -0.1348 -0.003110771 0.05994603 -0.1348 -0.004139765 0.06114931 -0.1348 -0.005109986 0.06239945 -0.1348 -0.006019023 0.06369334 -0.1348 -0.006864616 0.06502779 -0.1348 -0.007644663 0.06639944 -0.1348 -0.008357224 0.06780492 -0.1348 -0.009000526 0.06924072 -0.1348 -0.009572972 0.07070325 -0.1348 -0.01007314 0.07218891 -0.1348 -0.01049978 0.07369398 -0.1348 -0.01085184 0.07521474 -0.1348 -0.01112844 0.07674739 -0.1348 -0.01132889 0.07828812 -0.1348 -0.0114527 0.07983312 -0.1348 -0.01149955 0.08137852 -0.1348 -0.01146933 0.08292051 -0.1348 -0.01136212 0.08445522 -0.1348 -0.01117818 0.08597887 -0.1348 -0.01091797 0.08748765 -0.1348 -0.01058214 0.08897781 -0.1348 -0.01017152 0.09044566 -0.1348 -0.009687126 0.09188753 -0.1348 -0.009130171 0.09329984 -0.1348 -0.008502037 0.0946791 -0.1348 -0.007804286 0.09602186 -0.1348 -0.007038651 0.09732478 -0.1348 -0.006207038 0.09858464 -0.1348 -0.005311513 0.09979829 -0.1348 -0.004354303 0.1009627 -0.1348 -0.003337787 0.102075 -0.1348 -0.002264492 0.1031325 -0.1348 -0.001137088 0.1041324 -0.1348 4.162335e-05 0.1050723 -0.1348 0.001268711 0.1059499 -0.1348 0.002541125 0.106763 -0.1348 0.003855701 0.1075095 -0.1348 0.005209172 0.1081876 -0.1348 0.006598172 0.1087957 -0.1348 0.008019247 0.1093322 -0.1348 0.009468865 0.1097957 -0.1348 0.01094342 0.1101852 -0.1348 0.01243925 0.1104996 -0.1348 0.01395264 0.1107382 -0.1348 0.01547982 0.1109004 -0.1348 0.01701699 0.1109858 -0.1348 0.01856033 0.1109941 -0.1348 0.02010601 0.1109253 -0.1348 0.02165018 0.1107797 -0.1348 0.02318901 0.1105576 -0.1348 0.02471867 0.1102595 -0.1348 0.02623535 0.1098861 -0.1348 0.02773529 0.1094385 -0.1348 0.02921475 0.1089176 -0.1348 0.03067006 0.1083249 -0.1348 0.0320976 0.1076618 -0.1348 0.03349382 0.1069298 -0.1348 0.03485525 0.106131 -0.1348 0.0361785 0.1052671 -0.1348 0.03746029 0.1043405 -0.1348 0.03869743 0.1033533 -0.1348 0.03988684 0.1023081 -0.1348 0.04102556 0.1012074 -0.1348 0.04211077 0.100054 -0.1348 0.04313976 0.09885069 -0.1348 0.04410999 0.09760056 -0.1348 0.04501902 0.09630666 -0.1348 0.04586462 0.09497221 -0.1348 0.04664466 0.09360056 -0.1348 0.04735722 0.09219508 -0.1348 0.04800053 0.09075928 -0.1348 0.04857297 0.08929675 -0.1348 0.04907314 0.08781109 -0.1348 0.04949978 0.08630602 -0.1348 0.04985184 0.08478526 -0.1348 0.05012844 0.08325261 -0.1348 0.05032889 0.08171188 -0.1348 0.0504527 0.08016688 -0.1348 0.05049955 0.07862148 -0.1348 0.05046933 0.07707949 -0.1348 0.05036212 0.07554478 -0.1348 0.05017818 0.07402113 -0.1348 0.04991797 0.07251235 -0.1348 0.04958214 0.07102219 -0.1348 0.04917152 0.06955434 -0.1348 0.04868713 0.07167023 -0.1348 -0.003008108 0.07055865 -0.1348 -0.002564924 0.06947054 -0.1348 -0.002066883 0.07280252 -0.1348 -0.003395333 0.06840861 -0.1348 -0.001515223 0.07395271 -0.1348 -0.003725637 0.0673755 -0.1348 -0.0009113159 0.07511793 -0.1348 -0.003998199 0.06637376 -0.1348 -0.0002566633 0.07629528 -0.1348 -0.00421234 0.06540591 -0.1348 0.0004471075 0.07748185 -0.1348 -0.004367528 0.06447435 -0.1348 0.001198247 0.07867467 -0.1348 -0.004463379 0.06358138 -0.1348 0.001994887 0.0798708 -0.1348 -0.004499652 0.06272923 -0.1348 0.002835048 0.08106725 -0.1348 -0.004476259 0.06192002 -0.1348 0.00371664 0.08226104 -0.1348 -0.004393257 0.06115576 -0.1348 0.004637473 0.08344921 -0.1348 -0.004250852 0.06043835 -0.1348 0.005595256 0.0846288 -0.1348 -0.004049399 0.05976957 -0.1348 0.006587608 0.08579689 -0.1348 -0.003789398 0.05915109 -0.1348 0.007612063 0.08695056 -0.1348 -0.003471497 0.05858445 -0.1348 0.008666073 0.08808696 -0.1348 -0.003096484 0.05807104 -0.1348 0.009747018 0.08920325 -0.1348 -0.002665294 0.05761215 -0.1348 0.01085221 0.09029665 -0.1348 -0.002178997 0.05720893 -0.1348 0.0119789 0.09136446 -0.1348 -0.001638802 0.05686236 -0.1348 0.01312429 0.09240402 -0.1348 -0.001046053 0.05657332 -0.1348 0.01428553 0.09341273 -0.1348 -0.0004022232 0.05634252 -0.1348 0.01545974 0.09438811 -0.1348 0.0002910866 0.05617054 -0.1348 0.01664399 0.09532771 -0.1348 0.001032153 0.0560578 -0.1348 0.01783534 0.0962292 -0.1348 0.001819133 0.05600459 -0.1348 0.01903083 0.09709035 -0.1348 0.00265007 0.05601103 -0.1348 0.02022749 0.097909 -0.1348 0.0035229 0.05607711 -0.1348 0.02142233 0.09868313 -0.1348 0.004435451 0.05620267 -0.1348 0.0226124 0.09941081 -0.1348 0.005385454 0.05638739 -0.1348 0.02379473 0.1000902 -0.1348 0.006370548 0.05663082 -0.1348 0.02496638 0.1007197 -0.1348 0.007388285 0.05693235 -0.1348 0.02612445 0.1012977 -0.1348 0.008436133 0.05729122 -0.1348 0.02726604 0.1018227 -0.1348 0.009511488 0.05770655 -0.1348 0.02838832 0.1022934 -0.1348 0.01061168 0.05817731 -0.1348 0.02948851 0.1027088 -0.1348 0.01173396 0.05870233 -0.1348 0.03056387 0.1030677 -0.1348 0.01287555 0.1033692 -0.1348 0.01403362 0.05928029 -0.1348 0.03161172 0.1036126 -0.1348 0.01520527 0.05990977 -0.1348 0.03262945 0.06058919 -0.1348 0.03361455 0.1037973 -0.1348 0.0163876 0.06131687 -0.1348 0.03456455 0.1039229 -0.1348 0.01757767 0.06290966 -0.1348 0.03634993 0.062091 -0.1348 0.0354771 0.103989 -0.1348 0.01877251 0.0637708 -0.1348 0.03718087 0.1039954 -0.1348 0.01996917 0.1039422 -0.1348 0.02116466 0.06467229 -0.1348 0.03796785 0.1038295 -0.1348 0.02235601 0.06561189 -0.1348 0.03870891 0.1036575 -0.1348 0.02354026 0.06658727 -0.1348 0.03940222 0.1034267 -0.1348 0.02471447 0.06759598 -0.1348 0.04004605 0.1031376 -0.1348 0.02587571 0.06863554 -0.1348 0.0406388 0.1027911 -0.1348 0.0270211 0.1023878 -0.1348 0.02814779 0.06970335 -0.1348 0.041179 0.101929 -0.1348 0.02925298 0.07079675 -0.1348 0.04166529 0.07191304 -0.1348 0.04209649 0.1014156 -0.1348 0.03033393 0.07420311 -0.1348 0.0427894 0.07304944 -0.1348 0.0424715 0.1008489 -0.1348 0.03138794 0.1002304 -0.1348 0.03241239 0.07655079 -0.1348 0.04325085 0.0753712 -0.1348 0.0430494 0.09956165 -0.1348 0.03340474 0.09884424 -0.1348 0.03436253 0.07773896 -0.1348 0.04339326 0.09807998 -0.1348 0.03528336 0.07893275 -0.1348 0.04347626 0.09727077 -0.1348 0.03616495 0.0801292 -0.1348 0.04349965 0.09641862 -0.1348 0.03700511 0.09552565 -0.1348 0.03780175 0.08251815 -0.1348 0.04336753 0.08132533 -0.1348 0.04346338 0.09459409 -0.1348 0.03855289 0.08370472 -0.1348 0.04321234 0.09362624 -0.1348 0.03925666 0.08604729 -0.1348 0.04272564 0.08488207 -0.1348 0.0429982 0.0926245 -0.1348 0.03991132 0.09159139 -0.1348 0.04051522 0.08832977 -0.1348 0.04200811 0.08719748 -0.1348 0.04239533 0.09052946 -0.1348 0.04106688 0.08944135 -0.1348 0.04156492 0.0707776 -0.145 0.04171144 0.06968191 -0.1488 0.04122413 0.06968191 -0.145 0.04122413 0.0707776 -0.1488 0.04171144 0.06861188 -0.1488 0.04068281 0.06861188 -0.145 0.04068281 0.06757016 -0.1488 0.04008883 0.06757016 -0.145 0.04008883 0.06655934 -0.1488 0.03944366 0.06655934 -0.145 0.03944366 0.06558194 -0.145 0.0387489 0.06558194 -0.1488 0.0387489 0.06464038 -0.1488 0.03800629 0.06464038 -0.145 0.03800629 0.06373701 -0.1488 0.03721767 0.06373701 -0.145 0.03721767 0.06287408 -0.145 0.03638501 0.06287408 -0.1488 0.03638501 0.06205372 -0.1488 0.03551036 0.06205372 -0.145 0.03551036 0.06127798 -0.145 0.03459591 0.06127798 -0.1488 0.03459591 0.06054878 -0.1488 0.03364393 0.06054878 -0.145 0.03364393 0.05986794 -0.1488 0.03265678 0.05986794 -0.145 0.03265678 0.05923716 -0.1488 0.03163693 0.05923716 -0.145 0.03163693 0.05865799 -0.1488 0.0305869 0.05865799 -0.145 0.0305869 0.05813188 -0.1488 0.02950931 0.05813188 -0.145 0.02950931 0.05766014 -0.1488 0.02840683 0.05766014 -0.145 0.02840683 0.05724395 -0.1488 0.02728221 0.05724395 -0.145 0.02728221 0.05688432 -0.1488 0.02613824 0.05688432 -0.145 0.02613824 0.05658217 -0.1488 0.02497776 0.05658217 -0.145 0.02497776 0.05633823 -0.1488 0.02380367 0.05633823 -0.145 0.02380367 0.05615313 -0.1488 0.02261888 0.05615313 -0.145 0.02261888 0.05602731 -0.1488 0.02142633 0.05602731 -0.145 0.02142633 0.05596109 -0.145 0.020229 0.05596109 -0.1488 0.020229 0.05595463 -0.1488 0.01902985 0.05595463 -0.145 0.01902985 0.05600796 -0.1488 0.01783187 0.05600796 -0.145 0.01783187 0.05612093 -0.1488 0.01663804 0.05612093 -0.145 0.01663804 0.05629327 -0.145 0.01545133 0.05629327 -0.1488 0.01545133 0.05652455 -0.145 0.01427468 0.05652455 -0.1488 0.01427468 0.05681419 -0.1488 0.01311102 0.05681419 -0.145 0.01311102 0.05716148 -0.145 0.01196324 0.05716148 -0.1488 0.01196324 0.05756554 -0.1488 0.01083421 0.05756554 -0.145 0.01083421 0.05802539 -0.145 0.009726713 0.05802539 -0.1488 0.009726713 0.05853986 -0.1488 0.008643518 0.05853986 -0.145 0.008643518 0.05910769 -0.1488 0.007587315 0.05910769 -0.145 0.007587315 0.05972746 -0.1488 0.006560727 0.05972746 -0.145 0.006560727 0.06039763 -0.145 0.005566309 0.06039763 -0.1488 0.005566309 0.06111653 -0.1488 0.004606532 0.06111653 -0.145 0.004606532 0.06188239 -0.1488 0.003683783 0.06188239 -0.145 0.003683783 0.06269328 -0.145 0.002800355 0.06269328 -0.1488 0.002800355 0.0635472 -0.1488 0.001958445 0.0635472 -0.145 0.001958445 0.06444202 -0.145 0.001160146 0.06444202 -0.1488 0.001160146 0.06537553 -0.1488 0.000407443 0.06537553 -0.145 0.000407443 0.0663454 -0.145 -0.0002977929 0.0663454 -0.1488 -0.0002977929 0.06734921 -0.145 -0.0009538084 0.06734921 -0.1488 -0.0009538084 0.06838448 -0.1488 -0.001558972 0.06838448 -0.145 -0.001558972 0.06944862 -0.1488 -0.002111781 0.06944862 -0.145 -0.002111781 0.07053899 -0.1488 -0.002610858 0.07053899 -0.145 -0.002610858 0.07165289 -0.1488 -0.003054965 0.07165289 -0.145 -0.003054965 0.07278754 -0.1488 -0.003442997 0.07278754 -0.145 -0.003442997 0.07394012 -0.1488 -0.003773988 0.07394012 -0.145 -0.003773988 0.07510776 -0.1488 -0.004047117 0.07510776 -0.145 -0.004047117 0.07628757 -0.1488 -0.004261704 0.07628757 -0.145 -0.004261704 0.07747661 -0.1488 -0.004417216 0.07747661 -0.145 -0.004417216 0.07867192 -0.1488 -0.004513266 0.07867192 -0.145 -0.004513266 0.07987053 -0.1488 -0.004549615 0.07987053 -0.145 -0.004549615 0.08106947 -0.1488 -0.004526173 0.08106947 -0.145 -0.004526173 0.08226575 -0.145 -0.004442998 0.08226575 -0.1488 -0.004442998 0.08345639 -0.1488 -0.004300297 0.08345639 -0.145 -0.004300297 0.08463844 -0.1488 -0.004098424 0.08463844 -0.145 -0.004098424 0.08580896 -0.1488 -0.003837883 0.08580896 -0.145 -0.003837883 0.08696503 -0.1488 -0.003519319 0.08696503 -0.145 -0.003519319 0.08810379 -0.1488 -0.003143526 0.08810379 -0.145 -0.003143526 0.0892224 -0.1488 -0.002711438 0.0892224 -0.145 -0.002711438 0.09031809 -0.1488 -0.002224128 0.09031809 -0.145 -0.002224128 0.09138812 -0.1488 -0.001682809 0.09138812 -0.145 -0.001682809 0.09242984 -0.1488 -0.001088826 0.09242984 -0.145 -0.001088826 0.09344066 -0.1488 -0.0004436558 0.09344066 -0.145 -0.0004436558 0.09441806 -0.145 0.0002510973 0.09441806 -0.1488 0.0002510973 0.09535962 -0.1488 0.0009937062 0.09535962 -0.145 0.0009937062 0.09626299 -0.145 0.001782325 0.09626299 -0.1488 0.001782325 0.09712592 -0.1488 0.002614992 0.09712592 -0.145 0.002614992 0.09794628 -0.1488 0.003489638 0.09794628 -0.145 0.003489638 0.09872202 -0.1488 0.004404089 0.09872202 -0.145 0.004404089 0.09945122 -0.145 0.00535607 0.09945122 -0.1488 0.00535607 0.1001321 -0.1488 0.006343215 0.1001321 -0.145 0.006343215 0.1007628 -0.1488 0.00736307 0.1007628 -0.145 0.00736307 0.101342 -0.1488 0.0084131 0.101342 -0.145 0.0084131 0.1018681 -0.145 0.009490693 0.1018681 -0.1488 0.009490693 0.1023399 -0.145 0.01059317 0.1023399 -0.1488 0.01059317 0.1027561 -0.1488 0.01171779 0.1027561 -0.145 0.01171779 0.1031157 -0.1488 0.01286176 0.1031157 -0.145 0.01286176 0.1034178 -0.1488 0.01402224 0.1034178 -0.145 0.01402224 0.1036618 -0.1488 0.01519633 0.1036618 -0.145 0.01519633 0.1038469 -0.145 0.01638112 0.1038469 -0.1488 0.01638112 0.1039727 -0.145 0.01757367 0.1039727 -0.1488 0.01757367 0.1040389 -0.1488 0.018771 0.1040389 -0.145 0.018771 0.1040454 -0.145 0.01997015 0.1040454 -0.1488 0.01997015 0.103992 -0.1488 0.02116813 0.103992 -0.145 0.02116813 0.1038791 -0.1488 0.02236196 0.1038791 -0.145 0.02236196 0.1037067 -0.1488 0.02354867 0.1037067 -0.145 0.02354867 0.1034754 -0.1488 0.02472532 0.1034754 -0.145 0.02472532 0.1031858 -0.1488 0.02588898 0.1031858 -0.145 0.02588898 0.1028385 -0.145 0.02703676 0.1028385 -0.1488 0.02703676 0.1024345 -0.1488 0.02816579 0.1024345 -0.145 0.02816579 0.1019746 -0.145 0.02927329 0.1019746 -0.1488 0.02927329 0.1014601 -0.1488 0.03035648 0.1014601 -0.145 0.03035648 0.1008923 -0.145 0.03141269 0.1008923 -0.1488 0.03141269 0.1002725 -0.1488 0.03243927 0.1002725 -0.145 0.03243927 0.09960237 -0.1488 0.03343369 0.09960237 -0.145 0.03343369 0.09888347 -0.145 0.03439347 0.09888347 -0.1488 0.03439347 0.09811761 -0.1488 0.03531622 0.09811761 -0.145 0.03531622 0.09730672 -0.1488 0.03619965 0.09730672 -0.145 0.03619965 0.0964528 -0.1488 0.03704155 0.0964528 -0.145 0.03704155 0.09555798 -0.1488 0.03783986 0.09555798 -0.145 0.03783986 0.09462447 -0.1488 0.03859256 0.09462447 -0.145 0.03859256 0.0936546 -0.1488 0.03929779 0.0936546 -0.145 0.03929779 0.09265079 -0.1488 0.03995381 0.09265079 -0.145 0.03995381 0.09161552 -0.1488 0.04055897 0.09161552 -0.145 0.04055897 0.09055138 -0.1488 0.04111178 0.09055138 -0.145 0.04111178 0.08946101 -0.1488 0.04161086 0.08946101 -0.145 0.04161086 0.08834711 -0.1488 0.04205497 0.08834711 -0.145 0.04205497 0.08721246 -0.1488 0.042443 0.08721246 -0.145 0.042443 0.08605988 -0.1488 0.04277399 0.08605988 -0.145 0.04277399 0.08489224 -0.1488 0.04304712 0.08489224 -0.145 0.04304712 0.08371243 -0.1488 0.0432617 0.08371243 -0.145 0.0432617 0.08252339 -0.1488 0.04341722 0.08252339 -0.145 0.04341722 0.08132808 -0.1488 0.04351327 0.08132808 -0.145 0.04351327 0.08012947 -0.1488 0.04354961 0.08012947 -0.145 0.04354961 0.07893053 -0.1488 0.04352617 0.07893053 -0.145 0.04352617 0.07773425 -0.1488 0.043443 0.07773425 -0.145 0.043443 0.07654361 -0.1488 0.0433003 0.07654361 -0.145 0.0433003 0.07536156 -0.1488 0.04309842 0.07536156 -0.145 0.04309842 0.07419104 -0.1488 0.04283788 0.07419104 -0.145 0.04283788 0.07303497 -0.1488 0.04251932 0.07303497 -0.145 0.04251932 0.07189621 -0.145 0.04214352 0.07189621 -0.1488 0.04214352 0.1092843 -0.1488 0.0042872 0.1100062 -0.1488 0.00576581 0.1106535 -0.1488 0.007278567 0.1112245 -0.1488 0.008821708 0.111718 -0.1488 0.0103914 0.107624 -0.1488 0.001447024 0.1084896 -0.1488 0.00284641 0.1121326 -0.1488 0.01198373 0.1124673 -0.1488 0.01359475 0.1066898 -0.1488 9.252066e-05 0.1127213 -0.1488 0.01522045 0.1128939 -0.1488 0.01685679 0.1056893 -0.1488 -0.001213733 0.1034992 -0.1488 -0.003668628 0.1046248 -0.1488 -0.002468489 0.1129848 -0.1488 0.01849971 0.1129937 -0.1488 0.02014511 0.1023151 -0.1488 -0.004811165 0.1129205 -0.1488 0.0217889 0.1010756 -0.1488 -0.005893262 0.1127655 -0.1488 0.02342701 0.112529 -0.1488 0.02505535 0.09978362 -0.1488 -0.006912227 0.1122116 -0.1488 0.02666988 0.09705551 -0.1488 -0.008750792 0.09844249 -0.1488 -0.007865527 0.1118142 -0.1488 0.02826659 0.1113377 -0.1488 0.0298415 0.09562612 -0.1488 -0.009565821 0.09415788 -0.1488 -0.01030859 0.1107833 -0.1488 0.0313907 0.09265445 -0.1488 -0.01097725 0.1101523 -0.1488 0.03291034 0.09111955 -0.1488 -0.01157013 0.1094464 -0.1488 0.03439663 0.08955701 -0.1488 -0.01208577 0.1086672 -0.1488 0.03584589 0.08797071 -0.1488 -0.01252289 0.1078168 -0.1488 0.03725452 0.08636459 -0.1488 -0.01288039 0.1068972 -0.1488 0.038619 0.08310892 -0.1488 -0.01335319 0.08474265 -0.1488 -0.01315738 0.1059108 -0.1488 0.03993595 0.1048599 -0.1488 0.0412021 0.1037473 -0.1488 0.04241428 0.08146746 -0.1488 -0.01346732 0.1025756 -0.1488 0.0435695 0.07982235 -0.1488 -0.01349949 0.07817769 -0.1488 -0.01344961 0.1013477 -0.1488 0.04466488 0.07653754 -0.1488 -0.01331782 0.1000668 -0.1488 0.0456977 0.09873605 -0.1488 0.04666538 0.07328716 -0.1488 -0.01280999 0.07490602 -0.1488 -0.01310443 0.09735868 -0.1488 0.04756553 0.07168498 -0.1488 -0.01243522 0.09593815 -0.1488 0.0483959 0.07010348 -0.1488 -0.01198105 0.094478 -0.1488 0.04915443 0.06854658 -0.1488 -0.01144861 0.09298185 -0.1488 0.04983924 0.06701815 -0.1488 -0.01083924 0.09145342 -0.1488 0.05044861 0.065522 -0.1488 -0.01015443 0.08989652 -0.1488 0.05098105 0.06406185 -0.1488 -0.009395899 0.08831502 -0.1488 0.05143521 0.06264132 -0.1488 -0.008565528 0.08671284 -0.1488 0.05180999 0.06126395 -0.1488 -0.007665382 0.08509398 -0.1488 0.05210443 0.05993316 -0.1488 -0.006697698 0.08346246 -0.1488 0.05231781 0.05865225 -0.1488 -0.005664883 0.08182231 -0.1488 0.05244961 0.05742442 -0.1488 -0.004569503 0.08017765 -0.1488 0.05249949 0.05625272 -0.1488 -0.003414284 0.07853254 -0.1488 0.05246732 0.05514006 -0.1488 -0.002202095 0.07689108 -0.1488 0.05235319 0.0540892 -0.1488 -0.0009359522 0.07525735 -0.1488 0.05215739 0.05310276 -0.1488 0.000380998 0.07363541 -0.1488 0.05188039 0.05218319 -0.1488 0.001745481 0.07202929 -0.1488 0.05152289 0.05133278 -0.1488 0.003154104 0.07044299 -0.1488 0.05108577 0.05055364 -0.1488 0.004603366 0.06888045 -0.1488 0.05057013 0.04984771 -0.1488 0.006089664 0.06734555 -0.1488 0.04997725 0.04921674 -0.1488 0.007609302 0.06584212 -0.1488 0.04930859 0.04866231 -0.1488 0.009158502 0.06437388 -0.1488 0.04856582 0.04818578 -0.1488 0.01073341 0.06294449 -0.1488 0.04775079 0.04778835 -0.1488 0.01233012 0.06155751 -0.1488 0.04686553 0.047471 -0.1488 0.01394465 0.06021637 -0.1488 0.04591223 0.04723453 -0.1488 0.01557299 0.05892443 -0.1488 0.04489326 0.04707951 -0.1488 0.0172111 0.05768488 -0.1488 0.04381116 0.04700634 -0.1488 0.01885489 0.0565008 -0.1488 0.04266863 0.0470152 -0.1488 0.02050029 0.05537515 -0.1488 0.04146849 0.04710606 -0.1488 0.02214321 0.05431073 -0.1488 0.04021373 0.04727871 -0.1488 0.02377955 0.05331017 -0.1488 0.03890748 0.0475327 -0.1488 0.02540525 0.05237596 -0.1488 0.03755297 0.04786741 -0.1488 0.02701627 0.05151043 -0.1488 0.03615359 0.04828201 -0.1488 0.0286086 0.05071573 -0.1488 0.0347128 0.04877546 -0.1488 0.03017829 0.04999384 -0.1488 0.03323419 0.04934655 -0.1488 0.03172143 0.06734555 -0.131 0.04997725 0.06584212 -0.131 0.04930859 0.06437388 -0.131 0.04856582 0.06294449 -0.131 0.04775079 0.06155751 -0.131 0.04686553 0.06021637 -0.131 0.04591223 0.05892443 -0.131 0.04489326 0.05768488 -0.131 0.04381116 0.0565008 -0.131 0.04266863 0.05537515 -0.131 0.04146849 0.05431073 -0.131 0.04021373 0.05331017 -0.131 0.03890748 0.05237596 -0.131 0.03755297 0.05151043 -0.131 0.03615359 0.05071573 -0.131 0.0347128 0.04999384 -0.131 0.03323419 0.04934655 -0.131 0.03172143 0.04877546 -0.131 0.03017829 0.04828201 -0.131 0.0286086 0.04786741 -0.131 0.02701627 0.0475327 -0.131 0.02540525 0.04727871 -0.131 0.02377955 0.04710606 -0.131 0.02214321 0.0470152 -0.131 0.02050029 0.04700634 -0.131 0.01885489 0.04707951 -0.131 0.0172111 0.04723453 -0.131 0.01557299 0.047471 -0.131 0.01394465 0.04778835 -0.131 0.01233012 0.04818578 -0.131 0.01073341 0.04866231 -0.131 0.009158502 0.04921674 -0.131 0.007609302 0.04984771 -0.131 0.006089664 0.05055364 -0.131 0.004603366 0.05133278 -0.131 0.003154104 0.05218319 -0.131 0.001745481 0.05310276 -0.131 0.000380998 0.0540892 -0.131 -0.0009359522 0.05514006 -0.131 -0.002202095 0.05625272 -0.131 -0.003414284 0.05742442 -0.131 -0.004569503 0.05865225 -0.131 -0.005664883 0.05993316 -0.131 -0.006697698 0.06126395 -0.131 -0.007665382 0.06264132 -0.131 -0.008565528 0.06406185 -0.131 -0.009395899 0.065522 -0.131 -0.01015443 0.06701815 -0.131 -0.01083924 0.06854658 -0.131 -0.01144861 0.07010348 -0.131 -0.01198105 0.07168498 -0.131 -0.01243522 0.07328716 -0.131 -0.01280999 0.07490602 -0.131 -0.01310443 0.07653754 -0.131 -0.01331782 0.07817769 -0.131 -0.01344961 0.07982235 -0.131 -0.01349949 0.08146746 -0.131 -0.01346732 0.08310892 -0.131 -0.01335319 0.08474265 -0.131 -0.01315738 0.08636459 -0.131 -0.01288039 0.08797071 -0.131 -0.01252289 0.08955701 -0.131 -0.01208577 0.09111955 -0.131 -0.01157013 0.09265445 -0.131 -0.01097725 0.09415788 -0.131 -0.01030859 0.09562612 -0.131 -0.009565821 0.09705551 -0.131 -0.008750792 0.09844249 -0.131 -0.007865527 0.09978362 -0.131 -0.006912227 0.1010756 -0.131 -0.005893262 0.1023151 -0.131 -0.004811165 0.1034992 -0.131 -0.003668628 0.1046248 -0.131 -0.002468489 0.1056893 -0.131 -0.001213733 0.1066898 -0.131 9.252066e-05 0.107624 -0.131 0.001447024 0.1084896 -0.131 0.00284641 0.1092843 -0.131 0.0042872 0.1100062 -0.131 0.00576581 0.1106535 -0.131 0.007278567 0.1112245 -0.131 0.008821708 0.111718 -0.131 0.0103914 0.1121326 -0.131 0.01198373 0.1124673 -0.131 0.01359475 0.1127213 -0.131 0.01522045 0.1128939 -0.131 0.01685679 0.1129848 -0.131 0.01849971 0.1129937 -0.131 0.02014511 0.1129205 -0.131 0.0217889 0.1127655 -0.131 0.02342701 0.112529 -0.131 0.02505535 0.1122116 -0.131 0.02666988 0.1118142 -0.131 0.02826659 0.1113377 -0.131 0.0298415 0.1107833 -0.131 0.0313907 0.1101523 -0.131 0.03291034 0.1094464 -0.131 0.03439663 0.1086672 -0.131 0.03584589 0.1078168 -0.131 0.03725452 0.1068972 -0.131 0.038619 0.1059108 -0.131 0.03993595 0.1048599 -0.131 0.0412021 0.1037473 -0.131 0.04241428 0.1025756 -0.131 0.0435695 0.1013477 -0.131 0.04466488 0.1000668 -0.131 0.0456977 0.09873605 -0.131 0.04666538 0.09735868 -0.131 0.04756553 0.09593815 -0.131 0.0483959 0.094478 -0.131 0.04915443 0.09298185 -0.131 0.04983924 0.09145342 -0.131 0.05044861 0.08989652 -0.131 0.05098105 0.08831502 -0.131 0.05143521 0.08671284 -0.131 0.05180999 0.08509398 -0.131 0.05210443 0.08346246 -0.131 0.05231781 0.08182231 -0.131 0.05244961 0.08017765 -0.131 0.05249949 0.07853254 -0.131 0.05246732 0.07689108 -0.131 0.05235319 0.07525735 -0.131 0.05215739 0.07363541 -0.131 0.05188039 0.07202929 -0.131 0.05152289 0.07044299 -0.131 0.05108577 0.06888045 -0.131 0.05057013 0.07165289 -0.131 -0.003054965 0.07053899 -0.131 -0.002610858 0.06944862 -0.131 -0.002111781 0.07278754 -0.131 -0.003442997 0.06838448 -0.131 -0.001558972 0.07394012 -0.131 -0.003773988 0.06734921 -0.131 -0.0009538084 0.07510776 -0.131 -0.004047117 0.0663454 -0.131 -0.0002977929 0.07628757 -0.131 -0.004261704 0.06537553 -0.131 0.000407443 0.07747661 -0.131 -0.004417216 0.06444202 -0.131 0.001160146 0.07867192 -0.131 -0.004513266 0.0635472 -0.131 0.001958445 0.07987053 -0.131 -0.004549615 0.06269328 -0.131 0.002800355 0.08106947 -0.131 -0.004526173 0.06188239 -0.131 0.003683783 0.08226575 -0.131 -0.004442998 0.06111653 -0.131 0.004606532 0.08345639 -0.131 -0.004300297 0.06039763 -0.131 0.005566309 0.08463844 -0.131 -0.004098424 0.05972746 -0.131 0.006560727 0.08580896 -0.131 -0.003837883 0.05910769 -0.131 0.007587315 0.08696503 -0.131 -0.003519319 0.05853986 -0.131 0.008643518 0.08810379 -0.131 -0.003143526 0.05802539 -0.131 0.009726713 0.0892224 -0.131 -0.002711438 0.05756554 -0.131 0.01083421 0.09031809 -0.131 -0.002224128 0.05716148 -0.131 0.01196324 0.09138812 -0.131 -0.001682809 0.05681419 -0.131 0.01311102 0.09242984 -0.131 -0.001088826 0.05652455 -0.131 0.01427468 0.09344066 -0.131 -0.0004436558 0.05629327 -0.131 0.01545133 0.09441806 -0.131 0.0002510973 0.05612093 -0.131 0.01663804 0.09535962 -0.131 0.0009937062 0.05600796 -0.131 0.01783187 0.09626299 -0.131 0.001782325 0.05595463 -0.131 0.01902985 0.09712592 -0.131 0.002614992 0.05596109 -0.131 0.020229 0.09794628 -0.131 0.003489638 0.05602731 -0.131 0.02142633 0.09872202 -0.131 0.004404089 0.05615313 -0.131 0.02261888 0.09945122 -0.131 0.00535607 0.05633823 -0.131 0.02380367 0.1001321 -0.131 0.006343215 0.05658217 -0.131 0.02497776 0.1007628 -0.131 0.00736307 0.05688432 -0.131 0.02613824 0.101342 -0.131 0.0084131 0.05724395 -0.131 0.02728221 0.1018681 -0.131 0.009490693 0.05766014 -0.131 0.02840683 0.1023399 -0.131 0.01059317 0.05813188 -0.131 0.02950931 0.1027561 -0.131 0.01171779 0.05865799 -0.131 0.0305869 0.1031157 -0.131 0.01286176 0.1034178 -0.131 0.01402224 0.05923716 -0.131 0.03163693 0.05986794 -0.131 0.03265678 0.1036618 -0.131 0.01519633 0.06054878 -0.131 0.03364393 0.1038469 -0.131 0.01638112 0.06127798 -0.131 0.03459591 0.1039727 -0.131 0.01757367 0.1040389 -0.131 0.018771 0.06287408 -0.131 0.03638501 0.06205372 -0.131 0.03551036 0.1040454 -0.131 0.01997015 0.06464038 -0.131 0.03800629 0.06373701 -0.131 0.03721767 0.103992 -0.131 0.02116813 0.1038791 -0.131 0.02236196 0.06558194 -0.131 0.0387489 0.1037067 -0.131 0.02354867 0.06655934 -0.131 0.03944366 0.1034754 -0.131 0.02472532 0.06861188 -0.131 0.04068281 0.06757016 -0.131 0.04008883 0.1031858 -0.131 0.02588898 0.1028385 -0.131 0.02703676 0.1024345 -0.131 0.02816579 0.06968191 -0.131 0.04122413 0.1019746 -0.131 0.02927329 0.0707776 -0.131 0.04171144 0.07189621 -0.131 0.04214352 0.07303497 -0.131 0.04251932 0.1014601 -0.131 0.03035648 0.1008923 -0.131 0.03141269 0.07419104 -0.131 0.04283788 0.1002725 -0.131 0.03243927 0.07536156 -0.131 0.04309842 0.09960237 -0.131 0.03343369 0.07654361 -0.131 0.0433003 0.09888347 -0.131 0.03439347 0.07773425 -0.131 0.043443 0.09811761 -0.131 0.03531622 0.08012947 -0.131 0.04354961 0.07893053 -0.131 0.04352617 0.09730672 -0.131 0.03619965 0.0964528 -0.131 0.03704155 0.09555798 -0.131 0.03783986 0.08132808 -0.131 0.04351327 0.09462447 -0.131 0.03859256 0.08252339 -0.131 0.04341722 0.0936546 -0.131 0.03929779 0.08371243 -0.131 0.0432617 0.08489224 -0.131 0.04304712 0.09265079 -0.131 0.03995381 0.09161552 -0.131 0.04055897 0.08605988 -0.131 0.04277399 0.08721246 -0.131 0.042443 0.09055138 -0.131 0.04111178 0.08834711 -0.131 0.04205497 0.08946101 -0.131 0.04161086 0.06968191 -0.1348 0.04122413 0.0707776 -0.1348 0.04171144 0.06861188 -0.1348 0.04068281 0.06757016 -0.1348 0.04008883 0.06655934 -0.1348 0.03944366 0.06558194 -0.1348 0.0387489 0.06464038 -0.1348 0.03800629 0.06373701 -0.1348 0.03721767 0.06287408 -0.1348 0.03638501 0.06205372 -0.1348 0.03551036 0.06127798 -0.1348 0.03459591 0.06054878 -0.1348 0.03364393 0.05986794 -0.1348 0.03265678 0.05923716 -0.1348 0.03163693 0.05865799 -0.1348 0.0305869 0.05813188 -0.1348 0.02950931 0.05766014 -0.1348 0.02840683 0.05724395 -0.1348 0.02728221 0.05688432 -0.1348 0.02613824 0.05658217 -0.1348 0.02497776 0.05633823 -0.1348 0.02380367 0.05615313 -0.1348 0.02261888 0.05602731 -0.1348 0.02142633 0.05596109 -0.1348 0.020229 0.05595463 -0.1348 0.01902985 0.05600796 -0.1348 0.01783187 0.05612093 -0.1348 0.01663804 0.05629327 -0.1348 0.01545133 0.05652455 -0.1348 0.01427468 0.05681419 -0.1348 0.01311102 0.05716148 -0.1348 0.01196324 0.05756554 -0.1348 0.01083421 0.05802539 -0.1348 0.009726713 0.05853986 -0.1348 0.008643518 0.05910769 -0.1348 0.007587315 0.05972746 -0.1348 0.006560727 0.06039763 -0.1348 0.005566309 0.06111653 -0.1348 0.004606532 0.06188239 -0.1348 0.003683783 0.06269328 -0.1348 0.002800355 0.0635472 -0.1348 0.001958445 0.06444202 -0.1348 0.001160146 0.06537553 -0.1348 0.000407443 0.0663454 -0.1348 -0.0002977929 0.06734921 -0.1348 -0.0009538084 0.06838448 -0.1348 -0.001558972 0.06944862 -0.1348 -0.002111781 0.07053899 -0.1348 -0.002610858 0.07165289 -0.1348 -0.003054965 0.07278754 -0.1348 -0.003442997 0.07394012 -0.1348 -0.003773988 0.07510776 -0.1348 -0.004047117 0.07628757 -0.1348 -0.004261704 0.07747661 -0.1348 -0.004417216 0.07867192 -0.1348 -0.004513266 0.07987053 -0.1348 -0.004549615 0.08106947 -0.1348 -0.004526173 0.08226575 -0.1348 -0.004442998 0.08345639 -0.1348 -0.004300297 0.08463844 -0.1348 -0.004098424 0.08580896 -0.1348 -0.003837883 0.08696503 -0.1348 -0.003519319 0.08810379 -0.1348 -0.003143526 0.0892224 -0.1348 -0.002711438 0.09031809 -0.1348 -0.002224128 0.09138812 -0.1348 -0.001682809 0.09242984 -0.1348 -0.001088826 0.09344066 -0.1348 -0.0004436558 0.09441806 -0.1348 0.0002510973 0.09535962 -0.1348 0.0009937062 0.09626299 -0.1348 0.001782325 0.09712592 -0.1348 0.002614992 0.09794628 -0.1348 0.003489638 0.09872202 -0.1348 0.004404089 0.09945122 -0.1348 0.00535607 0.1001321 -0.1348 0.006343215 0.1007628 -0.1348 0.00736307 0.101342 -0.1348 0.0084131 0.1018681 -0.1348 0.009490693 0.1023399 -0.1348 0.01059317 0.1027561 -0.1348 0.01171779 0.1031157 -0.1348 0.01286176 0.1034178 -0.1348 0.01402224 0.1036618 -0.1348 0.01519633 0.1038469 -0.1348 0.01638112 0.1039727 -0.1348 0.01757367 0.1040389 -0.1348 0.018771 0.1040454 -0.1348 0.01997015 0.103992 -0.1348 0.02116813 0.1038791 -0.1348 0.02236196 0.1037067 -0.1348 0.02354867 0.1034754 -0.1348 0.02472532 0.1031858 -0.1348 0.02588898 0.1028385 -0.1348 0.02703676 0.1024345 -0.1348 0.02816579 0.1019746 -0.1348 0.02927329 0.1014601 -0.1348 0.03035648 0.1008923 -0.1348 0.03141269 0.1002725 -0.1348 0.03243927 0.09960237 -0.1348 0.03343369 0.09888347 -0.1348 0.03439347 0.09811761 -0.1348 0.03531622 0.09730672 -0.1348 0.03619965 0.0964528 -0.1348 0.03704155 0.09555798 -0.1348 0.03783986 0.09462447 -0.1348 0.03859256 0.0936546 -0.1348 0.03929779 0.09265079 -0.1348 0.03995381 0.09161552 -0.1348 0.04055897 0.09055138 -0.1348 0.04111178 0.08946101 -0.1348 0.04161086 0.08834711 -0.1348 0.04205497 0.08721246 -0.1348 0.042443 0.08605988 -0.1348 0.04277399 0.08489224 -0.1348 0.04304712 0.08371243 -0.1348 0.0432617 0.08252339 -0.1348 0.04341722 0.08132808 -0.1348 0.04351327 0.08012947 -0.1348 0.04354961 0.07893053 -0.1348 0.04352617 0.07773425 -0.1348 0.043443 0.07654361 -0.1348 0.0433003 0.07536156 -0.1348 0.04309842 0.07419104 -0.1348 0.04283788 0.07303497 -0.1348 0.04251932 0.07189621 -0.1348 0.04214352 0.1082331 -0.1348 0.006577362 0.1088421 -0.1348 0.00800073 0.1093795 -0.1348 0.009452686 0.1075539 -0.1348 0.005186122 0.1098438 -0.1348 0.01092962 0.1068061 -0.1348 0.003830469 0.1102339 -0.1348 0.01242787 0.1105488 -0.1348 0.01394369 0.1051127 -0.1348 0.001239306 0.1059917 -0.1348 0.002513772 0.1107878 -0.1348 0.01547333 0.1041713 -0.1348 1.023887e-05 0.1109502 -0.1348 0.01701298 0.1021106 -0.1348 -0.002299596 0.1031698 -0.1348 -0.001170374 0.1110357 -0.1348 0.01855882 0.1110441 -0.1348 0.02010699 0.1109752 -0.1348 0.02165365 0.09983022 -0.1348 -0.004392777 0.1009965 -0.1348 -0.003374622 0.1108294 -0.1348 0.02319496 0.09861462 -0.1348 -0.005351532 0.1106069 -0.1348 0.02472709 0.0960477 -0.1348 -0.007081456 0.09735273 -0.1348 -0.006248501 0.1103083 -0.1348 0.02624622 0.1099343 -0.1348 0.02774857 0.09470277 -0.1348 -0.007848325 0.109486 -0.1348 0.02923042 0.0933213 -0.1348 -0.008547202 0.1089643 -0.1348 0.03068808 0.1083706 -0.1348 0.03211792 0.0919067 -0.1348 -0.009176349 0.08899229 -0.1348 -0.01021937 0.0904625 -0.1348 -0.009734201 0.1077064 -0.1348 0.03351639 0.1069733 -0.1348 0.03488002 0.08749973 -0.1348 -0.01063066 0.1061731 -0.1348 0.03620541 0.08598851 -0.1348 -0.01096704 0.1053079 -0.1348 0.03748926 0.08446241 -0.1348 -0.01122766 0.1043797 -0.1348 0.03872839 0.08292522 -0.1348 -0.0114119 0.103391 -0.1348 0.03991972 0.08138075 -0.1348 -0.01151929 0.1023441 -0.1348 0.04106028 0.1012416 -0.1348 0.04214724 0.07983285 -0.1348 -0.01154955 0.07828536 -0.1348 -0.01150262 0.1000863 -0.1348 0.04317789 0.07674214 -0.1348 -0.01137862 0.0988811 -0.1348 0.04414968 0.07368382 -0.1348 -0.01090079 0.07520702 -0.1348 -0.01117784 0.09762894 -0.1348 0.04506018 0.09633295 -0.1348 0.04590714 0.07217632 -0.1348 -0.01054817 0.09499637 -0.1348 0.04668845 0.07068826 -0.1348 -0.01012084 0.09362249 -0.1348 0.04740215 0.06922336 -0.1348 -0.009619864 0.09221475 -0.1348 0.04804649 0.06778525 -0.1348 -0.009046494 0.09077664 -0.1348 0.04861987 0.06637751 -0.1348 -0.008402154 0.08931174 -0.1348 0.04912084 0.06500363 -0.1348 -0.007688445 0.08782368 -0.1348 0.04954817 0.06366705 -0.1348 -0.00690714 0.08631618 -0.1348 0.04990079 0.06237106 -0.1348 -0.006060183 0.08479298 -0.1348 0.05017784 0.0611189 -0.1348 -0.00514968 0.08325786 -0.1348 0.05037862 0.05991369 -0.1348 -0.004177893 0.08171464 -0.1348 0.05050262 0.05875841 -0.1348 -0.00314724 0.08016715 -0.1348 0.05054955 0.05765594 -0.1348 -0.002060282 0.07861925 -0.1348 0.05051928 0.05660903 -0.1348 -0.0009197215 0.07707478 -0.1348 0.0504119 0.05562027 -0.1348 0.0002716055 0.07553759 -0.1348 0.05022766 0.05469212 -0.1348 0.001510737 0.07401149 -0.1348 0.04996703 0.05382689 -0.1348 0.002794593 0.07250027 -0.1348 0.04963066 0.05302673 -0.1348 0.004119981 0.07100771 -0.1348 0.04921938 0.05229362 -0.1348 0.005483607 0.0695375 -0.1348 0.0487342 0.05162941 -0.1348 0.006882079 0.0680933 -0.1348 0.04817635 0.05103572 -0.1348 0.008311921 0.0666787 -0.1348 0.0475472 0.05051405 -0.1348 0.009769579 0.06529723 -0.1348 0.04684832 0.05006568 -0.1348 0.01125143 0.0639523 -0.1348 0.04608146 0.04969173 -0.1348 0.01275378 0.06264727 -0.1348 0.0452485 0.04939314 -0.1348 0.01427291 0.06138539 -0.1348 0.04435153 0.04917064 -0.1348 0.01580504 0.06016978 -0.1348 0.04339278 0.04902478 -0.1348 0.01734635 0.05900347 -0.1348 0.04237462 0.04895593 -0.1348 0.01889301 0.05788937 -0.1348 0.04129959 0.04896427 -0.1348 0.02044118 0.05683023 -0.1348 0.04017037 0.04904976 -0.1348 0.02198702 0.0558287 -0.1348 0.03898976 0.0492122 -0.1348 0.02352667 0.05488726 -0.1348 0.03776069 0.04945119 -0.1348 0.02505631 0.05400826 -0.1348 0.03648623 0.04976612 -0.1348 0.02657213 0.05319387 -0.1348 0.03516953 0.05015622 -0.1348 0.02807038 0.05244614 -0.1348 0.03381388 0.05062052 -0.1348 0.02954731 0.0517669 -0.1348 0.03242264 0.05115786 -0.1348 0.03099927 0.0680933 -0.145 0.04817635 0.0666787 -0.145 0.0475472 0.06529723 -0.145 0.04684832 0.0639523 -0.145 0.04608146 0.06264727 -0.145 0.0452485 0.06138539 -0.145 0.04435153 0.06016978 -0.145 0.04339278 0.05900347 -0.145 0.04237462 0.05788937 -0.145 0.04129959 0.05683023 -0.145 0.04017037 0.0558287 -0.145 0.03898976 0.05488726 -0.145 0.03776069 0.05400826 -0.145 0.03648623 0.05319387 -0.145 0.03516953 0.05244614 -0.145 0.03381388 0.0517669 -0.145 0.03242264 0.05115786 -0.145 0.03099927 0.05062052 -0.145 0.02954731 0.05015622 -0.145 0.02807038 0.04976612 -0.145 0.02657213 0.04945119 -0.145 0.02505631 0.0492122 -0.145 0.02352667 0.04904976 -0.145 0.02198702 0.04896427 -0.145 0.02044118 0.04895593 -0.145 0.01889301 0.04902478 -0.145 0.01734635 0.04917064 -0.145 0.01580504 0.04939314 -0.145 0.01427291 0.04969173 -0.145 0.01275378 0.05006568 -0.145 0.01125143 0.05051405 -0.145 0.009769579 0.05103572 -0.145 0.008311921 0.05162941 -0.145 0.006882079 0.05229362 -0.145 0.005483607 0.05302673 -0.145 0.004119981 0.05382689 -0.145 0.002794593 0.05469212 -0.145 0.001510737 0.05562027 -0.145 0.0002716055 0.05660903 -0.145 -0.0009197215 0.05765594 -0.145 -0.002060282 0.05875841 -0.145 -0.00314724 0.05991369 -0.145 -0.004177893 0.0611189 -0.145 -0.00514968 0.06237106 -0.145 -0.006060183 0.06366705 -0.145 -0.00690714 0.06500363 -0.145 -0.007688445 0.06637751 -0.145 -0.008402154 0.06778525 -0.145 -0.009046494 0.06922336 -0.145 -0.009619864 0.07068826 -0.145 -0.01012084 0.07217632 -0.145 -0.01054817 0.07368382 -0.145 -0.01090079 0.07520702 -0.145 -0.01117784 0.07674214 -0.145 -0.01137862 0.07828536 -0.145 -0.01150262 0.07983285 -0.145 -0.01154955 0.08138075 -0.145 -0.01151929 0.08292522 -0.145 -0.0114119 0.08446241 -0.145 -0.01122766 0.08598851 -0.145 -0.01096704 0.08749973 -0.145 -0.01063066 0.08899229 -0.145 -0.01021937 0.0904625 -0.145 -0.009734201 0.0919067 -0.145 -0.009176349 0.0933213 -0.145 -0.008547202 0.09470277 -0.145 -0.007848325 0.0960477 -0.145 -0.007081456 0.09735273 -0.145 -0.006248501 0.09861462 -0.145 -0.005351532 0.09983022 -0.145 -0.004392777 0.1009965 -0.145 -0.003374622 0.1021106 -0.145 -0.002299596 0.1031698 -0.145 -0.001170374 0.1041713 -0.145 1.023887e-05 0.1051127 -0.145 0.001239306 0.1059917 -0.145 0.002513772 0.1068061 -0.145 0.003830469 0.1075539 -0.145 0.005186122 0.1082331 -0.145 0.006577362 0.1088421 -0.145 0.00800073 0.1093795 -0.145 0.009452686 0.1098438 -0.145 0.01092962 0.1102339 -0.145 0.01242787 0.1105488 -0.145 0.01394369 0.1107878 -0.145 0.01547333 0.1109502 -0.145 0.01701298 0.1110357 -0.145 0.01855882 0.1110441 -0.145 0.02010699 0.1109752 -0.145 0.02165365 0.1108294 -0.145 0.02319496 0.1106069 -0.145 0.02472709 0.1103083 -0.145 0.02624622 0.1099343 -0.145 0.02774857 0.109486 -0.145 0.02923042 0.1089643 -0.145 0.03068808 0.1083706 -0.145 0.03211792 0.1077064 -0.145 0.03351639 0.1069733 -0.145 0.03488002 0.1061731 -0.145 0.03620541 0.1053079 -0.145 0.03748926 0.1043797 -0.145 0.03872839 0.103391 -0.145 0.03991972 0.1023441 -0.145 0.04106028 0.1012416 -0.145 0.04214724 0.1000863 -0.145 0.04317789 0.0988811 -0.145 0.04414968 0.09762894 -0.145 0.04506018 0.09633295 -0.145 0.04590714 0.09499637 -0.145 0.04668845 0.09362249 -0.145 0.04740215 0.09221475 -0.145 0.04804649 0.09077664 -0.145 0.04861987 0.08931174 -0.145 0.04912084 0.08782368 -0.145 0.04954817 0.08631618 -0.145 0.04990079 0.08479298 -0.145 0.05017784 0.08325786 -0.145 0.05037862 0.08171464 -0.145 0.05050262 0.08016715 -0.145 0.05054955 0.07861925 -0.145 0.05051928 0.07707478 -0.145 0.0504119 0.07553759 -0.145 0.05022766 0.07401149 -0.145 0.04996703 0.07250027 -0.145 0.04963066 0.07100771 -0.145 0.04921938 0.0695375 -0.145 0.0487342</float_array>
          <technique_common>
            <accessor count="3528" source="#cubeverts-array0-array" stride="3">
              <param type="float" name="X"/>
              <param type="float" name="Y"/>
              <param type="float" name="Z"/>
            </accessor>
          </technique_common>
        </source>
        <source id="cubenormals-array0">
          <float_array count="21168" id="cubenormals-array0-array">0 1 0 0 1 0 0 1 0 0 1 0 0 1 0 0 1 0 0 1 0 0 1 0 0 1 0 0 1 0 0 1 0 0 1 0 0 1 0 0 1 0 0 1 0 0 1 0 0 1 0 0 1 0 0 1 0 0 1 0 0 1 0 0 1 0 0 1 0 0 1 0 0 1 0 0 1 0 0 1 0 0 1 0 0 1 0 0 1 0 0 1 0 0 1 0 0 1 0 0 1 0 0 1 0 0 1 0 0 1 0 0 1 0 0 1 0 0 1 0 0 1 0 0 1 0 0 1 0 0 1 0 0 1 0 0 1 0 0 1 0 0 1 0 0 1 0 0 1 0 0 1 0 0 1 0 0 1 0 0 1 0 0 1 0 0 1 0 0 1 0 0 1 0 0 1 0 0 1 0 0 1 0 0 1 0 0 1 0 0 1 0 0 1 0 0 1 0 0 1 0 0 1 0 0 1 0 0 1 0 0 1 0 0 1 0 0 1 0 0 1 0 0 1 0 0 1 0 0 1 0 0 1 0 0 1 0 0 1 0 0 1 0 0 1 0 0 1 0 0 1 0 0 1 0 0 1 0 0 1 0 0 1 0 0 1 0 0 1 0 0 1 0 0 1 0 0 1 0 0 1 0 0 1 0 0 1 0 0 1 0 0 1 0 0 1 0 0 1 0 0 1 0 0 1 0 0 1 0 0 1 0 0 1 0 0 1 0 0 1 0 0 1 0 0 1 0 0 1 0 0 1 0 0 1 0 0 1 0 0 1 0 0 1 0 0 1 0 0 1 0 0 1 0 0 1 0 0 1 0 0 1 0 0 1 0 0 1 0 0 1 0 0 1 0 0 1 0 0 1 0 0 1 0 0 1 0 0 1 0 0 1 0 0 1 0 0 1 0 0 1 0 0 1 0 0 1 0 0 1 0 0 1 0 0 1 0 0 1 0 0 1 0 0 1 0 0 1 0 0 1 0 0 1 0 0 1 0 0 1 0 0 1 0 0 1 0 0 1 0 0 1 0 0 1 0 0 1 0 0 1 0 0 1 0 0 1 0 0 1 0 0 1 0 0 1 0 0 1 0 0 1 0 0 1 0 0 1 0 0 1 0 0 1 0 0 1 0 0 1 0 0 1 0 0 1 0 0 1 0 0 1 0 0 1 0 0 1 0 0 1 0 0 1 0 0 1 0 0 1 0 0 1 0 0 1 0 0 1 0 0 1 0 0 1 0 0 1 0 0 1 0 0 1 0 0 1 0 0 1 0 0 1 0 0 1 0 0 1 0 0 1 0 0 1 0 0 1 0 0 1 0 0 1 0 0 1 0 0 1 0 0 1 0 0 1 0 0 1 0 0 1 0 0 1 0 0 1 0 0 1 0 0 1 0 0 1 0 0 1 0 0 1 0 0 1 0 0 1 0 0 1 0 0 1 0 0 1 0 0 1 0 0 1 0 0 1 0 0 1 0 0 1 0 0 1 0 0 1 0 0 1 0 0 1 0 0 1 0 0 1 0 0 1 0 0 1 0 0 1 0 0 1 0 0 1 0 0 1 0 0 1 0 0 1 0 0 1 0 0 1 0 0 1 0 0 1 0 0 1 0 0 1 0 0 1 0 0 1 0 0 1 0 0 1 0 0 1 0 0 1 0 0 1 0 0 1 0 0 1 0 0 1 0 0 1 0 0 1 0 0 1 0 0 1 0 0.4063762 0 -0.9137058 0.4063762 0 -0.9137058 0.4514123 0 -0.8923154 0.4953309 0 -0.8687044 0.4514123 0 -0.8923154 0.4953309 0 -0.8687044 0.5380174 0 -0.8429337 0.5380174 0 -0.8429337 0.5793629 0 -0.8150697 0.6192725 0 -0.7851762 0.5793629 0 -0.8150697 0.6576385 0 -0.7533336 0.6192725 0 -0.7851762 0.6576385 0 -0.7533336 0.6943759 0 -0.7196125 0.6943759 0 -0.7196125 0.729378 0 -0.6841109 0.729378 0 -0.6841109 0.7625744 0 -0.6469007 0.7625744 0 -0.6469007 0.7938695 0 -0.6080882 0.7938695 0 -0.6080882 0.8231956 0 -0.5677578 0.8231956 0 -0.5677578 0.8504699 0 -0.5260237 0.8504699 0 -0.5260237 0.8756353 0 -0.4829728 0.8756353 0 -0.4829728 0.8986203 0 -0.4387271 0.8986203 0 -0.4387271 0.9193714 0 -0.3933906 0.9193714 0 -0.3933906 0.937838 0 -0.3470734 0.9539717 0 -0.2998964 0.937838 0 -0.3470734 0.9539717 0 -0.2998964 0.9677351 0 -0.2519696 0.9677351 0 -0.2519696 0.9790918 0 -0.2034189 0.9790918 0 -0.2034189 0.9880139 0 -0.154365 0.9944806 0 -0.104921 0.9880139 0 -0.154365 0.9944806 0 -0.104921 0.9984741 0 -0.05522349 0.9984741 0 -0.05522349 0.9999855 0 -0.00538324 0.9999855 0 -0.00538324 0.9990108 0 0.0444674 0.9990108 -0 0.0444674 0.9955523 0 0.09421024 0.9955523 -0 0.09421024 0.9896189 0 0.1437166 0.9812247 0 0.1928682 0.9896189 -0 0.1437166 0.9812247 0 0.1928682 0.9703917 0 0.2415366 0.9703917 -0 0.2415366 0.9571458 0 0.2896065 0.94152 0 0.336957 0.9571458 -0 0.2896065 0.94152 0 0.336957 0.9235538 0 0.383469 0.9235538 -0 0.383469 0.903291 0 0.4290284 0.903291 -0 0.4290284 0.8807846 0 0.4735172 0.8807846 -0 0.4735172 0.8560844 0 0.516836 0.8292599 0 0.5588631 0.8560844 -0 0.516836 0.8292599 0 0.5588631 0.8003712 -0 0.5995046 0.8003712 0 0.5995046 0.7694932 -0 0.6386549 0.7694932 0 0.6386549 0.7367031 -0 0.6762164 0.7367031 0 0.6762164 0.7020806 -0 0.7120975 0.7020806 0 0.7120975 0.665714 -0 0.746207 0.665714 0 0.746207 0.6276866 0 0.778466 0.6276866 0 0.778466 0.5881077 -0 0.8087826 0.5881077 0 0.8087826 0.5470599 -0 0.8370935 0.5470599 0 0.8370935 0.5046544 -0 0.8633214 0.5046544 0 0.8633214 0.4609955 0 0.8874025 0.4609955 0 0.8874025 0.416187 -0 0.909279 0.416187 0 0.909279 0.3703465 0 0.9288937 0.3703465 0 0.9288937 0.323585 0 0.9461992 0.323585 -0 0.9461992 0.2760186 0 0.9611523 0.2277666 0 0.9737157 0.2760186 -0 0.9611523 0.1789468 0 0.9838588 0.2277666 0 0.9737157 0.1789468 0 0.9838588 0.1296837 0 0.9915555 0.08009756 0 0.996787 0.1296837 -0 0.9915555 0.08009756 0 0.996787 0.0303117 0 0.9995405 -0.01954882 0 0.9998089 0.0303117 -0 0.9995405 -0.06936087 0 0.9975916 -0.01954882 0 0.9998089 -0.06936087 0 0.9975916 -0.1190002 0 0.9928942 -0.1683448 0 0.9857281 -0.1190002 0 0.9928942 -0.1683448 0 0.9857281 -0.2172692 0 0.9761118 -0.2172692 0 0.9761118 -0.2656532 0 0.9640687 -0.2656532 0 0.9640687 -0.3133792 0 0.9496281 -0.3133792 0 0.9496281 -0.3603255 0 0.9328267 -0.3603255 0 0.9328267 -0.406375 0 0.9137064 -0.406375 0 0.9137064 -0.4514124 0 0.8923154 -0.4514124 0 0.8923154 -0.4953304 0 0.8687047 -0.4953304 0 0.8687047 -0.5380185 0 0.8429331 -0.5380185 0 0.8429331 -0.5793615 0 0.8150706 -0.5793615 0 0.8150706 -0.6192729 0 0.7851757 -0.6192729 0 0.7851757 -0.6576391 0 0.7533332 -0.6576391 0 0.7533332 -0.6943762 0 0.7196122 -0.6943762 0 0.7196122 -0.7293793 0 0.6841095 -0.7293793 0 0.6841095 -0.7625703 0 0.6469053 -0.7625703 0 0.6469053 -0.7938719 0 0.608085 -0.7938719 0 0.608085 -0.823195 0 0.5677589 -0.823195 0 0.5677589 -0.8504717 0 0.5260208 -0.8504717 0 0.5260208 -0.8756339 0 0.4829755 -0.8756339 0 0.4829755 -0.8986202 0 0.4387275 -0.8986202 0 0.4387275 -0.9193703 0 0.3933932 -0.9193703 0 0.3933932 -0.937838 0 0.3470734 -0.937838 0 0.3470734 -0.9539737 0 0.2998902 -0.9539737 0 0.2998902 -0.9677336 0 0.2519757 -0.9677336 0 0.2519757 -0.9790924 0 0.2034159 -0.9790924 0 0.2034159 -0.9880145 0 0.1543615 -0.9944803 0 0.1049245 -0.9880145 0 0.1543615 -0.9944803 0 0.1049245 -0.9984741 0 0.05522349 -0.9999855 0 0.00538324 -0.9984741 0 0.05522349 -0.9999855 0 0.00538324 -0.9990107 0 -0.04447088 -0.9990107 0 -0.04447088 -0.9955527 -0 -0.0942068 -0.9955527 0 -0.0942068 -0.9896184 0 -0.1437202 -0.9896184 0 -0.1437202 -0.9812253 -0 -0.1928649 -0.9812253 0 -0.1928649 -0.9703918 0 -0.2415364 -0.9703918 0 -0.2415364 -0.9571448 0 -0.2896097 -0.9571448 0 -0.2896097 -0.9415211 -0 -0.3369539 -0.9415211 0 -0.3369539 -0.9235536 0 -0.3834693 -0.9235536 0 -0.3834693 -0.9032927 -0 -0.4290249 -0.9032927 0 -0.4290249 -0.8807815 0 -0.473523 -0.8807815 0 -0.473523 -0.8560859 -0 -0.5168335 -0.8560859 0 -0.5168335 -0.8292594 -0 -0.5588639 -0.8292594 0 -0.5588639 -0.7694919 -0 -0.6386566 -0.8003729 0 -0.5995024 -0.8003729 0 -0.5995024 -0.7694919 0 -0.6386566 -0.7367039 0 -0.6762155 -0.7020797 -0 -0.7120985 -0.7367039 0 -0.6762155 -0.6657148 -0 -0.7462063 -0.7020797 0 -0.7120985 -0.627687 -0 -0.7784657 -0.6657148 0 -0.7462063 -0.627687 0 -0.7784657 -0.5881074 0 -0.8087829 -0.5470595 -0 -0.8370937 -0.5881074 0 -0.8087829 -0.5470595 0 -0.8370937 -0.5046544 0 -0.8633214 -0.5046544 0 -0.8633214 -0.4609952 0 -0.8874027 -0.4609952 0 -0.8874027 -0.4161882 0 -0.9092786 -0.3703448 -0 -0.9288944 -0.4161882 0 -0.9092786 -0.3235858 -0 -0.9461989 -0.3703448 0 -0.9288944 -0.3235858 0 -0.9461989 -0.2760198 0 -0.961152 -0.2760198 0 -0.961152 -0.2277661 0 -0.9737158 -0.2277661 0 -0.9737158 -0.1789473 0 -0.9838587 -0.1789473 0 -0.9838587 -0.1296816 0 -0.9915557 -0.1296816 0 -0.9915557 -0.08009864 0 -0.996787 -0.08009864 0 -0.996787 -0.03031018 0 -0.9995406 -0.03031018 0 -0.9995406 0.0195473 0 -0.9998089 0.0195473 0 -0.9998089 0.06935979 0 -0.9975917 0.06935979 0 -0.9975917 0.1190015 0 -0.9928941 0.1190015 0 -0.9928941 0.1683452 0 -0.9857281 0.2172699 0 -0.9761115 0.1683452 0 -0.9857281 0.2172699 0 -0.9761115 0.2656521 0 -0.9640689 0.2656521 0 -0.9640689 0.3133793 0 -0.949628 0.3133793 0 -0.949628 0.3603238 0 -0.9328273 0.3603238 0 -0.9328273 0 1 0 0 1 0 0 1 0 0 1 0 0 1 0 0 1 0 0 1 0 0 1 0 0 1 0 0 1 0 0 1 0 0 1 0 0 1 0 0 1 0 0 1 0 0 1 0 0 1 0 0 1 0 0 1 0 0 1 0 0 1 0 0 1 0 0 1 0 0 1 0 0 1 0 0 1 0 0 1 0 0 1 0 0 1 0 0 1 0 0 1 0 0 1 0 0 1 0 0 1 0 0 1 0 0 1 0 0 1 0 0 1 0 0 1 0 0 1 0 0 1 0 0 1 0 0 1 0 0 1 0 0 1 0 0 1 0 0 1 0 0 1 0 0 1 0 0 1 0 0 1 0 0 1 0 0 1 0 0 1 0 0 1 0 0 1 0 0 1 0 0 1 0 0 1 0 0 1 0 0 1 0 0 1 0 0 1 0 0 1 0 0 1 0 0 1 0 0 1 0 0 1 0 0 1 0 0 1 0 0 1 0 0 1 0 0 1 0 0 1 0 0 1 0 0 1 0 0 1 0 0 1 0 0 1 0 0 1 0 0 1 0 0 1 0 0 1 0 0 1 0 0 1 0 0 1 0 0 1 0 0 1 0 0 1 0 0 1 0 0 1 0 0 1 0 0 1 0 0 1 0 0 1 0 0 1 0 0 1 0 0 1 0 0 1 0 0 1 0 0 1 0 0 1 0 0 1 0 0 1 0 0 1 0 0 1 0 0 1 0 0 1 0 0 1 0 0 1 0 0 1 0 0 1 0 0 1 0 0 1 0 0 1 0 0 1 0 0 1 0 0 1 0 0 1 0 0 1 0 0 1 0 0 1 0 0 1 0 0 1 0 0 1 0 0 1 0 0 1 0 0 1 0 0 1 0 0 1 0 0 1 0 0 1 0 0 1 0 0 1 0 0 1 0 0 1 0 0 1 0 0 1 0 0 1 0 0 1 0 0 1 0 0 1 0 0 1 0 0 1 0 0 1 0 0 1 0 0 1 0 0 1 0 0 1 0 0 1 0 0 1 0 0 1 0 0 1 0 0 1 0 0 1 0 0 1 0 0 1 0 0 1 0 0 1 0 0 1 0 0 1 0 0 1 0 0 1 0 0 1 0 0 1 0 0 1 0 0 1 0 0 1 0 0 1 0 0 1 0 0 1 0 0 1 0 0 1 0 0 1 0 0 1 0 0 1 0 0 1 0 0 1 0 0 1 0 0 1 0 0 1 0 0 1 0 0 1 0 0 1 0 0 1 0 0 1 0 0 1 0 0 1 0 0 1 0 0 1 0 0 1 0 0 1 0 0 1 0 0 1 0 0 1 0 0 1 0 0 1 0 0 1 0 0 1 0 0 1 0 0 1 0 0 1 0 0 1 0 0 1 0 0 1 0 0 1 0 0 1 0 0 1 0 0 1 0 0 1 0 0 1 0 0 1 0 0 1 0 0 1 0 0 1 0 0 1 0 0 1 0 0 1 0 0 1 0 0 1 0 0 1 0 0 1 0 0 1 0 0 1 0 0 1 0 0 1 0 0 1 0 0 1 0 0 1 0 0 1 0 0 1 0 0 1 0 0 1 0 0 1 0 0 1 0 0 1 0 0 1 0 0 1 0 0 1 0 0 1 0 0 1 0 0 1 0 0 1 0 0 1 0 0 1 0 0 1 0 0 1 0 0 1 0 0 1 0 0 1 0 0 1 0 0 1 0 -0.3048932 0.9511945 0.04763538 -0.2982105 0.9519478 0.06975629 -0.3007341 0.9511101 0.0703466 -0.3081083 0.9511101 -0.02142279 -0.3087102 0.9511101 0.009361863 -0.3056528 0.950711 -0.05220082 -0.3027984 0.9511946 -0.05951536 -0.2994545 0.9511945 -0.07453783 -0.1254046 0.9511946 0.2819618 -0.3068883 0.9511946 0.03237883 -0.3081208 0.9511946 0.01704071 -0.3036743 0.9519477 0.03971675 -0.306244 0.95111 0.04005398 -0.3062435 0.9511102 0.04005278 -0.3044443 0.95111 -0.05199443 -0.3081084 0.9511101 -0.02142292 -0.2989369 0.950711 -0.08237324 -0.2953675 0.9511946 -0.08936908 -0.2905443 0.9511946 -0.1039846 -0.3085871 0.9511946 0.00166181 -0.3082863 0.9511946 -0.01372248 -0.3081083 0.9511101 -0.02142292 -0.3087103 0.9511101 0.009361978 -0.3061196 0.9519478 0.009283413 -0.3087102 0.9511101 0.009361863 -0.3044438 0.9511102 -0.05199259 -0.2850016 0.9511946 -0.1183337 -0.2787494 0.9511946 -0.1323915 -0.2892491 0.950711 -0.1117293 -0.3072187 0.9511948 -0.02907283 -0.3053877 0.9511948 -0.04434979 -0.3081083 0.9511101 -0.02142301 -0.3055223 0.9519479 -0.0212432 -0.2977537 0.9511103 -0.0820487 -0.1254037 0.9511947 0.2819619 -0.2977547 0.9511101 -0.08204748 -0.2766881 0.9507108 -0.139974 -0.2718029 0.9511945 -0.1461242 -0.2641791 0.9511944 -0.1594948 -0.3044445 0.95111 -0.05199305 -0.3044447 0.9511099 -0.05199274 -0.3018892 0.9519479 -0.05155666 -0.3027976 0.9511947 -0.05951672 -0.2994544 0.9511948 -0.0745368 -0.2881055 0.9511101 -0.1112876 -0.2881055 0.95111 -0.1112876 -0.2613759 0.9507111 -0.1668268 -0.2559052 0.9511945 -0.1724574 -0.2469879 0.9511945 -0.1850026 -0.2977543 0.9511101 -0.08204885 -0.2952556 0.9519479 -0.08135972 -0.2953669 0.9511948 -0.08936946 -0.2905448 0.9511948 -0.1039818 -0.2977547 0.95111 -0.08204838 -0.275593 0.9511102 -0.1394201 -0.2755936 0.9511101 -0.1394196 -0.2374585 0.9511947 -0.1970841 -0.2273385 0.9511946 -0.2086766 -0.2434668 0.9507109 -0.1920227 -0.285688 0.9519479 -0.1103522 -0.285001 0.9511946 -0.1183351 -0.2787476 0.9511946 -0.1323955 -0.2881046 0.9511104 -0.1112872 -0.2881059 0.9511101 -0.1112862 -0.2755929 0.9511104 -0.1394192 -0.2603422 0.9511101 -0.1661668 -0.260342 0.9511102 -0.166167 -0.2231367 0.9507111 -0.21531 -0.2166581 0.9511946 -0.2197455 -0.2054329 0.9511946 -0.2302741 -0.2755929 0.9511101 -0.1394204 -0.2732807 0.9519477 -0.1382506 -0.2718028 0.9511948 -0.1461228 -0.2641808 0.9511947 -0.1594902 -0.242503 0.9511102 -0.1912635 -0.2425038 0.9511101 -0.1912631 -0.2005907 0.950711 -0.2364572 -0.193699 0.9511947 -0.2402276 -0.1814836 0.9511947 -0.2495843 -0.2559018 0.9511948 -0.1724609 -0.246987 0.9511948 -0.1850025 -0.2425035 0.9511099 -0.191264 -0.2603416 0.9511101 -0.1661678 -0.2603427 0.9511099 -0.1661672 -0.2581566 0.951948 -0.1647732 -0.1997974 0.95111 -0.2355221 -0.2222545 0.95111 -0.2144589 -0.2222546 0.95111 -0.2144588 -0.17605 0.9507111 -0.2552544 -0.1688179 0.9511947 -0.2583195 -0.1557338 0.9511948 -0.2664122 -0.2222544 0.9511101 -0.2144588 -0.2374595 0.9511947 -0.1970831 -0.227341 0.9511946 -0.2086739 -0.2404686 0.9519479 -0.189658 -0.2425037 0.9511101 -0.1912631 -0.1997972 0.95111 -0.2355225 -0.1497595 0.950711 -0.2715158 -0.1422577 0.9511947 -0.2738456 -0.1284322 0.9511946 -0.2805956 -0.2203887 0.951948 -0.2126589 -0.2166555 0.9511949 -0.2197471 -0.2054319 0.9511948 -0.230274 -0.2222544 0.9511101 -0.2144591 -0.1753544 0.95111 -0.2542451 -0.1753539 0.9511101 -0.2542452 -0.1219817 0.950711 -0.2850774 -0.1142869 0.9511946 -0.2866485 -0.09985488 0.9511946 -0.2919894 -0.1753541 0.9511102 -0.2542447 -0.1997969 0.9511102 -0.2355221 -0.1936998 0.9511945 -0.2402275 -0.1997976 0.9511101 -0.2355219 -0.1814845 0.9511946 -0.2495841 -0.1981209 0.9519478 -0.2335454 -0.1491678 0.9511101 -0.2704414 -0.149167 0.9511102 -0.2704415 -0.09299118 0.950711 -0.2958061 -0.08517819 0.9511946 -0.2966032 -0.07028579 0.9511946 -0.3004808 -0.168819 0.9511947 -0.2583194 -0.155732 0.9511946 -0.2664137 -0.1753538 0.9511101 -0.2542453 -0.1738824 0.9519477 -0.2521118 -0.1214991 0.9511102 -0.2839496 -0.1214992 0.9511101 -0.2839496 -0.05522235 0.9511946 -0.3036104 -0.04001853 0.9511946 -0.3059857 -0.06307619 0.950711 -0.3035951 -0.1422593 0.9511946 -0.2738449 -0.1284316 0.9511947 -0.280596 -0.1491678 0.9511101 -0.2704414 -0.1491679 0.9511101 -0.2704414 -0.1479161 0.9519478 -0.2681719 -0.1214992 0.9511101 -0.2839499 -0.09262343 0.95111 -0.2946363 -0.09262278 0.9511101 -0.2946362 -0.06282675 0.9511101 -0.3023945 -0.03253429 0.950711 -0.3083669 -0.02471754 0.9511946 -0.3076 -0.00935429 0.9511946 -0.3084497 -0.1142865 0.9511948 -0.2866482 -0.0998554 0.9511948 -0.2919889 -0.121499 0.95111 -0.2839502 -0.1204794 0.9519478 -0.2815672 -0.06282672 0.9511101 -0.3023945 0.006033063 0.9511946 -0.3085325 0.02140346 0.9511946 -0.3078483 -0.001669072 0.950711 -0.310074 -0.09184611 0.9519479 -0.2921635 -0.06282669 0.9511102 -0.3023944 -0.08517683 0.9511946 -0.2966035 -0.07028641 0.9511947 -0.3004806 -0.09262278 0.9511102 -0.2946362 -0.09262347 0.9511101 -0.2946363 -0.03240576 0.9511101 -0.3071474 -0.03240562 0.9511101 -0.3071473 0.0292124 0.950711 -0.3086994 0.03672275 0.9511946 -0.3063987 0.05195004 0.9511946 -0.3041874 -0.06282647 0.9511101 -0.3023945 -0.06229924 0.9519479 -0.2998568 -0.05522165 0.9511947 -0.3036104 -0.04001923 0.9511947 -0.3059856 -0.03240575 0.9511101 -0.3071473 -0.001662661 0.9511101 -0.3088475 -0.00166247 0.9511101 -0.3088475 0.05980368 0.950711 -0.3042567 0.06704754 0.9511947 -0.3012196 0.0819779 0.9511947 -0.2975034 -0.03240575 0.9511101 -0.3071473 -0.03213379 0.9519479 -0.3045697 -0.02471745 0.9511947 -0.3076 -0.00935396 0.9511947 -0.3084497 0.05956717 0.9511101 -0.3030534 0.02909686 0.9511101 -0.3074784 0.02909693 0.9511101 -0.3074784 0.089801 0.950711 -0.2967903 0.09670691 0.9511947 -0.2930469 0.1111921 0.9511946 -0.2878628 -0.001648636 0.9519479 -0.3062557 0.006032522 0.9511947 -0.3085325 0.0214043 0.9511946 -0.3078482 -0.001662661 0.95111 -0.3088476 -0.001662588 0.9511101 -0.3088476 0.05956723 0.9511101 -0.3030534 0.1189051 0.9507109 -0.2863744 0.125404 0.9511947 -0.2819619 0.1393031 0.9511947 -0.2753604 0.02885275 0.9519479 -0.304898 0.02909693 0.9511101 -0.3074784 0.03672222 0.9511947 -0.3063986 0.05194983 0.9511947 -0.3041872 0.02909694 0.9511101 -0.3074784 0.05956723 0.9511101 -0.3030534 0.08944578 0.9511101 -0.2956163 0.08944563 0.9511101 -0.2956164 0.1468286 0.950711 -0.2731116 0.1528538 0.9511945 -0.2680757 0.1660278 0.9511946 -0.2601224 0.05956706 0.9511101 -0.3030533 0.06704718 0.9511946 -0.3012198 0.08197868 0.9511947 -0.2975032 0.05906718 0.9519478 -0.3005101 0.1184349 0.9511101 -0.2852415 0.1184348 0.9511101 -0.2852416 0.173291 0.9507109 -0.257136 0.178788 0.9511948 -0.2515219 0.191102 0.9511948 -0.2422983 0.08944563 0.9511101 -0.2956164 0.09670628 0.9511947 -0.293047 0.1111934 0.9511946 -0.2878623 0.08944575 0.9511101 -0.2956163 0.0886951 0.9519479 -0.2931354 0.1462478 0.9511102 -0.2720313 0.1462474 0.9511101 -0.2720318 0.1726054 0.9511102 -0.2561187 0.1980328 0.9507111 -0.238603 0.2029402 0.9511946 -0.2324737 0.2142772 0.9511947 -0.2220675 0.117441 0.9519479 -0.282848 0.1184348 0.9511101 -0.2852416 0.125404 0.9511945 -0.2819623 0.1393016 0.9511946 -0.2753616 0.1184349 0.9511101 -0.2852415 0.1726064 0.95111 -0.2561185 0.2250813 0.9511948 -0.211109 0.2353228 0.9511948 -0.1996289 0.2208062 0.950711 -0.2177 0.1462479 0.9511101 -0.2720315 0.1450205 0.951948 -0.2697485 0.1528548 0.9511948 -0.2680746 0.1660269 0.9511948 -0.2601223 0.1462476 0.95111 -0.272032 0.1972497 0.95111 -0.2376599 0.1972498 0.9511101 -0.2376596 0.2449831 0.9511948 -0.1876481 0.2540286 0.9511948 -0.1752084 0.2413852 0.950711 -0.1946326 0.1711574 0.951948 -0.253969 0.1726062 0.95111 -0.2561188 0.1787877 0.9511947 -0.2515228 0.1911025 0.9511946 -0.2422985 0.1972497 0.95111 -0.2376598 0.1726064 0.9511101 -0.2561185 0.2199332 0.9511099 -0.2168393 0.2199336 0.9511101 -0.2168383 0.2404309 0.9511099 -0.1938631 0.2624482 0.9511946 -0.162326 0.2702137 0.9511946 -0.1490414 0.2595643 0.950711 -0.1696322 0.1955944 0.9519477 -0.2356657 0.2199335 0.9511101 -0.2168383 0.1972495 0.9511101 -0.2376599 0.2029411 0.9511947 -0.2324729 0.2142784 0.9511947 -0.2220665 0.2585374 0.9511102 -0.168961 0.2404291 0.9511102 -0.193864 0.2773078 0.9511947 -0.1353846 0.2837106 0.9511947 -0.121396 0.2751653 0.9507109 -0.1429435 0.2199331 0.9511101 -0.2168384 0.2250799 0.9511948 -0.2111105 0.2353231 0.9511948 -0.1996288 0.2180877 0.9519477 -0.2150189 0.2585381 0.9511101 -0.1689605 0.289408 0.9511948 -0.1071053 0.2943866 0.9511948 -0.09254744 0.2880293 0.9507111 -0.1148371 0.2404298 0.9511099 -0.1938645 0.24043 0.9511102 -0.193863 0.2384122 0.951948 -0.192236 0.2449815 0.9511948 -0.1876501 0.2540304 0.9511948 -0.1752057 0.2740767 0.9511102 -0.1423781 0.2740767 0.9511101 -0.1423784 0.298635 0.9511949 -0.0777519 0.3021382 0.9511949 -0.06277517 0.2980325 0.9507109 -0.08558801 0.2563678 0.9519479 -0.167543 0.2585381 0.9511099 -0.1689614 0.2585382 0.9511101 -0.1689605 0.2624487 0.9511946 -0.1623251 0.2702137 0.9511946 -0.1490413 0.2868903 0.9511102 -0.114383 0.2968535 0.9511102 -0.08524943 0.2868903 0.9511101 -0.1143833 0.3048929 0.9511945 -0.04763661 0.3068889 0.9511945 -0.03237582 0.3050735 0.9507111 -0.05548619 0.2740766 0.9511101 -0.1423784 0.2717765 0.9519478 -0.1411839 0.2740766 0.9511101 -0.1423787 0.2773064 0.9511947 -0.1353878 0.2837099 0.9511946 -0.1213976 0.3038673 0.95111 -0.05526682 0.2968541 0.95111 -0.08524866 0.3081211 0.9511945 -0.01704512 0.3085878 0.9511944 -0.00165627 0.3090822 0.950711 -0.02483634 0.2868908 0.9511101 -0.1143821 0.286891 0.9511098 -0.1143836 0.2844827 0.951948 -0.1134221 0.2894089 0.9511947 -0.1071031 0.2943875 0.9511947 -0.09254496 0.3038663 0.9511103 -0.0552683 0.3082864 0.9511947 0.01372092 0.3072192 0.9511946 0.029069 0.310019 0.9507111 0.006061296 0.2968543 0.9511099 -0.08524963 0.2968541 0.95111 -0.08524866 0.2943624 0.9519479 -0.08453402 0.2986349 0.9511946 -0.07775594 0.3021395 0.9511946 -0.06277379 0.3078595 0.9511101 -0.02473809 0.3078593 0.9511103 -0.02473753 0.3053875 0.9511946 0.04435322 0.3027982 0.9511946 0.05951531 0.3078757 0.9507108 0.03689993 0.3013167 0.9519479 -0.05480417 0.303867 0.95111 -0.05526802 0.3038672 0.95111 -0.05526846 0.3048921 0.9511949 -0.04763656 0.3068877 0.9511948 -0.03237742 0.3087928 0.9511102 0.00603794 0.3087931 0.9511101 0.006037327 0.3066574 0.9511101 0.03675392 0.2994542 0.9511946 0.07453775 0.2953674 0.9511946 0.08936904 0.3026717 0.950711 0.06737013 0.3078595 0.9511102 -0.02473754 0.3081203 0.9511948 -0.01704204 0.3085868 0.9511948 -0.001660449 0.305276 0.9519479 -0.02453116 0.3078601 0.95111 -0.02473881 0.3066568 0.9511102 0.03675218 0.2905438 0.9511948 0.1039844 0.2850012 0.9511948 0.1183335 0.2944594 0.950711 0.09717191 0.3062014 0.9519479 0.005987687 0.3087928 0.9511102 0.006038361 0.308793 0.9511101 0.006037945 0.3082862 0.9511947 0.01372383 0.3072189 0.9511946 0.02907285 0.3014732 0.9511103 0.06710496 0.2932946 0.9511101 0.09678753 0.3014742 0.9511101 0.06710359 0.2787496 0.9511946 0.1323915 0.2718026 0.9511946 0.1461237 0.2833208 0.950711 0.1260073 0.3066578 0.95111 0.03675229 0.3066575 0.9511101 0.03675272 0.3053884 0.9511946 0.04434853 0.3040844 0.9519477 0.03644433 0.3027977 0.9511946 0.05951802 0.2932945 0.9511102 0.09678679 0.2641777 0.9511948 0.1594949 0.2559045 0.9511947 0.1724569 0.2693664 0.9507108 0.1535924 0.3014738 0.9511101 0.06710511 0.3014742 0.95111 0.06710463 0.2994547 0.9511947 0.07453553 0.2953668 0.9511947 0.08937089 0.2989443 0.9519477 0.06654151 0.2822006 0.95111 0.1255091 0.2821996 0.9511102 0.12551 0.252736 0.9507109 0.1796478 0.2469875 0.9511946 0.1850024 0.2374588 0.9511946 0.1970838 0.2932955 0.9511099 0.0967871 0.2908333 0.9519479 0.09597578 0.2932945 0.9511101 0.09678799 0.2905452 0.9511948 0.1039807 0.2850007 0.9511949 0.1183348 0.2683013 0.9511101 0.152984 0.251736 0.9511102 0.178937 0.2683004 0.9511101 0.1529846 0.2335921 0.950711 0.2039199 0.2273381 0.9511949 0.2086762 0.2166576 0.9511948 0.219745 0.2822007 0.9511099 0.1255097 0.2822 0.9511101 0.1255102 0.2798316 0.951948 0.124456 0.2787475 0.9511946 0.1323957 0.2718031 0.9511947 0.1461228 0.2517358 0.9511101 0.1789379 0.2121267 0.950711 0.2261659 0.205433 0.9511946 0.2302742 0.1936989 0.9511946 0.2402284 0.2683011 0.9511102 0.1529839 0.2683015 0.9511101 0.1529836 0.2660496 0.9519479 0.1516996 0.2641807 0.9511947 0.1594902 0.2559019 0.9511947 0.172461 0.2326684 0.95111 0.2031135 0.2326683 0.9511101 0.2031136 0.1885554 0.9507111 0.2461614 0.1814839 0.9511948 0.2495838 0.1688184 0.9511948 0.2583192 0.2374597 0.9511946 0.197083 0.2517354 0.9511101 0.1789381 0.2517358 0.9511101 0.1789379 0.2496227 0.9519479 0.1774364 0.2469872 0.9511946 0.185003 0.2112874 0.9511102 0.225271 0.2112885 0.9511101 0.2252706 0.1557336 0.9511946 0.2664131 0.1422579 0.9511946 0.2738459 0.1631071 0.950711 0.2637132 0.2273407 0.9511949 0.2086735 0.2166557 0.9511948 0.2197469 0.2307156 0.9519479 0.2014089 0.2326684 0.9511101 0.2031136 0.2326683 0.95111 0.2031136 0.1878099 0.9511101 0.245188 0.1878088 0.9511102 0.2451883 0.1284322 0.9511946 0.2805956 0.1142868 0.9511947 0.2866483 0.13604 0.950711 0.2786427 0.2054321 0.9511946 0.2302749 0.1936997 0.9511946 0.2402277 0.2095153 0.951948 0.2233794 0.2112883 0.9511101 0.2252704 0.2112889 0.95111 0.2252703 0.1624619 0.9511102 0.2626701 0.1624627 0.95111 0.26267 0.09985476 0.9511947 0.2919891 0.08517811 0.9511947 0.296603 0.1076206 0.950711 0.2908032 0.1814849 0.9511946 0.2495837 0.1688191 0.9511946 0.2583193 0.1862327 0.9519477 0.2431313 0.1878091 0.9511101 0.2451886 0.1878086 0.9511101 0.2451887 0.1624627 0.95111 0.26267 0.135502 0.9511101 0.2775407 0.1355016 0.9511102 0.2775407 0.07028649 0.9511946 0.3004806 0.05522096 0.9511946 0.3036107 0.0781304 0.950711 0.300074 0.1557317 0.9511946 0.2664139 0.1422597 0.9511947 0.2738447 0.1610994 0.9519479 0.2604653 0.1624629 0.9511101 0.2626698 0.0778214 0.9511101 0.2988871 0.1071946 0.9511101 0.2896532 0.1071949 0.95111 0.2896532 0.04786465 0.950711 0.3063619 0.04001924 0.9511946 0.3059856 0.02471755 0.9511946 0.3076 0.1355017 0.9511101 0.2775408 0.1284315 0.9511948 0.2805957 0.1142864 0.9511948 0.2866482 0.1343644 0.9519479 0.2752113 0.1355016 0.9511101 0.2775408 0.07782178 0.9511101 0.2988868 0.00935356 0.9511947 0.3084496 -0.006032334 0.9511947 0.3085324 0.01712337 0.950711 0.3096052 0.09985513 0.9511948 0.2919888 0.0851761 0.9511948 0.2966033 0.1071943 0.9511101 0.2896532 0.1062946 0.951948 0.2872219 0.1071946 0.95111 0.2896532 0.04767593 0.9511101 0.3051501 0.04767529 0.9511102 0.3051499 -0.02140347 0.9511946 0.3078485 -0.03672277 0.9511946 0.3063989 -0.0137891 0.950711 0.3097717 0.07782184 0.95111 0.298887 0.07782176 0.9511101 0.298887 0.07716863 0.9519479 0.2963786 0.07028627 0.9511946 0.3004807 0.05522167 0.9511946 0.3036105 0.01705564 0.9511101 0.3083807 0.01705522 0.9511102 0.3083805 -0.04456341 0.9507109 0.3068596 -0.05195071 0.9511947 0.304187 -0.06704685 0.9511947 0.3012198 0.04767523 0.9511101 0.3051504 0.04001938 0.9511947 0.3059855 0.02471794 0.9511947 0.3075999 0.04767603 0.9511099 0.3051507 0.04727512 0.9519479 0.3025894 -0.01373457 0.9511101 0.3085466 -0.01373505 0.9511101 0.3085464 -0.07489528 0.950711 0.3008975 -0.1044829 0.950711 0.2919449 -0.08197729 0.9511946 0.2975039 -0.09670831 0.9511946 0.2930467 0.009353963 0.9511947 0.3084498 -0.006033034 0.9511947 0.3085326 0.01705592 0.9511099 0.3083812 0.01691275 0.9519479 0.3057927 0.01705523 0.9511101 0.3083809 -0.04438716 0.95111 0.305646 -0.0745991 0.9511101 0.2997076 -0.04438735 0.9511101 0.3056459 -0.02140391 0.9511946 0.3078482 -0.03672262 0.9511947 0.3063986 -0.01361935 0.9519479 0.3059573 -0.01373505 0.9511101 0.3085464 -0.01373461 0.9511101 0.3085467 -0.04438734 0.9511101 0.3056458 -0.07459875 0.9511101 0.2997075 -0.1040697 0.9511101 0.2907904 -0.1040702 0.95111 0.2907904 -0.05194982 0.9511946 0.3041874 -0.06704693 0.9511946 0.30122 -0.0440146 0.9519478 0.3030808 -0.04438708 0.9511102 0.3056457 -0.08197899 0.9511946 0.2975034 -0.09670594 0.9511946 0.2930474 -0.07397287 0.9519479 0.2971923 -0.07459875 0.9511101 0.2997075 -0.1040703 0.9511101 0.2907903 -0.1040702 0.9511101 0.2907903 -0.07459889 0.9511101 0.2997074 -0.1031969 0.9519479 0.2883498 -0.1111915 0.9511946 0.2878632 -0.1111935 0.9511948 0.2878622 -0.139303 0.9511948 0.2753602 -0.1528536 0.9511948 0.2680753 -0.1330322 0.950711 0.2800911 -0.1602591 0.950711 0.2654537 -0.1660271 0.9511946 0.2601225 -0.1787883 0.9511946 0.2515223 -0.1325062 0.95111 0.2789836 -0.1325061 0.9511101 0.2789837 -0.1596254 0.95111 0.264404 -0.1858938 0.9507111 0.2481775 -0.1911022 0.9511947 0.2422986 -0.20294 0.9511948 0.2324736 -0.1596248 0.9511101 0.2644041 -0.1851587 0.9511101 0.247196 -0.2096803 0.9507109 0.228436 -0.2142775 0.9511946 0.2220678 -0.2250817 0.9511945 0.2111094 -0.1393016 0.9511947 0.275361 -0.1528552 0.9511947 0.2680744 -0.1325057 0.9511101 0.2789837 -0.132506 0.9511102 0.2789833 -0.1313936 0.9519478 0.2766423 -0.185158 0.9511102 0.2471962 -0.2353233 0.9511946 0.1996293 -0.2449836 0.9511945 0.1876485 -0.2313833 0.9507109 0.2064231 -0.1660273 0.9511946 0.2601226 -0.1787875 0.9511945 0.251523 -0.1582853 0.9519479 0.2621852 -0.1596247 0.9511101 0.2644039 -0.1596248 0.9511102 0.2644038 -0.2088508 0.9511102 0.2275319 -0.2088507 0.9511102 0.2275322 -0.2540291 0.9511946 0.1752087 -0.2624481 0.9511946 0.1623264 -0.2507859 0.9507111 0.1823594 -0.1911021 0.9511946 0.2422992 -0.2029412 0.9511946 0.2324732 -0.1851581 0.9511101 0.2471963 -0.1836046 0.9519477 0.2451221 -0.1851582 0.9511102 0.2471962 -0.2304676 0.9511101 0.2056068 -0.2304678 0.9511102 0.2056063 -0.2497939 0.9511102 0.181638 -0.2702139 0.9511946 0.1490414 -0.2773085 0.9511945 0.1353846 -0.2676978 0.9507109 0.1564825 -0.207098 0.9519479 0.2256228 -0.2142791 0.9511945 0.2220664 -0.2250803 0.9511945 0.2111111 -0.2088508 0.9511102 0.2275319 -0.2088507 0.9511102 0.2275323 -0.2497951 0.95111 0.1816373 -0.2819471 0.9507111 0.1290513 -0.28371 0.9511949 0.1213957 -0.2894077 0.9511949 0.1071052 -0.2353229 0.9511948 0.1996287 -0.2449816 0.9511948 0.1876499 -0.230468 0.95111 0.2056071 -0.2285344 0.9519478 0.2038807 -0.2304683 0.9511102 0.2056059 -0.2666381 0.95111 0.1558647 -0.2666383 0.9511102 0.1558632 -0.2943871 0.9511946 0.0925476 -0.2986359 0.9511946 0.07775216 -0.2933957 0.9507111 0.1003364 -0.2666381 0.95111 0.1558647 -0.2540301 0.9511948 0.1752057 -0.2624483 0.9511948 0.1623246 -0.2476981 0.951948 0.180113 -0.2497951 0.95111 0.1816373 -0.249795 0.9511099 0.1816377 -0.292236 0.95111 0.09993981 -0.2808326 0.9511099 0.1285412 -0.2808326 0.9511102 0.1285393 -0.3019275 0.9507111 0.07062571 -0.3021385 0.9511948 0.06277524 -0.304892 0.9511948 0.04763647 -0.2702139 0.9511946 0.1490415 -0.2773068 0.9511946 0.1353879 -0.2644004 0.9519479 0.1545562 -0.2666385 0.95111 0.1558644 -0.2922355 0.9511101 0.09994031 -0.3074604 0.9507109 0.04021011 -0.3068885 0.9511946 0.03237578 -0.3081204 0.9511947 0.01704508 -0.2837095 0.9511948 0.1213974 -0.2894085 0.9511949 0.1071032 -0.2808332 0.9511099 0.1285399 -0.2922356 0.95111 0.09994036 -0.2808332 0.95111 0.1285395 -0.2784761 0.9519478 0.1274611 -0.3007343 0.95111 0.07034565 -0.3007345 0.9511099 0.07034665 -0.3099363 0.9507108 0.009401171 -0.3085861 0.9511949 0.001656261 -0.3082854 0.9511949 -0.01372088 -0.2943878 0.9511947 0.09254504 -0.2986349 0.9511946 0.07775576 -0.2922355 0.95111 0.0999405 -0.2897827 0.9519479 0.09910169 -0.3062433 0.9511104 0.04005095 -0.3087092 0.9511104 0.00936395 -0.3062443 0.9511099 0.04005402 -0.3072196 0.9511946 -0.02906903 -0.3053877 0.9511946 -0.04435325 -0.3093311 0.9507112 -0.02150781 -0.3007338 0.9511102 0.07034554 -0.3021397 0.9511946 0.06277392 -0.3779615 0.8388844 0.391686 -0.3969992 0.8388845 0.3723767 -0.3265325 0.8386521 0.4359348 -0.2815041 0.8386522 0.466281 -0.2815042 0.8386522 0.4662807 -0.2211968 0.8388838 0.4973389 -0.4150799 0.8388846 0.3521097 -0.4075126 0.8377106 0.3635579 -0.4321157 0.8388845 0.3309817 -0.3265303 0.8386526 0.4359356 -0.2457101 0.8388842 0.4856952 -0.2696114 0.8388842 0.4728456 -0.2322472 0.8408084 0.4889812 -0.233678 0.8386518 0.4919936 -0.2336758 0.838651 0.4919959 -0.4416904 0.8377115 0.3211682 -0.4480724 0.838884 0.3090384 -0.4629214 0.8388839 0.2863171 -0.3683113 0.8386522 0.4012595 -0.3683124 0.8386527 0.4012575 -0.2928474 0.8388842 0.4588177 -0.3153563 0.8388842 0.4436483 -0.2797779 0.8408084 0.4634281 -0.2815043 0.838652 0.4662814 -0.2815022 0.8386511 0.4662842 -0.4714687 0.8377115 0.2756027 -0.4766119 0.8388842 0.262896 -0.489133 0.8388843 0.238793 -0.4064343 0.838651 0.3625959 -0.4405228 0.8386508 0.3203192 -0.4064371 0.8386523 0.3625897 -0.3370768 0.8388836 0.4273798 -0.3579571 0.8388836 0.41005 -0.2211951 0.8388845 0.4973385 -0.324532 0.8408077 0.4332682 -0.3265308 0.8386519 0.4359366 -0.326531 0.838652 0.4359364 -0.4965715 0.8377115 0.2272798 -0.5004199 0.838883 0.2141385 -0.5104755 0.838883 0.1889178 -0.440519 0.8386518 0.320322 -0.3660579 0.8408083 0.398802 -0.3779534 0.8388843 0.3916943 -0.3970104 0.8388842 0.3723653 -0.3683132 0.838652 0.4012583 -0.368313 0.8386519 0.4012587 -0.5192569 0.8388832 0.1632401 -0.5267528 0.838883 0.1371375 -0.5167327 0.8377101 0.1767172 -0.4702221 0.8386511 0.274874 -0.4702229 0.8386518 0.2748702 -0.4150751 0.8388842 0.3521163 -0.4321145 0.8388843 0.3309839 -0.4405181 0.8386526 0.3203214 -0.4064358 0.838652 0.3625916 -0.4039479 0.840808 0.360372 -0.4064367 0.8386526 0.3625894 -0.5329289 0.8388845 0.1107227 -0.5377851 0.8388845 0.08402389 -0.5317589 0.8377112 0.1243879 -0.5153623 0.8386526 0.1762486 -0.4952554 0.8386511 0.2266856 -0.4952564 0.8386526 0.2266779 -0.4480702 0.8388837 0.3090425 -0.4629199 0.8388837 0.2863199 -0.4378213 0.8408072 0.3183641 -0.4405153 0.8386533 0.3203231 -0.541306 0.8388839 0.05711045 -0.54348 0.8388839 0.03005452 -0.5415023 0.837711 0.07081981 -0.515362 0.8386527 0.1762491 -0.4766165 0.8388845 0.2628866 -0.4891303 0.8388845 0.2387979 -0.4702222 0.8386524 0.2748698 -0.4702228 0.8386533 0.2748656 -0.4673456 0.8408084 0.2731837 -0.5458632 0.8377109 0.01655151 -0.5443023 0.838884 0.002926901 -0.543772 0.8388841 -0.02420043 -0.5303506 0.8386524 0.1240585 -0.5303504 0.8386528 0.1240564 -0.5004255 0.838883 0.2141254 -0.5104753 0.838883 0.1889188 -0.4952535 0.8386524 0.226685 -0.4922232 0.8408075 0.225298 -0.4952535 0.8386524 0.2266848 -0.5447991 0.8377106 -0.03787831 -0.5418894 0.8388838 -0.05128046 -0.538661 0.838884 -0.07821786 -0.5400686 0.838652 0.0706323 -0.5400682 0.8386524 0.07063029 -0.5192544 0.8388847 0.16324 -0.5267487 0.8388847 0.1371431 -0.5122104 0.8408077 0.1751652 -0.5153641 0.8386525 0.1762437 -0.5153644 0.838651 0.1762499 -0.5383211 0.8377105 -0.09193125 -0.534088 0.8388847 -0.1049877 -0.5281928 0.8388845 -0.1314726 -0.5444176 0.8386519 0.01650842 -0.5444174 0.8386521 0.01650767 -0.5303532 0.8386511 0.1240561 -0.5329284 0.8388844 0.1107264 -0.5377852 0.8388844 0.0840238 -0.5303533 0.8386508 0.1240571 -0.5400707 0.8386507 0.07063061 -0.5271055 0.8408079 0.1232964 -0.5209875 0.8388838 -0.1576259 -0.5124763 0.8388839 -0.1834173 -0.52649 0.8377116 -0.1450774 -0.5433561 0.8386519 -0.03777798 -0.5433559 0.838652 -0.03777847 -0.5413064 0.8388839 0.05710613 -0.5434793 0.8388839 0.03006502 -0.5400681 0.8386519 0.07063515 -0.5367609 0.8408087 0.07020259 -0.5094289 0.8377115 -0.1967784 -0.5027037 0.8388838 -0.2087177 -0.4916677 0.8388838 -0.2335314 -0.5368943 0.8386524 -0.09168758 -0.5368953 0.8386521 -0.09168565 -0.5410828 0.8408093 0.01640771 -0.5443023 0.8388841 0.00292141 -0.5437719 0.838884 -0.02420169 -0.5444174 0.838652 0.01650842 -0.5444176 0.8386519 0.01650883 -0.5433559 0.838652 -0.03777847 -0.4873051 0.8377114 -0.2465226 -0.4794221 0.838884 -0.2577367 -0.465976 0.8388841 -0.281318 -0.5250968 0.838652 -0.1446935 -0.5250955 0.8386524 -0.1446954 -0.5080805 0.838652 -0.1962576 -0.5418902 0.8388838 -0.05127349 -0.5386591 0.8388838 -0.07823262 -0.5400305 0.8408078 -0.03754175 -0.5433542 0.8386534 -0.0377728 -0.4513672 0.838885 -0.3042032 -0.4356504 0.8388849 -0.3263139 -0.4603385 0.8377111 -0.2938174 -0.5080805 0.8386521 -0.1962574 -0.4860151 0.838652 -0.24587 -0.5340907 0.8388845 -0.1049761 -0.5281928 0.8388845 -0.1314735 -0.5368915 0.8386534 -0.09169529 -0.5368971 0.8386508 -0.09168596 -0.5336077 0.8408075 -0.09113446 -0.4287949 0.8377116 -0.3381925 -0.4188515 0.8388836 -0.3476171 -0.4009915 0.8388838 -0.3680758 -0.4860152 0.8386522 -0.245869 -0.5209849 0.8388839 -0.1576339 -0.5124776 0.8388839 -0.1834136 -0.5250986 0.8386511 -0.1446923 -0.521883 0.8408079 -0.1438062 -0.5250962 0.838652 -0.1446956 -0.5080806 0.838652 -0.1962574 -0.3929925 0.8377112 -0.3792055 -0.3821443 0.8388849 -0.3876054 -0.3623622 0.8388849 -0.4061598 -0.4591179 0.8386523 -0.2930412 -0.4591198 0.8386517 -0.2930396 -0.5049711 0.8408074 -0.1950567 -0.5027012 0.8388838 -0.2087233 -0.4916732 0.8388839 -0.2335192 -0.5080806 0.8386518 -0.1962578 -0.3532816 0.8377107 -0.4164526 -0.3416525 0.8388843 -0.4237297 -0.320112 0.8388842 -0.4402291 -0.4276611 0.8386519 -0.3372968 -0.3919519 0.8386522 -0.3782014 -0.42766 0.8386521 -0.3372974 -0.4860161 0.838652 -0.2458687 -0.4860155 0.8386521 -0.2458691 -0.4830401 0.8408084 -0.2443632 -0.4794194 0.8388842 -0.2577411 -0.4659719 0.8388841 -0.2813247 -0.2977673 0.8388845 -0.4556397 -0.2746952 0.8388845 -0.46991 -0.3100611 0.8377111 -0.4495578 -0.3919514 0.8386519 -0.3782022 -0.4591174 0.838652 -0.2930427 -0.4563076 0.8408074 -0.2912493 -0.4513774 0.8388849 -0.3041882 -0.4356486 0.838885 -0.3263162 -0.4591188 0.8386516 -0.2930417 -0.2637585 0.8377106 -0.478197 -0.2509179 0.8388842 -0.4830254 -0.2265361 0.8388841 -0.4949291 -0.3523468 0.838652 -0.4153487 -0.3523456 0.8386523 -0.4153492 -0.4276609 0.838652 -0.3372967 -0.4188421 0.838884 -0.3476276 -0.4009919 0.8388839 -0.368075 -0.3919514 0.8386519 -0.3782022 -0.4276621 0.8386517 -0.337296 -0.425043 0.8408086 -0.3352303 -0.2148369 0.837711 -0.5020809 -0.2015864 0.8388841 -0.505605 -0.1761273 0.8388841 -0.5150269 -0.3092405 0.8386517 -0.4483679 -0.3092381 0.8386521 -0.4483686 -0.3895528 0.8408073 -0.3758878 -0.3821531 0.8388839 -0.3875987 -0.3623534 0.838884 -0.4061695 -0.3523469 0.838652 -0.4153487 -0.3919514 0.838652 -0.3782023 -0.1637769 0.8377112 -0.520977 -0.1502388 0.8388844 -0.5231647 -0.1239759 0.8388844 -0.5300028 -0.2630598 0.838652 -0.4769302 -0.2630609 0.8386518 -0.47693 -0.3501874 0.8408083 -0.4128078 -0.3416565 0.8388844 -0.4237261 -0.3201103 0.8388843 -0.44023 -0.3523453 0.8386512 -0.4153516 -0.3092389 0.8386512 -0.4483698 -0.1110904 0.8377112 -0.5346952 -0.09740207 0.8388843 -0.535524 -0.07058753 0.8388842 -0.5397135 -0.2142667 0.838652 -0.5007522 -0.2142683 0.8386516 -0.500752 -0.2630605 0.8386523 -0.4769292 -0.3092417 0.8386524 -0.4483657 -0.2977709 0.8388835 -0.4556391 -0.2746923 0.8388836 -0.4699133 -0.3073492 0.8408079 -0.4456217 -0.05729933 0.8377111 -0.5430993 -0.04359931 0.8388841 -0.5425612 -0.01649695 0.838884 -0.5440602 -0.1107963 0.8386518 -0.5332798 -0.163343 0.8386517 -0.5195982 -0.1633435 0.8386517 -0.5195982 -0.2509217 0.8388842 -0.4830235 -0.2265355 0.8388841 -0.4949294 -0.2630594 0.838652 -0.4769304 -0.2614488 0.8408083 -0.4740103 -0.002939624 0.8377111 -0.5461057 0.01063666 0.8388839 -0.5442066 0.03775226 0.8388839 -0.5429996 -0.1107972 0.838652 -0.5332794 -0.2129562 0.840808 -0.4976861 -0.2142665 0.8386523 -0.5007517 -0.2015851 0.8388841 -0.5056055 -0.1761293 0.8388841 -0.5150262 -0.2142678 0.838652 -0.5007516 0.05144846 0.8377107 -0.5436853 0.06477986 0.8388844 -0.5404409 0.09162482 0.8388845 -0.5365424 -0.05714795 0.838652 -0.5416613 -0.0571476 0.8386521 -0.5416613 -0.1633425 0.8386523 -0.5195976 -0.1633428 0.8386521 -0.5195976 -0.1623427 0.8408079 -0.5164172 -0.1502417 0.8388843 -0.523164 -0.1239737 0.8388843 -0.5300034 -0.1107971 0.8386521 -0.5332791 0.1053276 0.8377109 -0.5358607 0.1182639 0.8388841 -0.5313071 0.1445973 0.838884 -0.5247526 -0.002932162 0.838652 -0.5446597 -0.002931839 0.8386521 -0.5446596 -0.1107966 0.838652 -0.5332795 -0.09740408 0.8388842 -0.5355238 -0.07058679 0.8388841 -0.5397136 -0.1101183 0.8408081 -0.5300149 0.1581585 0.8377108 -0.5227107 0.1705744 0.8388837 -0.516893 0.1961311 0.8388837 -0.5077468 0.05131219 0.838652 -0.5422453 0.05131346 0.8386523 -0.5422448 -0.04359813 0.8388841 -0.5425614 -0.0164996 0.8388841 -0.5440601 -0.05714794 0.8386521 -0.5416612 -0.05714817 0.838652 -0.5416612 -0.05679834 0.840808 -0.5383454 0.2094182 0.8377108 -0.5043656 0.2211966 0.8388841 -0.4973384 0.2457046 0.8388841 -0.4856982 0.1050493 0.838652 -0.5344413 0.1050487 0.8386518 -0.5344416 -0.00293241 0.838652 -0.5446597 -0.002914459 0.8408081 -0.5413254 0.01064144 0.8388839 -0.5442064 0.03775258 0.8388839 -0.5429996 -0.002932162 0.8386521 -0.5446596 0.2585952 0.8377107 -0.4810087 0.2696122 0.8388837 -0.472846 0.292854 0.8388836 -0.4588147 0.1577397 0.8386518 -0.5213265 0.1577396 0.8386518 -0.5213266 0.06477351 0.8388842 -0.5404422 0.09163219 0.8388842 -0.5365416 0.05131349 0.8386521 -0.5422451 0.05131362 0.8386521 -0.542245 0.1050494 0.8386519 -0.5344415 0.05099948 0.8408082 -0.5389254 0.305203 0.8377111 -0.45287 0.3153507 0.8388839 -0.4436528 0.337078 0.8388839 -0.4273783 0.2088615 0.8386518 -0.5030309 0.2088633 0.8386523 -0.5030293 0.1182622 0.8388839 -0.5313078 0.1445971 0.8388838 -0.5247529 0.1044045 0.840808 -0.53117 0.1050474 0.8386523 -0.5344411 0.3487764 0.8377112 -0.4202322 0.3579555 0.8388839 -0.4100507 0.3779621 0.8388839 -0.3916866 0.2579115 0.8386521 -0.4797333 0.2579103 0.8386518 -0.4797347 0.304395 0.8386518 -0.4516711 0.170577 0.8388838 -0.5168921 0.1961267 0.8388838 -0.5077483 0.1567737 0.840808 -0.5181349 0.1577393 0.8386524 -0.5213256 0.1577392 0.8386524 -0.5213256 0.3970004 0.8388833 -0.3723779 0.4150813 0.8388834 -0.3521109 0.388887 0.8377115 -0.383414 0.3043947 0.8386519 -0.4516712 0.2088629 0.8386526 -0.503029 0.2211943 0.8388841 -0.4973395 0.2457102 0.8388841 -0.4856955 0.2088613 0.838652 -0.5030306 0.2075846 0.8408082 -0.4999503 0.2579117 0.8386521 -0.4797336 0.4321157 0.8388845 -0.3309817 0.4480719 0.8388845 -0.309038 0.4251302 0.8377108 -0.3427898 0.3478529 0.8386519 -0.4191196 0.3478529 0.838652 -0.4191195 0.2579122 0.8386519 -0.4797335 0.3043948 0.8386519 -0.4516712 0.269611 0.8388847 -0.472845 0.2928479 0.8388848 -0.4588165 0.2563332 0.8408081 -0.4767966 0.4629216 0.8388838 -0.2863172 0.4766124 0.8388839 -0.2628962 0.4571501 0.837711 -0.2987544 0.3878581 0.8386517 -0.3823995 0.3878586 0.8386519 -0.3823985 0.3025306 0.8408086 -0.4489056 0.3043945 0.838652 -0.4516713 0.3153564 0.838884 -0.4436485 0.3370765 0.838884 -0.4273795 0.4891329 0.8388844 -0.238793 0.500418 0.8388842 -0.2141377 0.4846238 0.8377102 -0.2517568 0.4240038 0.8386524 -0.3418815 0.4240025 0.8386517 -0.3418848 0.3457239 0.8408076 -0.4165544 0.3878586 0.8386519 -0.3823985 0.3478529 0.8386519 -0.4191196 0.3478529 0.838652 -0.4191196 0.3579567 0.8388839 -0.4100496 0.3779536 0.838884 -0.3916945 0.5104749 0.8388835 -0.1889176 0.5192563 0.8388835 -0.1632399 0.5072817 0.8377104 -0.2022539 0.4559393 0.8386521 -0.2979631 0.4559396 0.8386523 -0.2979621 0.3878556 0.8386527 -0.3823998 0.397011 0.8388837 -0.3723659 0.4150757 0.8388836 -0.3521168 0.385482 0.8408082 -0.3800595 0.5267501 0.8388849 -0.1371368 0.5329286 0.8388847 -0.1107227 0.5248985 0.8377104 -0.150741 0.4833393 0.8386519 -0.2510895 0.4833394 0.838652 -0.2510892 0.424003 0.8386528 -0.3418815 0.4240021 0.8386521 -0.3418845 0.4214085 0.8408079 -0.3397895 0.4321158 0.8388831 -0.3309849 0.4480709 0.8388831 -0.309043 0.5377864 0.8388836 -0.08402409 0.5413063 0.8388836 -0.05711049 0.5372993 0.8377112 -0.09772057 0.5059382 0.8386515 -0.2017182 0.5235083 0.8386515 -0.1503418 0.5059384 0.838652 -0.2017156 0.4531462 0.8408079 -0.2961427 0.4559381 0.8386535 -0.2979611 0.4559369 0.8386522 -0.2979665 0.4629202 0.8388839 -0.2863193 0.4766175 0.8388839 -0.2628871 0.5434781 0.8388851 -0.03005442 0.5443007 0.8388851 -0.002926892 0.5443584 0.8377112 -0.04374847 0.5235095 0.8386511 -0.1503399 0.4833393 0.8386521 -0.2510892 0.4833398 0.8386534 -0.251084 0.4891306 0.838884 -0.2387987 0.5004241 0.838884 -0.2141248 0.4803824 0.8408083 -0.2495477 0.543772 0.838884 0.02420043 0.5418893 0.838884 0.05128045 0.5460082 0.8377117 0.01068127 0.5358772 0.8386518 -0.09746192 0.5358776 0.8386511 -0.09746554 0.5059371 0.8386522 -0.2017181 0.502841 0.8408075 -0.2004837 0.5059371 0.8386528 -0.2017151 0.5104746 0.8388835 -0.1889185 0.5192562 0.8388836 -0.1632406 0.5386612 0.8388838 0.07821789 0.5340893 0.8388838 0.104988 0.5422332 0.8377112 0.0649854 0.5429182 0.8386513 -0.04363273 0.5429177 0.8386518 -0.04363034 0.5445644 0.8386513 0.01065303 0.5203035 0.8408083 -0.1494178 0.5235073 0.8386526 -0.1503393 0.5235072 0.8386529 -0.1503378 0.5267509 0.8388832 -0.1371436 0.5329303 0.8388832 -0.1107268 0.5281923 0.8388849 0.1314725 0.5209858 0.838885 0.1576254 0.5330675 0.8377115 0.1186524 0.5445634 0.8386521 0.01064942 0.5325961 0.8408075 -0.09687133 0.5358742 0.8386533 -0.09746493 0.5377864 0.8388836 -0.08402399 0.5413069 0.8388836 -0.05710618 0.5358747 0.8386527 -0.09746766 0.5124756 0.8388844 0.1834171 0.5027028 0.8388844 0.2087174 0.5186045 0.8377108 0.1711433 0.5407979 0.8386518 0.06481338 0.5407974 0.8386521 0.06481451 0.5316569 0.8386519 0.1183385 0.5434778 0.838885 -0.03006493 0.5443009 0.838885 -0.002921403 0.5429183 0.8386514 -0.04363038 0.5395952 0.8408075 -0.04335595 0.5445644 0.8386514 0.01064944 0.542916 0.8386532 -0.04362277 0.4916675 0.8388839 0.2335314 0.4794222 0.8388839 0.2577367 0.4989879 0.8377103 0.221929 0.5316572 0.8386512 0.1183413 0.5412306 0.8408077 0.01058182 0.5445635 0.838652 0.01064699 0.5437719 0.838884 0.0242017 0.5418898 0.8388841 0.05127345 0.4744126 0.8377104 0.2705069 0.4659768 0.8388835 0.2813184 0.4513693 0.8388834 0.3042046 0.5172302 0.8386525 0.1706898 0.5172334 0.8386513 0.1706852 0.5407974 0.8386521 0.06481511 0.5407977 0.8386519 0.06481454 0.5374855 0.840809 0.06441818 0.5386589 0.8388839 0.0782326 0.5340916 0.8388839 0.1049763 0.4356515 0.838884 0.3263148 0.4188509 0.8388842 0.3476166 0.4451198 0.8377112 0.3163992 0.4976656 0.8386521 0.2213409 0.4731555 0.838652 0.2697901 0.4976645 0.8386523 0.221342 0.5316547 0.8386528 0.1183407 0.531657 0.838652 0.1183374 0.5281944 0.8388833 0.1314739 0.5209858 0.8388833 0.1576342 0.5284023 0.8408081 0.117613 0.4114067 0.8377102 0.3591464 0.4009915 0.8388838 0.3680758 0.3821456 0.8388836 0.3876067 0.4731564 0.8386528 0.269786 0.514066 0.8408077 0.1696427 0.5172321 0.8386522 0.1706848 0.4976648 0.8386521 0.2213421 0.5172305 0.8386528 0.170687 0.5124791 0.8388829 0.1834141 0.5027025 0.8388829 0.2087239 0.3736028 0.8377112 0.3983224 0.3623635 0.8388836 0.4061613 0.341653 0.8388836 0.4237304 0.4439375 0.8386528 0.3155646 0.4439415 0.8386518 0.3155616 0.4103166 0.8386518 0.3581948 0.4946181 0.840808 0.2199882 0.4731576 0.8386518 0.2697867 0.4976647 0.8386519 0.2213432 0.4916711 0.8388854 0.2335182 0.4794179 0.8388855 0.2577397 0.3320834 0.837711 0.4335446 0.3201122 0.8388839 0.4402294 0.2977677 0.8388839 0.4556404 0.3726137 0.8386521 0.3972678 0.4103169 0.838652 0.3581939 0.4731574 0.8386515 0.2697886 0.4702586 0.8408092 0.2681358 0.4659722 0.8388834 0.2813264 0.4513794 0.8388834 0.3041896 0.2872655 0.8377109 0.4644556 0.2746963 0.8388831 0.4699118 0.2509186 0.8388832 0.4830268 0.3726121 0.8386514 0.3972707 0.4188429 0.8388838 0.3476272 0.4439366 0.8386534 0.3155639 0.4439433 0.8386516 0.3155596 0.4103154 0.8386533 0.3581925 0.4412249 0.8408082 0.3136273 0.4356501 0.8388838 0.3263173 0.2265363 0.8388839 0.4949295 0.2015866 0.8388838 0.5056054 0.2395962 0.8377107 0.4907488 0.331204 0.838652 0.4323966 0.3312064 0.8386514 0.4323957 0.4009918 0.8388841 0.3680749 0.3821529 0.8388842 0.3875986 0.4078011 0.8408083 0.3560054 0.3726118 0.8386517 0.3972704 0.4103132 0.8386518 0.3581985 0.1895425 0.8377106 0.5121666 0.1761274 0.8388841 0.515027 0.150239 0.8388839 0.5231653 0.2865043 0.8386524 0.4632249 0.2865068 0.838652 0.4632243 0.2389613 0.8386524 0.4894484 0.3623537 0.8388838 0.4061698 0.3416564 0.8388838 0.4237275 0.3703331 0.8408084 0.3948349 0.3726137 0.8386527 0.3972664 0.123976 0.8388841 0.5300032 0.09740214 0.8388841 0.5355244 0.1376053 0.837711 0.5284932 0.2389606 0.8386522 0.489449 0.3201115 0.8388839 0.4402299 0.2977714 0.8388839 0.4556379 0.331206 0.8386519 0.4323952 0.329176 0.8408077 0.4297504 0.3312027 0.8386527 0.4323962 0.08429941 0.837711 0.5395683 0.07058757 0.838884 0.5397138 0.04359931 0.8388841 0.5425612 0.1890402 0.8386524 0.5108092 0.1890408 0.8386522 0.5108091 0.2746907 0.8388844 0.4699128 0.2509215 0.8388843 0.4830232 0.2847532 0.8408081 0.4603884 0.2865071 0.838652 0.4632241 0.2865068 0.838652 0.4632242 0.01649693 0.8388844 0.5440596 -0.01063664 0.8388844 0.5442057 0.03015872 0.8377109 0.5452805 0.1372409 0.8386521 0.5270935 0.1372397 0.8386523 0.5270935 0.2265355 0.8388842 0.4949293 0.2015851 0.8388842 0.5056053 0.2389602 0.838652 0.4894496 0.2374973 0.8408082 0.4864533 0.2389608 0.8386518 0.4894495 -0.03775228 0.8388838 0.5429999 -0.06478 0.8388837 0.5404421 -0.02428656 0.8377109 0.5455737 0.08407599 0.8386521 0.5381394 0.08407617 0.838652 0.5381395 0.1890412 0.8386514 0.5108104 0.1761291 0.8388844 0.5150258 0.1502416 0.8388844 0.5231639 0.1372401 0.8386515 0.5270947 0.1890394 0.8386518 0.5108104 0.1878818 0.8408086 0.5076824 -0.07848603 0.8377112 0.5404442 -0.09162502 0.8388836 0.5365435 -0.118264 0.8388837 0.5313076 0.03007886 0.838652 0.5438366 0.03007828 0.8386521 0.5438364 0.1364001 0.8408086 0.5238662 0.1239749 0.8388845 0.5300029 0.09740153 0.8388845 0.5355239 0.1372406 0.8386517 0.5270943 -0.1319072 0.8377107 0.5299445 -0.1840159 0.8377105 0.5141781 -0.1445974 0.8388836 0.524753 -0.1705745 0.8388836 0.5168932 -0.02422224 0.8386521 0.5441286 -0.02422136 0.8386519 0.5441289 0.07058804 0.8388842 0.5397134 0.04359811 0.8388841 0.5425611 0.08407599 0.838652 0.5381394 0.08356205 0.8408083 0.5348446 0.08407684 0.8386518 0.5381396 -0.07827789 0.838652 0.5390134 -0.07827824 0.838652 0.5390133 0.01649832 0.8388839 0.5440602 -0.01064016 0.8388839 0.5442063 0.02989376 0.8408082 0.5405072 0.03007789 0.8386521 0.5438365 -0.02422136 0.8386519 0.544129 0.03007828 0.838652 0.5438365 -0.1315576 0.8386525 0.52854 -0.1315562 0.8386521 0.5285409 -0.1835281 0.8386527 0.5128151 -0.1835306 0.8386521 0.512815 -0.03775255 0.8388841 0.5429992 -0.06477351 0.8388842 0.5404422 -0.02422048 0.8386521 0.5441287 -0.02407222 0.840808 0.5407979 -0.07827784 0.8386522 0.5390131 -0.09163354 0.8388838 0.536542 -0.118261 0.8388837 0.5313082 -0.07779867 0.8408082 0.5357136 -0.1315562 0.8386521 0.5285409 -0.07827784 0.8386522 0.5390131 -0.1445957 0.8388845 0.5247523 -0.1705789 0.8388845 0.5168903 -0.1307526 0.840808 0.5253052 -0.1835309 0.8386516 0.5128157 -0.1835296 0.8386519 0.5128157 -0.1315581 0.8386517 0.5285411 -0.182406 0.840808 0.5096763 -0.196131 0.8388839 0.5077465 -0.1961252 0.8388844 0.5077478 -0.2457046 0.8388841 0.4856981 -0.2696118 0.8388842 0.4728454 -0.2342952 0.8377112 0.4933008 -0.282252 0.8377109 0.4675193 -0.2928534 0.8388843 0.4588138 -0.3153504 0.8388842 0.4436524 -0.3274 0.8377106 0.4370929 -0.3370783 0.8388836 0.4273787 -0.3579558 0.8388836 0.410051 -0.2336748 0.8386521 0.4919946 -0.2336751 0.8386522 0.4919943 -0.3692903 0.8377103 0.402326 0.4063798 0 -0.9137043 0.4063798 0 -0.9137043 0.4514056 0 -0.8923189 0.4953278 0 -0.8687062 0.4514056 0 -0.8923189 0.4953278 0 -0.8687062 0.538027 0 -0.8429276 0.5793582 0 -0.8150731 0.538027 0 -0.8429276 0.5793582 0 -0.8150731 0.6192754 0 -0.785174 0.6192754 0 -0.785174 0.6576313 0 -0.7533399 0.6576313 0 -0.7533399 0.6943871 0 -0.7196016 0.6943871 0 -0.7196016 0.729363 0 -0.6841269 0.729363 0 -0.6841269 0.762581 0 -0.6468927 0.762581 0 -0.6468927 0.7938786 0 -0.6080763 0.7938786 0 -0.6080763 0.8231931 0 -0.5677615 0.8231931 0 -0.5677615 0.8504733 0 -0.5260182 0.8504733 0 -0.5260182 0.8756261 0 -0.4829895 0.8756261 0 -0.4829895 0.8986298 0 -0.4387079 0.8986298 0 -0.4387079 0.9193625 0 -0.3934114 0.9193625 0 -0.3934114 0.9378368 0 -0.3470765 0.9378368 0 -0.3470765 0.9539701 0 -0.2999019 0.9539701 0 -0.2999019 0.9677411 0 -0.2519467 0.9677411 0 -0.2519467 0.9790919 0 -0.2034187 0.9790919 0 -0.2034187 0.9880134 0 -0.1543679 0.9880134 0 -0.1543679 0.9944804 0 -0.1049226 0.9984744 0 -0.05521578 0.9944804 0 -0.1049226 0.9984744 0 -0.05521578 0.9999855 0 -0.005377265 0.9999855 0 -0.005377265 0.9990111 0 0.04446073 0.9990111 -0 0.04446073 0.9955522 0 0.09421181 0.9896211 0 0.1437009 0.9955522 -0 0.09421181 0.9812219 0 0.1928825 0.9896211 0 0.1437009 0.9812219 0 0.1928825 0.9703908 0 0.2415403 0.9571514 0 0.2895882 0.9703908 -0 0.2415403 0.9571514 0 0.2895882 0.9415147 0 0.3369719 0.9415147 -0 0.3369719 0.9235603 0 0.3834533 0.9032851 0 0.4290408 0.9235603 -0 0.3834533 0.9032851 0 0.4290408 0.8807882 0 0.4735105 0.8807882 -0 0.4735105 0.8560856 0 0.516834 0.8560856 -0 0.516834 0.8292486 0 0.5588799 0.8292486 -0 0.5588799 0.8003736 0 0.5995015 0.8003736 -0 0.5995015 0.769508 -0 0.6386372 0.769508 0 0.6386372 0.7366962 0 0.6762239 0.7366962 0 0.6762239 0.7020724 0 0.7121055 0.7020724 0 0.7121055 0.665729 -0 0.7461936 0.665729 0 0.7461936 0.62768 -0 0.7784714 0.62768 0 0.7784714 0.588106 -0 0.8087838 0.588106 0 0.8087838 0.547055 -0 0.8370967 0.547055 0 0.8370967 0.5046673 -0 0.8633139 0.5046673 0 0.8633139 0.4609835 -0 0.8874088 0.4609835 0 0.8874088 0.4161895 -0 0.9092779 0.4161895 0 0.9092779 0.3703521 0 0.9288914 0.3703521 -0 0.9288914 0.323579 0 0.9462012 0.323579 -0 0.9462012 0.2760172 0 0.9611527 0.2760172 -0 0.9611527 0.2277672 0 0.9737157 0.2277672 -0 0.9737157 0.178946 0 0.9838589 0.178946 -0 0.9838589 0.1296826 0 0.9915556 0.1296826 -0 0.9915556 0.08010011 0 0.9967868 0.08010011 -0 0.9967868 0.03030799 0 0.9995406 0.03030799 -0 0.9995406 -0.01954152 0 0.9998091 -0.01954152 0 0.9998091 -0.06935796 0 0.9975918 -0.06935796 0 0.9975918 -0.1190129 0 0.9928927 -0.1190129 0 0.9928927 -0.1683322 0 0.9857304 -0.1683322 0 0.9857304 -0.217273 0 0.9761109 -0.2656523 0 0.9640689 -0.217273 0 0.9761109 -0.3133771 0 0.9496288 -0.2656523 0 0.9640689 -0.3133771 0 0.9496288 -0.3603293 0 0.9328253 -0.3603293 0 0.9328253 -0.4063798 0 0.9137043 -0.4063798 0 0.9137043 -0.4514056 0 0.8923189 -0.4514056 0 0.8923189 -0.4953278 0 0.8687062 -0.4953278 0 0.8687062 -0.538027 0 0.8429276 -0.538027 0 0.8429276 -0.5793582 0 0.8150731 -0.5793582 0 0.8150731 -0.6192754 0 0.785174 -0.6192754 0 0.785174 -0.6576313 0 0.7533399 -0.6576313 0 0.7533399 -0.6943871 0 0.7196016 -0.6943871 0 0.7196016 -0.729363 0 0.6841269 -0.729363 0 0.6841269 -0.762581 0 0.6468927 -0.762581 0 0.6468927 -0.7938786 0 0.6080763 -0.7938786 0 0.6080763 -0.8231931 0 0.5677615 -0.8231931 0 0.5677615 -0.8504733 0 0.5260182 -0.8504733 0 0.5260182 -0.8756261 0 0.4829895 -0.8756261 0 0.4829895 -0.8986298 0 0.4387079 -0.8986298 0 0.4387079 -0.9193625 0 0.3934114 -0.9193625 0 0.3934114 -0.9378368 0 0.3470765 -0.9378368 0 0.3470765 -0.9539701 0 0.2999019 -0.9539701 0 0.2999019 -0.9677411 0 0.2519467 -0.9790919 0 0.2034187 -0.9677411 0 0.2519467 -0.9790919 0 0.2034187 -0.9880134 0 0.1543679 -0.9944804 0 0.1049226 -0.9880134 0 0.1543679 -0.9944804 0 0.1049226 -0.9984744 0 0.05521578 -0.9984744 0 0.05521578 -0.9999855 0 0.005377265 -0.9999855 0 0.005377265 -0.9990111 0 -0.04446073 -0.9990111 0 -0.04446073 -0.9955522 0 -0.09421181 -0.9955522 0 -0.09421181 -0.9896211 -0 -0.1437009 -0.9896211 0 -0.1437009 -0.9812219 -0 -0.1928825 -0.9812219 0 -0.1928825 -0.9703908 -0 -0.2415403 -0.9703908 0 -0.2415403 -0.9571514 0 -0.2895882 -0.9571514 0 -0.2895882 -0.9415147 -0 -0.3369719 -0.9415147 0 -0.3369719 -0.9235603 -0 -0.3834533 -0.9235603 0 -0.3834533 -0.9032851 0 -0.4290408 -0.9032851 0 -0.4290408 -0.8807882 0 -0.4735105 -0.8807882 0 -0.4735105 -0.8560856 0 -0.516834 -0.8560856 0 -0.516834 -0.8292486 -0 -0.5588799 -0.8292486 0 -0.5588799 -0.8003736 0 -0.5995015 -0.8003736 0 -0.5995015 -0.769508 0 -0.6386372 -0.769508 0 -0.6386372 -0.7366962 0 -0.6762239 -0.7366962 0 -0.6762239 -0.7020724 0 -0.7121055 -0.7020724 0 -0.7121055 -0.665729 0 -0.7461936 -0.62768 -0 -0.7784714 -0.665729 0 -0.7461936 -0.62768 0 -0.7784714 -0.588106 0 -0.8087838 -0.588106 0 -0.8087838 -0.547055 0 -0.8370967 -0.547055 0 -0.8370967 -0.5046673 0 -0.8633139 -0.5046673 0 -0.8633139 -0.4609835 0 -0.8874088 -0.4609835 0 -0.8874088 -0.4161895 0 -0.9092779 -0.3703521 -0 -0.9288914 -0.4161895 0 -0.9092779 -0.3703521 0 -0.9288914 -0.323579 0 -0.9462012 -0.323579 0 -0.9462012 -0.2760172 0 -0.9611527 -0.2760172 0 -0.9611527 -0.2277672 -0 -0.9737157 -0.2277672 0 -0.9737157 -0.178946 -0 -0.9838589 -0.178946 0 -0.9838589 -0.1296826 0 -0.9915556 -0.1296826 0 -0.9915556 -0.08010011 0 -0.9967868 -0.03030799 -0 -0.9995406 -0.08010011 0 -0.9967868 -0.03030799 0 -0.9995406 0.01954152 0 -0.9998091 0.01954152 0 -0.9998091 0.06935796 0 -0.9975918 0.1190129 0 -0.9928927 0.06935796 0 -0.9975918 0.1190129 0 -0.9928927 0.1683322 0 -0.9857304 0.1683322 0 -0.9857304 0.217273 0 -0.9761109 0.217273 0 -0.9761109 0.2656523 0 -0.9640689 0.2656523 0 -0.9640689 0.3133771 0 -0.9496288 0.3603293 0 -0.9328253 0.3133771 0 -0.9496288 0.3603293 0 -0.9328253 0.3779616 -0.8388844 -0.3916861 0.3969992 -0.8388845 -0.3723768 0.3692903 -0.8377103 -0.402326 0.2815041 -0.8386522 -0.466281 0.2815043 -0.8386522 -0.4662808 0.2211968 -0.8388838 -0.4973389 0.41508 -0.8388847 -0.3521098 0.4321157 -0.8388845 -0.3309817 0.4075126 -0.8377106 -0.3635579 0.3265321 -0.8386527 -0.4359341 0.3265307 -0.8386522 -0.435936 0.2457101 -0.8388842 -0.4856952 0.2696114 -0.8388842 -0.4728456 0.2322472 -0.8408084 -0.4889812 0.233678 -0.8386518 -0.4919936 0.2336758 -0.8386511 -0.4919959 0.4416904 -0.8377115 -0.3211682 0.4480725 -0.838884 -0.3090385 0.4629214 -0.8388839 -0.2863171 0.3683113 -0.8386522 -0.4012595 0.3683124 -0.8386527 -0.4012575 0.2928474 -0.8388842 -0.4588177 0.3153563 -0.8388842 -0.4436483 0.2797779 -0.8408085 -0.463428 0.2815043 -0.8386518 -0.4662814 0.2815022 -0.8386511 -0.4662842 0.4714687 -0.8377115 -0.2756027 0.4766119 -0.8388842 -0.2628959 0.489133 -0.8388842 -0.238793 0.4064371 -0.8386523 -0.3625897 0.4064343 -0.838651 -0.3625959 0.3370768 -0.8388836 -0.4273798 0.3579571 -0.8388837 -0.41005 0.2211951 -0.8388845 -0.4973385 0.324532 -0.8408077 -0.4332682 0.3265308 -0.8386519 -0.4359366 0.3265309 -0.838652 -0.4359363 0.4965715 -0.8377115 -0.2272798 0.5004199 -0.838883 -0.2141384 0.5104754 -0.8388831 -0.1889178 0.44052 -0.8386509 -0.3203228 0.4702209 -0.8386519 -0.2748733 0.4405215 -0.8386518 -0.3203183 0.3779534 -0.8388844 -0.3916943 0.3970104 -0.8388842 -0.3723653 0.3660579 -0.8408083 -0.398802 0.3683132 -0.838652 -0.4012583 0.368313 -0.8386519 -0.4012587 0.5192569 -0.8388832 -0.1632401 0.5267528 -0.838883 -0.1371375 0.5167328 -0.8377102 -0.1767172 0.4702238 -0.8386512 -0.2748708 0.4150751 -0.8388842 -0.3521163 0.4321145 -0.8388842 -0.3309839 0.4039479 -0.840808 -0.360372 0.4064358 -0.838652 -0.3625916 0.4064367 -0.8386526 -0.3625894 0.5317589 -0.8377112 -0.1243879 0.5329289 -0.8388845 -0.1107227 0.5377851 -0.8388845 -0.0840239 0.4952564 -0.8386526 -0.2266779 0.4952554 -0.8386511 -0.2266856 0.4480701 -0.8388836 -0.3090425 0.4629199 -0.8388837 -0.2863199 0.4378213 -0.8408072 -0.3183641 0.4405171 -0.8386534 -0.3203206 0.4405162 -0.8386526 -0.3203238 0.5415023 -0.837711 -0.07081981 0.541306 -0.8388839 -0.05711045 0.54348 -0.8388839 -0.03005452 0.5153621 -0.8386526 -0.1762491 0.5153621 -0.8386527 -0.1762485 0.4766165 -0.8388845 -0.2628866 0.4891303 -0.8388845 -0.2387979 0.4702228 -0.8386533 -0.2748656 0.4702222 -0.8386524 -0.2748698 0.4673456 -0.8408084 -0.2731838 0.5458632 -0.8377109 -0.01655151 0.5443023 -0.838884 -0.002926901 0.543772 -0.8388841 0.02420043 0.5303504 -0.8386528 -0.1240564 0.5303506 -0.8386524 -0.1240585 0.5004255 -0.838883 -0.2141254 0.5104753 -0.8388829 -0.1889188 0.4952535 -0.8386524 -0.2266848 0.4922232 -0.8408075 -0.225298 0.5153621 -0.8386526 -0.1762491 0.4952535 -0.8386524 -0.226685 0.5418894 -0.8388839 0.05128047 0.538661 -0.838884 0.07821786 0.5447991 -0.8377106 0.0378783 0.5400686 -0.838652 -0.0706323 0.5400682 -0.8386524 -0.07063029 0.5444177 -0.8386518 -0.01650768 0.5192544 -0.8388847 -0.16324 0.5267487 -0.8388847 -0.1371431 0.5153661 -0.8386512 -0.1762444 0.5122104 -0.8408077 -0.1751652 0.534088 -0.8388847 0.1049877 0.5281928 -0.8388846 0.1314726 0.5383211 -0.8377105 0.09193125 0.5444174 -0.838652 -0.01650842 0.5303532 -0.8386511 -0.1240561 0.5329284 -0.8388844 -0.1107264 0.5377852 -0.8388844 -0.0840238 0.5303533 -0.8386508 -0.1240571 0.5271055 -0.8408079 -0.1232964 0.5209875 -0.8388839 0.1576258 0.5124763 -0.8388839 0.1834173 0.52649 -0.8377116 0.1450774 0.5433559 -0.838652 0.03777847 0.5433561 -0.8386519 0.03777798 0.5444176 -0.8386519 -0.01650842 0.5400686 -0.8386521 -0.07063035 0.5413064 -0.838884 -0.05710614 0.5434793 -0.838884 -0.03006502 0.5367609 -0.8408087 -0.07020259 0.5400699 -0.8386508 -0.07063536 0.5094289 -0.8377115 0.1967784 0.5027037 -0.8388838 0.2087177 0.4916677 -0.8388838 0.2335314 0.5368943 -0.8386524 0.09168758 0.5250961 -0.8386526 0.1446933 0.5368953 -0.838652 0.09168565 0.5443023 -0.8388841 -0.00292141 0.5437719 -0.838884 0.02420169 0.5410828 -0.8408093 -0.01640771 0.5444174 -0.838652 -0.01650883 0.4873051 -0.8377114 0.2465226 0.479422 -0.838884 0.2577366 0.4659761 -0.8388841 0.281318 0.5250961 -0.838652 0.1446956 0.5368928 -0.8386536 0.09168523 0.5418902 -0.8388838 0.05127349 0.5386591 -0.8388838 0.07823262 0.5433536 -0.8386535 0.0377783 0.5400305 -0.8408078 0.03754175 0.5433561 -0.8386521 0.03777294 0.4513671 -0.8388851 0.3042032 0.4356504 -0.8388849 0.3263139 0.4603385 -0.8377111 0.2938174 0.5080806 -0.838652 0.1962574 0.5080804 -0.838652 0.1962576 0.4860151 -0.838652 0.24587 0.5340907 -0.8388845 0.1049761 0.5281928 -0.8388845 0.1314735 0.5250977 -0.8386509 0.144696 0.536895 -0.8386511 0.09169589 0.5336077 -0.8408075 0.09113446 0.4287949 -0.8377116 0.3381925 0.4188514 -0.8388837 0.3476171 0.4009916 -0.8388838 0.3680758 0.4591191 -0.8386523 0.2930391 0.4860153 -0.8386523 0.245869 0.5250973 -0.838652 0.1446919 0.5209849 -0.8388839 0.1576339 0.5124775 -0.8388839 0.1834136 0.521883 -0.8408079 0.1438062 0.3821443 -0.8388849 0.3876053 0.3623622 -0.8388849 0.4061598 0.3929925 -0.8377112 0.3792055 0.4276603 -0.8386519 0.3372977 0.4591185 -0.8386518 0.2930415 0.5027012 -0.8388838 0.2087234 0.4916732 -0.8388839 0.2335192 0.5049711 -0.8408073 0.1950568 0.5080805 -0.838652 0.1962578 0.5080808 -0.8386519 0.1962575 0.3532816 -0.8377107 0.4164526 0.3416524 -0.8388843 0.4237296 0.320112 -0.8388842 0.4402291 0.4276608 -0.8386521 0.3372966 0.4794193 -0.8388842 0.2577411 0.4659719 -0.8388841 0.2813247 0.4860161 -0.838652 0.2458687 0.4860155 -0.8386521 0.2458691 0.4830401 -0.8408084 0.2443632 0.2977673 -0.8388845 0.4556397 0.2746952 -0.8388844 0.46991 0.3100611 -0.8377111 0.4495578 0.3919521 -0.838652 0.3782016 0.3523459 -0.838652 0.4153495 0.3919513 -0.8386521 0.378202 0.4513774 -0.838885 0.3041882 0.4356486 -0.838885 0.3263161 0.4563076 -0.8408074 0.2912493 0.4591188 -0.8386516 0.2930417 0.4591174 -0.838652 0.2930427 0.2637585 -0.8377106 0.478197 0.2509179 -0.8388842 0.4830254 0.2265361 -0.8388841 0.4949291 0.3523466 -0.8386522 0.4153484 0.4188421 -0.838884 0.3476276 0.4009919 -0.8388839 0.368075 0.4276609 -0.838652 0.3372967 0.4276621 -0.8386517 0.337296 0.425043 -0.8408086 0.3352303 0.2148369 -0.837711 0.5020809 0.2015864 -0.8388841 0.505605 0.1761274 -0.8388841 0.515027 0.3092381 -0.8386521 0.4483686 0.26306 -0.8386517 0.4769306 0.3092405 -0.8386517 0.4483679 0.3895528 -0.8408073 0.3758878 0.3919514 -0.8386519 0.3782022 0.3821531 -0.8388839 0.3875988 0.3623534 -0.8388839 0.4061695 0.3919514 -0.838652 0.3782023 0.1637769 -0.8377113 0.520977 0.1502388 -0.8388844 0.5231647 0.1239759 -0.8388844 0.5300029 0.2142681 -0.838652 0.5007515 0.2630607 -0.838652 0.4769297 0.3092389 -0.8386512 0.4483698 0.3523446 -0.838652 0.4153508 0.3523477 -0.8386512 0.4153497 0.3501874 -0.8408083 0.4128078 0.3416565 -0.8388844 0.4237261 0.3201103 -0.8388844 0.44023 0.1110904 -0.8377112 0.5346952 0.09740208 -0.8388843 0.5355241 0.07058754 -0.8388842 0.5397136 0.2142668 -0.8386517 0.5007526 0.1633434 -0.8386518 0.519598 0.2630605 -0.8386523 0.4769292 0.3092417 -0.8386524 0.4483657 0.2977709 -0.8388835 0.455639 0.2746923 -0.8388835 0.4699133 0.3073491 -0.8408079 0.4456217 0.05729932 -0.8377111 0.5430993 0.04359931 -0.8388841 0.5425612 0.01649695 -0.838884 0.5440602 0.163343 -0.8386517 0.5195983 0.2630594 -0.838652 0.4769304 0.2614488 -0.8408083 0.4740103 0.2509217 -0.8388841 0.4830235 0.2265355 -0.8388841 0.4949294 0.002939623 -0.8377111 0.5461057 -0.01063666 -0.8388839 0.5442066 -0.03775227 -0.8388839 0.5429997 0.1107963 -0.838652 0.5332795 0.1107972 -0.8386518 0.5332797 0.2142679 -0.838652 0.5007516 0.2129562 -0.840808 0.4976861 0.2015851 -0.8388841 0.5056055 0.1761293 -0.838884 0.5150262 0.1633428 -0.8386523 0.5195975 0.2142664 -0.8386523 0.5007516 -0.06477986 -0.8388844 0.5404409 -0.09162483 -0.8388845 0.5365424 -0.05144846 -0.8377107 0.5436853 0.00293184 -0.838652 0.5446597 0.05714795 -0.838652 0.5416613 0.0571476 -0.8386521 0.5416613 0.1502417 -0.8388844 0.523164 0.1623427 -0.840808 0.5164173 0.1239737 -0.8388843 0.5300034 0.1633425 -0.8386521 0.5195977 0.1107971 -0.8386521 0.5332791 -0.1053276 -0.8377109 0.5358607 -0.1182639 -0.8388841 0.5313071 -0.1445973 -0.838884 0.5247526 0.002932162 -0.8386521 0.5446596 0.1107966 -0.838652 0.5332795 0.1101183 -0.8408081 0.5300149 0.09740409 -0.8388842 0.5355239 0.07058679 -0.8388841 0.5397136 -0.1581585 -0.8377108 0.5227107 -0.1705744 -0.8388837 0.516893 -0.1961311 -0.8388838 0.5077467 -0.0513122 -0.8386519 0.5422453 -0.05131346 -0.8386523 0.5422448 -0.1050486 -0.838652 0.5344414 0.05714817 -0.838652 0.5416612 0.05679834 -0.840808 0.5383454 0.04359813 -0.8388841 0.5425614 0.0164996 -0.8388841 0.5440601 0.05714794 -0.8386521 0.5416612 -0.2094182 -0.8377108 0.5043656 -0.2211966 -0.8388841 0.4973384 -0.2457046 -0.8388841 0.4856981 -0.1050494 -0.8386519 0.5344415 0.002932162 -0.8386521 0.5446596 0.00293241 -0.838652 0.5446597 0.002914459 -0.8408081 0.5413254 -0.01064144 -0.8388839 0.5442064 -0.03775258 -0.8388839 0.5429996 -0.2696122 -0.8388837 0.4728461 -0.292854 -0.8388836 0.4588146 -0.2585952 -0.8377107 0.4810087 -0.1577397 -0.8386518 0.5213265 -0.1577396 -0.8386518 0.5213266 -0.05131349 -0.838652 0.5422451 -0.05099948 -0.8408082 0.5389254 -0.05131362 -0.8386521 0.542245 -0.06477351 -0.8388842 0.5404422 -0.09163219 -0.8388842 0.5365416 -0.305203 -0.8377111 0.45287 -0.3153507 -0.8388839 0.4436528 -0.337078 -0.8388839 0.4273783 -0.2088615 -0.8386518 0.5030309 -0.2088633 -0.8386523 0.5030293 -0.1182622 -0.8388839 0.5313078 -0.1445971 -0.8388839 0.5247529 -0.1050476 -0.838652 0.5344417 -0.1044045 -0.840808 0.53117 -0.1050492 -0.8386524 0.5344407 -0.3487763 -0.8377111 0.4202321 -0.3579555 -0.8388839 0.4100507 -0.3779621 -0.8388839 0.3916866 -0.2579115 -0.8386521 0.4797333 -0.2579103 -0.8386518 0.4797346 -0.208861 -0.8386526 0.5030298 -0.170577 -0.8388838 0.5168921 -0.1961267 -0.8388838 0.5077483 -0.1567737 -0.840808 0.5181349 -0.1577393 -0.8386525 0.5213256 -0.1577392 -0.8386524 0.5213256 -0.3970005 -0.8388834 0.3723779 -0.4150813 -0.8388835 0.3521109 -0.388887 -0.8377115 0.383414 -0.3043948 -0.8386518 0.4516713 -0.3043949 -0.8386518 0.451671 -0.2211943 -0.8388841 0.4973395 -0.2457102 -0.8388841 0.4856955 -0.2075846 -0.8408082 0.4999503 -0.2088632 -0.8386521 0.5030297 -0.4321156 -0.8388845 0.3309817 -0.4480719 -0.8388844 0.3090381 -0.4251302 -0.8377108 0.3427898 -0.3478529 -0.8386519 0.4191195 -0.3478529 -0.8386519 0.4191196 -0.2579118 -0.838652 0.4797338 -0.269611 -0.8388846 0.472845 -0.2928479 -0.8388848 0.4588165 -0.2579121 -0.8386521 0.4797334 -0.2563332 -0.8408081 0.4767966 -0.4629216 -0.8388838 0.2863173 -0.4766124 -0.8388839 0.2628962 -0.4571501 -0.8377109 0.2987544 -0.4240047 -0.8386516 0.3418822 -0.3878581 -0.8386517 0.3823995 -0.3878586 -0.8386519 0.3823985 -0.3043946 -0.8386518 0.4516714 -0.3153564 -0.838884 0.4436485 -0.3370765 -0.8388839 0.4273795 -0.3043947 -0.8386519 0.4516712 -0.3025306 -0.8408086 0.4489056 -0.489133 -0.8388843 0.238793 -0.500418 -0.8388844 0.2141377 -0.4846238 -0.8377102 0.2517568 -0.4240018 -0.8386523 0.3418842 -0.3478529 -0.8386519 0.4191196 -0.3478529 -0.838652 0.4191195 -0.3579567 -0.8388839 0.4100496 -0.3779536 -0.838884 0.3916945 -0.3457239 -0.8408076 0.4165544 -0.5104749 -0.8388835 0.1889176 -0.5192564 -0.8388835 0.1632399 -0.5072817 -0.8377104 0.2022539 -0.4559396 -0.8386523 0.2979621 -0.4559393 -0.8386521 0.2979631 -0.3878564 -0.838652 0.3824006 -0.3878576 -0.8386527 0.3823976 -0.385482 -0.8408082 0.3800595 -0.397011 -0.8388837 0.3723659 -0.4150757 -0.8388836 0.3521168 -0.5267501 -0.8388848 0.1371368 -0.5329286 -0.8388847 0.1107227 -0.5248985 -0.8377104 0.150741 -0.4833394 -0.838652 0.2510892 -0.4833394 -0.838652 0.2510896 -0.424003 -0.8386528 0.3418815 -0.4214085 -0.8408079 0.3397895 -0.4240021 -0.8386521 0.3418844 -0.4321158 -0.8388832 0.3309849 -0.4480709 -0.8388831 0.309043 -0.5377864 -0.8388836 0.08402409 -0.5413063 -0.8388836 0.05711049 -0.5372993 -0.8377112 0.09772057 -0.5059383 -0.8386515 0.2017182 -0.5059384 -0.8386519 0.2017156 -0.4559369 -0.8386522 0.2979665 -0.4559381 -0.8386535 0.2979611 -0.4531462 -0.8408079 0.2961427 -0.4629202 -0.8388839 0.2863193 -0.4766175 -0.8388839 0.2628871 -0.5434781 -0.8388851 0.03005442 -0.5443007 -0.8388851 0.002926892 -0.5443584 -0.8377112 0.04374847 -0.523509 -0.8386511 0.150342 -0.5235089 -0.8386515 0.1503398 -0.5358784 -0.838651 0.09746214 -0.4833393 -0.8386521 0.2510892 -0.4833398 -0.8386534 0.251084 -0.4803824 -0.8408083 0.2495477 -0.5059382 -0.8386521 0.2017155 -0.4891306 -0.8388841 0.2387987 -0.5004241 -0.838884 0.2141248 -0.543772 -0.838884 -0.02420043 -0.5418892 -0.838884 -0.05128045 -0.5460082 -0.8377117 -0.01068127 -0.5358767 -0.8386517 0.09746537 -0.5059361 -0.8386528 0.2017177 -0.502841 -0.8408075 0.2004837 -0.5104746 -0.8388835 0.1889185 -0.5192562 -0.8388836 0.1632406 -0.5386612 -0.8388838 -0.07821789 -0.5340893 -0.8388838 -0.104988 -0.5422332 -0.8377112 -0.0649854 -0.5429182 -0.8386513 0.04363273 -0.5429177 -0.8386518 0.04363034 -0.5445644 -0.8386513 -0.01065303 -0.5235073 -0.8386526 0.1503393 -0.5235072 -0.8386529 0.1503378 -0.5203035 -0.8408083 0.1494178 -0.5358753 -0.8386527 0.09746513 -0.5267509 -0.8388832 0.1371436 -0.5329303 -0.8388832 0.1107268 -0.5281923 -0.8388849 -0.1314725 -0.5209858 -0.838885 -0.1576254 -0.5330675 -0.8377115 -0.1186524 -0.5407975 -0.838652 -0.06481334 -0.5445634 -0.8386521 -0.01064942 -0.5325961 -0.8408075 0.09687133 -0.5377864 -0.8388836 0.08402399 -0.5358739 -0.8386533 0.0974675 -0.5413069 -0.8388836 0.05710619 -0.5124756 -0.8388844 -0.1834171 -0.5027028 -0.8388844 -0.2087174 -0.5186045 -0.8377108 -0.1711433 -0.5407977 -0.8386518 -0.06481455 -0.5429183 -0.8386514 0.04363039 -0.5434778 -0.838885 0.03006493 -0.5443009 -0.838885 0.002921403 -0.542916 -0.8386532 0.04362277 -0.5395952 -0.8408075 0.04335595 -0.4916675 -0.8388839 -0.2335314 -0.4794222 -0.8388839 -0.2577367 -0.4989879 -0.8377103 -0.221929 -0.5316564 -0.8386518 -0.1183411 -0.5316578 -0.8386512 -0.1183387 -0.5407974 -0.8386521 -0.06481451 -0.5445644 -0.8386514 -0.01064701 -0.5437719 -0.838884 -0.0242017 -0.5418897 -0.8388841 -0.05127345 -0.5412306 -0.8408077 -0.01058182 -0.5445634 -0.838652 -0.01064942 -0.4744126 -0.8377104 -0.2705069 -0.4659768 -0.8388835 -0.2813184 -0.4513692 -0.8388834 -0.3042046 -0.5172302 -0.8386525 -0.1706898 -0.4976651 -0.8386524 -0.2213407 -0.5172334 -0.8386513 -0.1706852 -0.5407976 -0.8386519 -0.06481514 -0.5316563 -0.8386519 -0.1183411 -0.5386589 -0.8388839 -0.0782326 -0.5374855 -0.8408089 -0.06441818 -0.5340916 -0.8388839 -0.1049763 -0.4451198 -0.8377112 -0.3163992 -0.4356515 -0.838884 -0.3263148 -0.4188508 -0.8388842 -0.3476166 -0.4976649 -0.838652 -0.2213422 -0.5284023 -0.8408081 -0.117613 -0.5316557 -0.8386528 -0.1183371 -0.5281944 -0.8388833 -0.1314739 -0.5209858 -0.8388833 -0.1576342 -0.4114067 -0.8377102 -0.3591464 -0.4009915 -0.8388838 -0.3680758 -0.3821456 -0.8388836 -0.3876067 -0.4439401 -0.8386528 -0.3155606 -0.4731573 -0.8386521 -0.2697865 -0.4731542 -0.838653 -0.2697894 -0.5172305 -0.8386528 -0.170687 -0.5172322 -0.8386523 -0.1706848 -0.4976648 -0.8386522 -0.2213421 -0.5124791 -0.8388829 -0.1834141 -0.5027025 -0.8388829 -0.2087239 -0.5140659 -0.8408077 -0.1696427 -0.3736028 -0.8377112 -0.3983224 -0.3623635 -0.8388836 -0.4061613 -0.341653 -0.8388837 -0.4237303 -0.4439386 -0.8386519 -0.3155654 -0.4103166 -0.8386518 -0.3581948 -0.4946181 -0.840808 -0.2199882 -0.4976647 -0.8386519 -0.2213432 -0.4916711 -0.8388854 -0.2335182 -0.4794179 -0.8388854 -0.2577396 -0.3320834 -0.837711 -0.4335446 -0.3201122 -0.8388839 -0.4402294 -0.2977677 -0.8388839 -0.4556404 -0.4103169 -0.838652 -0.3581939 -0.4731583 -0.8386514 -0.2697871 -0.4731568 -0.8386519 -0.2697883 -0.4702586 -0.8408092 -0.2681358 -0.4659722 -0.8388834 -0.2813264 -0.4513794 -0.8388834 -0.3041896 -0.2746962 -0.8388831 -0.4699118 -0.2509186 -0.8388832 -0.4830268 -0.2872655 -0.8377109 -0.4644556 -0.3726144 -0.8386513 -0.3972686 -0.3726114 -0.838652 -0.3972701 -0.4188429 -0.8388838 -0.3476272 -0.4439433 -0.8386517 -0.3155596 -0.4412249 -0.8408082 -0.3136273 -0.4439366 -0.8386534 -0.3155639 -0.4356501 -0.8388838 -0.3263173 -0.2265363 -0.8388839 -0.4949295 -0.2015865 -0.8388839 -0.5056053 -0.2395962 -0.8377107 -0.4907488 -0.331204 -0.838652 -0.4323966 -0.3312064 -0.8386514 -0.4323957 -0.4009918 -0.8388841 -0.3680749 -0.3821529 -0.8388842 -0.3875986 -0.4078011 -0.8408083 -0.3560054 -0.4103173 -0.8386517 -0.3581942 -0.4103117 -0.8386532 -0.3581971 -0.1761274 -0.8388841 -0.515027 -0.150239 -0.8388839 -0.5231653 -0.1895425 -0.8377106 -0.5121666 -0.2865043 -0.8386524 -0.4632249 -0.2865068 -0.838652 -0.4632243 -0.3623537 -0.8388838 -0.4061698 -0.3416564 -0.8388838 -0.4237275 -0.3703331 -0.8408084 -0.3948349 -0.3726105 -0.8386529 -0.3972691 -0.3726147 -0.8386518 -0.3972674 -0.123976 -0.8388841 -0.5300032 -0.09740214 -0.8388841 -0.5355244 -0.1376054 -0.837711 -0.5284932 -0.2389614 -0.8386521 -0.4894487 -0.2389604 -0.8386524 -0.4894488 -0.3201115 -0.8388839 -0.4402299 -0.2977714 -0.8388839 -0.4556379 -0.329176 -0.8408077 -0.4297504 -0.331206 -0.8386519 -0.4323952 -0.3312027 -0.8386527 -0.4323962 -0.07058757 -0.838884 -0.5397138 -0.04359931 -0.8388841 -0.5425612 -0.08429941 -0.837711 -0.5395683 -0.1890401 -0.8386524 -0.5108092 -0.1890408 -0.8386522 -0.5108091 -0.2865071 -0.838652 -0.4632241 -0.2746907 -0.8388844 -0.4699128 -0.2509215 -0.8388844 -0.4830232 -0.2865068 -0.838652 -0.4632242 -0.2847532 -0.8408081 -0.4603883 -0.01649693 -0.8388844 -0.5440596 0.01063664 -0.8388844 -0.5442057 -0.03015872 -0.8377109 -0.5452805 -0.1372397 -0.8386523 -0.5270935 -0.1372409 -0.8386521 -0.5270935 -0.2374973 -0.8408082 -0.4864532 -0.189041 -0.8386519 -0.5108097 -0.2265355 -0.8388842 -0.4949293 -0.2015851 -0.8388842 -0.5056053 -0.2389602 -0.838652 -0.4894496 -0.2389608 -0.8386518 -0.4894495 0.02428656 -0.8377109 -0.5455737 0.03775228 -0.8388838 -0.5429999 0.06478 -0.8388837 -0.5404421 -0.08407599 -0.8386521 -0.5381394 -0.08407617 -0.838652 -0.5381395 -0.1890396 -0.8386514 -0.5108109 -0.1761291 -0.8388845 -0.5150258 -0.1502416 -0.8388844 -0.5231639 -0.1878818 -0.8408086 -0.5076824 0.07848603 -0.8377112 -0.5404442 0.09162502 -0.8388837 -0.5365435 0.118264 -0.8388837 -0.5313075 -0.03007827 -0.8386521 -0.5438364 -0.03007886 -0.838652 -0.5438366 -0.1239749 -0.8388845 -0.5300029 -0.09740153 -0.8388845 -0.5355239 -0.13724 -0.8386517 -0.5270944 -0.1364001 -0.8408086 -0.5238662 -0.08407605 -0.8386518 -0.5381398 -0.1372407 -0.8386515 -0.5270945 0.1319072 -0.8377107 -0.5299445 0.1840159 -0.8377105 -0.5141781 0.1445974 -0.8388836 -0.524753 0.1705745 -0.8388836 -0.5168932 0.02422224 -0.8386521 -0.5441286 0.02422136 -0.8386519 -0.5441289 -0.07058804 -0.8388842 -0.5397134 -0.04359811 -0.8388841 -0.5425611 -0.08356205 -0.8408083 -0.5348446 -0.0840768 -0.838652 -0.5381393 0.07827822 -0.838652 -0.5390132 0.07827789 -0.838652 -0.5390134 -0.01649832 -0.8388839 -0.5440602 0.01064016 -0.8388839 -0.5442063 -0.03007828 -0.838652 -0.5438365 -0.03007789 -0.8386521 -0.5438365 -0.02989375 -0.8408082 -0.5405071 0.1315576 -0.8386525 -0.52854 0.1835281 -0.8386527 -0.5128151 0.1315562 -0.8386521 -0.528541 0.1835306 -0.8386521 -0.5128149 0.03775255 -0.8388841 -0.5429992 0.06477351 -0.8388842 -0.5404422 0.07827784 -0.8386522 -0.5390131 0.02422134 -0.8386521 -0.5441286 0.02407222 -0.840808 -0.5407979 0.02422049 -0.8386519 -0.544129 0.09163354 -0.8388838 -0.536542 0.118261 -0.8388838 -0.5313082 0.07779867 -0.8408082 -0.5357136 0.07827784 -0.8386522 -0.5390131 0.1445957 -0.8388845 -0.5247523 0.1705789 -0.8388845 -0.5168903 0.1307526 -0.840808 -0.5253052 0.1315563 -0.8386517 -0.5285417 0.1835309 -0.8386516 -0.5128157 0.1835296 -0.8386518 -0.5128157 0.1315579 -0.8386521 -0.5285406 0.182406 -0.840808 -0.5096763 0.196131 -0.8388839 -0.5077465 0.1961252 -0.8388844 -0.5077478 0.2457046 -0.8388842 -0.4856981 0.2696118 -0.8388842 -0.4728453 0.2342952 -0.8377112 -0.4933008 0.2822521 -0.8377108 -0.4675194 0.2928534 -0.8388843 -0.4588138 0.3153504 -0.8388842 -0.4436523 0.3274 -0.8377106 -0.4370929 0.3370782 -0.8388836 -0.4273787 0.3579558 -0.8388836 -0.410051 0.2336748 -0.8386521 -0.4919946 0.2336751 -0.8386522 -0.4919944 0.2798631 -0.959342 -0.0366017 0.266091 -0.9596431 -0.09099888 0.2738292 -0.9596431 -0.06405287 0.266091 -0.9596431 -0.09099869 0.2408042 -0.9603121 -0.1407619 0.242784 -0.9596431 -0.1419192 0.2460346 -0.9597139 -0.1357064 0.2524936 -0.9597139 -0.1232729 0.242784 -0.9596431 -0.1419189 0.1141837 -0.9597138 -0.2567324 0.2809749 -0.9597139 -0.001508064 0.2807011 -0.9597139 0.01249319 0.2821171 -0.9593418 -0.008555235 0.2738296 -0.9596429 -0.06405223 0.2583236 -0.959714 -0.110535 0.2635126 -0.959714 -0.09752003 0.2557081 -0.959643 -0.1170412 0.2557081 -0.9596432 -0.1170404 0.2536227 -0.9603122 -0.1160859 0.2797301 -0.9597138 0.02646798 0.2780622 -0.9597137 0.04038461 0.2815666 -0.9593419 0.01957617 0.2788463 -0.9596429 -0.03647013 0.2788459 -0.9596431 -0.03646868 0.268046 -0.959714 -0.08426436 0.2719133 -0.9597139 -0.07079774 0.2660909 -0.9596431 -0.09099884 0.266091 -0.9596431 -0.09099922 0.2639205 -0.9603122 -0.09025694 0.2782181 -0.9593419 0.04751546 0.2757046 -0.9597138 0.05419004 0.27266 -0.9597138 0.06786834 0.1141827 -0.9597139 -0.2567326 0.2810914 -0.9596431 -0.008524233 0.2805433 -0.9596432 0.01950503 0.2810914 -0.9596431 -0.008524129 0.2738291 -0.9596431 -0.06405288 0.2751044 -0.9597138 -0.05715697 0.2776114 -0.9597138 -0.04337349 0.2738289 -0.9596432 -0.06405206 0.271596 -0.9603122 -0.06353053 0.2689387 -0.9597137 0.08137255 0.2645471 -0.9597138 0.09468031 0.272105 -0.9593419 0.07498001 0.2772074 -0.9596431 0.04734285 0.2805437 -0.959643 0.01950607 0.2794282 -0.9597139 -0.02948104 0.2805503 -0.9597139 -0.01551616 0.2788457 -0.9596432 -0.03646959 0.2788458 -0.9596431 -0.03647006 0.2765719 -0.9603122 -0.0361722 0.2632873 -0.9593421 0.1016987 0.2594997 -0.9597141 0.1077452 0.2538069 -0.959714 0.1205451 0.277207 -0.9596432 0.04734135 0.2787991 -0.9603122 -0.008454809 0.280975 -0.9597139 -0.001512656 0.2807011 -0.9597139 0.01249552 0.2810914 -0.9596432 -0.008524325 0.2810914 -0.9596431 -0.008524233 0.2518524 -0.9593419 0.1274107 0.2474821 -0.9597137 0.1330491 0.2405405 -0.9597138 0.1452233 0.2623305 -0.9596432 0.1013291 0.2711157 -0.9596432 0.07470731 0.2711156 -0.9596432 0.0747074 0.2782559 -0.9603121 0.01934631 0.2797298 -0.9597138 0.02647102 0.2780627 -0.9597138 0.04038088 0.2805429 -0.9596432 0.01950601 0.2805433 -0.9596431 0.01950535 0.2330073 -0.9597137 0.1570262 0.2248878 -0.9597136 0.1684489 0.2379148 -0.9593421 0.1518534 0.2623306 -0.9596431 0.1013311 0.2772067 -0.9596432 0.04734169 0.277207 -0.9596432 0.04734135 0.2749467 -0.9603121 0.04695573 0.2757041 -0.9597138 0.05419256 0.2726605 -0.9597137 0.06786628 0.2216137 -0.9593419 0.1747872 0.2162112 -0.9597139 0.1794494 0.2069968 -0.9597138 0.1900046 0.2509381 -0.959643 0.1269463 0.2509367 -0.9596432 0.1269474 0.2711164 -0.959643 0.0747075 0.2689047 -0.9603122 0.07409933 0.2689376 -0.9597139 0.08137345 0.2645473 -0.9597139 0.09467743 0.2711155 -0.9596432 0.07470853 0.2031087 -0.9593421 0.1959839 0.1972719 -0.9597138 0.200083 0.1870511 -0.9597139 0.2096695 0.2370503 -0.9596432 0.1513016 0.23705 -0.9596432 0.1513018 0.2594995 -0.9597138 0.1077475 0.2538067 -0.9597137 0.1205474 0.2601912 -0.9603122 0.1005034 0.2623299 -0.9596432 0.1013308 0.2509375 -0.9596432 0.126946 0.262331 -0.9596431 0.1013299 0.1825854 -0.9593419 0.215234 0.1763673 -0.9597138 0.2187326 0.1652449 -0.9597138 0.2272521 0.2208082 -0.9596431 0.174152 0.2208076 -0.9596431 0.1741523 0.2488908 -0.9603123 0.1259121 0.2509375 -0.9596431 0.1269476 0.2474818 -0.959714 0.1330485 0.2405419 -0.959714 0.1452197 0.2370506 -0.959643 0.1513021 0.1602482 -0.9593419 0.2323435 0.1537125 -0.9597139 0.2352057 0.1417991 -0.9597139 0.2425743 0.2023709 -0.9596431 0.195272 0.2023711 -0.9596431 0.1952719 0.2330046 -0.9597139 0.1570289 0.2248872 -0.9597139 0.1684487 0.2351176 -0.9603122 0.1500671 0.2370507 -0.9596432 0.151301 0.1363184 -0.9593419 0.2471444 0.1295286 -0.9597139 0.2493422 0.1169402 -0.9597139 0.2554882 0.1819225 -0.9596431 0.2144512 0.1819216 -0.9596432 0.2144515 0.2023707 -0.9596432 0.1952715 0.2208073 -0.9596432 0.1741521 0.2162119 -0.9597138 0.1794487 0.2069982 -0.9597139 0.1900031 0.220808 -0.9596432 0.1741518 0.2190075 -0.9603121 0.1727318 0.1110326 -0.9593421 0.2594893 0.1040606 -0.9597138 0.2609995 0.09091999 -0.9597138 0.2658626 0.1596659 -0.9596431 0.2314991 0.1596655 -0.9596432 0.2314992 0.1972698 -0.9597138 0.2000849 0.1870516 -0.9597139 0.2096689 0.2007201 -0.9603122 0.1936801 0.1819225 -0.9596431 0.2144512 0.2023704 -0.9596431 0.1952725 0.08464455 -0.959342 0.269255 0.07755655 -0.9597139 0.2700635 0.06399672 -0.9597139 0.2735941 0.1358231 -0.9596431 0.2462463 0.1106292 -0.9596431 0.2585466 0.1358225 -0.9596432 0.2462464 0.1596657 -0.959643 0.2314995 0.1763682 -0.959714 0.2187314 0.1652451 -0.9597139 0.2272515 0.1804387 -0.9603121 0.2127026 0.1819223 -0.9596431 0.2144515 0.05741431 -0.9593419 0.276345 0.05028114 -0.9597138 0.2764438 0.03643774 -0.9597138 0.2786066 0.1106291 -0.9596431 0.2585467 0.159666 -0.9596431 0.2314991 0.1537129 -0.9597139 0.2352055 0.1417974 -0.9597139 0.2425752 0.158364 -0.9603122 0.2296112 0.029614 -0.9593419 0.2806884 0.02250586 -0.9597139 0.2800764 0.008517283 -0.9597138 0.2808501 0.08433679 -0.9596431 0.2682768 0.08433706 -0.9596431 0.2682769 0.1358221 -0.9596432 0.2462466 0.1358226 -0.9596431 0.2462466 0.1295297 -0.9597139 0.2493416 0.1169401 -0.9597139 0.2554882 0.1106291 -0.9596431 0.2585467 0.1347145 -0.9603122 0.2442384 0.00151935 -0.9593419 0.2822423 -0.005493233 -0.9597139 0.2809255 -0.01948831 -0.9597139 0.2803025 0.05720586 -0.9596431 0.275341 0.05720572 -0.9596431 0.275341 0.1106295 -0.9596431 0.2585461 0.1040593 -0.9597138 0.261 0.09092115 -0.9597138 0.2658622 0.1097274 -0.9603122 0.2564377 -0.02659037 -0.9593419 0.2809911 -0.03343685 -0.9597139 0.2789826 -0.04730163 -0.9597138 0.2769692 0.02950664 -0.9596431 0.2796685 0.02950639 -0.9596431 0.2796685 0.08433675 -0.9596431 0.2682767 0.05720583 -0.9596431 0.2753409 0.08433648 -0.9596432 0.2682767 0.08364877 -0.9603122 0.266089 0.07755513 -0.9597139 0.2700639 0.06399755 -0.9597139 0.2735939 -0.06104824 -0.9597139 0.274267 -0.05443574 -0.959342 0.2769471 -0.07464264 -0.9597139 0.2708832 0.00151383 -0.9596431 0.2812167 0.001513828 -0.9596431 0.2812167 0.05720599 -0.9596432 0.2753407 0.05673951 -0.9603122 0.2730955 0.05028049 -0.9597138 0.2764438 0.0364382 -0.9597139 0.2786065 -0.08174031 -0.9593419 0.2701509 -0.08805368 -0.9597139 0.2668253 -0.1012427 -0.9597139 0.2621051 -0.02649374 -0.9596431 0.2799699 -0.02649372 -0.9596431 0.27997 0.02926581 -0.9603122 0.2773879 0.02950664 -0.9596431 0.2796685 0.02250576 -0.9597139 0.2800764 0.008516997 -0.9597138 0.2808501 0.00151383 -0.9596431 0.2812167 0.02950642 -0.9596431 0.2796685 -0.1082332 -0.9593419 0.2606695 -0.1141831 -0.9597139 0.2567326 -0.1268385 -0.9597138 0.2507218 -0.08144332 -0.9596431 0.2691694 -0.05423826 -0.9596432 0.2759407 -0.05423795 -0.9596431 0.2759409 0.001513881 -0.9596431 0.2812166 0.001501578 -0.9603123 0.2789234 -0.005492849 -0.9597139 0.2809255 -0.01948883 -0.9597138 0.2803025 -0.1336488 -0.959342 0.2485981 -0.1391766 -0.9597138 0.2440886 -0.1511718 -0.9597138 0.2368469 -0.08144327 -0.9596431 0.2691693 -0.02627778 -0.9603122 0.2776868 -0.02649388 -0.9596431 0.2799699 -0.03343668 -0.9597138 0.2789826 -0.04730109 -0.9597138 0.2769691 -0.02649372 -0.9596431 0.27997 -0.1577375 -0.9593419 0.2340553 -0.1627905 -0.959714 0.2290163 -0.1740026 -0.9597139 0.220618 -0.1078399 -0.9596431 0.2597223 -0.1078397 -0.9596431 0.2597225 -0.0610486 -0.9597138 0.2742671 -0.07464316 -0.9597138 0.2708833 -0.05423825 -0.9596431 0.2759407 -0.08144322 -0.9596431 0.2691692 -0.054238 -0.9596431 0.2759409 -0.05379565 -0.9603121 0.2736905 -0.1802576 -0.9593419 0.2171867 -0.1847814 -0.9597138 0.2116724 -0.1951041 -0.9597138 0.2021973 -0.1331632 -0.9596431 0.2476948 -0.1331632 -0.9596431 0.2476947 -0.08805336 -0.9597138 0.2668257 -0.1012436 -0.9597138 0.2621051 -0.08077944 -0.9603122 0.2669741 -0.08144362 -0.9596431 0.2691692 -0.2049417 -0.9597138 0.1922196 -0.2142669 -0.9597138 0.1817668 -0.2009878 -0.9593418 0.1981593 -0.1571643 -0.9596431 0.2332047 -0.157164 -0.9596431 0.2332051 -0.1141825 -0.9597138 0.2567327 -0.1268377 -0.9597139 0.2507221 -0.1069597 -0.9603121 0.2576046 -0.1078396 -0.9596432 0.2597221 -0.1331631 -0.9596432 0.2476944 -0.1078392 -0.9596431 0.2597227 -0.2230625 -0.9597139 0.1708577 -0.2312986 -0.9597139 0.1595311 -0.2197185 -0.9593419 0.1771637 -0.1796028 -0.9596431 0.2163978 -0.2002573 -0.9596431 0.1974391 -0.1796031 -0.9596432 0.2163972 -0.157164 -0.9596431 0.2332051 -0.1331637 -0.9596431 0.2476944 -0.1391781 -0.9597139 0.2440876 -0.1511712 -0.9597139 0.2368472 -0.1320777 -0.9603122 0.2456745 -0.2389649 -0.9597138 0.1478014 -0.2460356 -0.9597138 0.1357054 -0.2362665 -0.9593419 0.1544063 -0.2189196 -0.9596432 0.1765195 -0.2002562 -0.9596432 0.1974395 -0.1571638 -0.9596431 0.2332051 -0.1796031 -0.9596431 0.2163973 -0.1558822 -0.9603121 0.2313034 -0.16279 -0.9597138 0.2290173 -0.1740024 -0.9597138 0.2206189 -0.2524943 -0.9597141 0.1232704 -0.2583241 -0.9597141 0.1105334 -0.2504659 -0.9593419 0.1301147 -0.2189201 -0.9596431 0.1765192 -0.1796035 -0.9596431 0.2163972 -0.1781388 -0.9603122 0.2146324 -0.1847825 -0.9597139 0.2116708 -0.1951048 -0.959714 0.202196 -0.2635123 -0.9597139 0.0975217 -0.2680454 -0.9597139 0.08426647 -0.2621766 -0.9593421 0.1045281 -0.235408 -0.959643 0.1538452 -0.2354082 -0.9596431 0.1538442 -0.249556 -0.9596431 0.129642 -0.2002568 -0.9596431 0.1974396 -0.1986235 -0.9603122 0.1958293 -0.2049399 -0.9597139 0.1922206 -0.2142676 -0.9597139 0.1817651 -0.2002567 -0.959643 0.19744 -0.2719141 -0.9597139 0.07079493 -0.275104 -0.9597139 0.05715827 -0.2712822 -0.9593418 0.07790461 -0.2495558 -0.959643 0.1296421 -0.2189202 -0.9596431 0.1765192 -0.2189201 -0.9596431 0.17652 -0.2171347 -0.9603122 0.1750804 -0.2354082 -0.9596431 0.1538443 -0.2230603 -0.9597139 0.1708607 -0.2313008 -0.9597139 0.159528 -0.277611 -0.9597139 0.04337408 -0.2794284 -0.9597139 0.02947882 -0.2776901 -0.9593419 0.05050867 -0.2612242 -0.9596431 0.1041484 -0.2702961 -0.9596432 0.07762142 -0.2612243 -0.9596431 0.1041493 -0.2354076 -0.9596432 0.1538446 -0.2334883 -0.9603121 0.1525903 -0.2389651 -0.9597138 0.1478009 -0.246035 -0.9597138 0.1357063 -0.2805508 -0.9597137 0.01551994 -0.2809758 -0.9597137 0.001508069 -0.2813393 -0.9593421 0.02260573 -0.2702961 -0.9596431 0.0776213 -0.2495558 -0.959643 0.1296421 -0.2495559 -0.9596432 0.1296409 -0.2475211 -0.9603121 0.1285839 -0.2524938 -0.9597138 0.1232732 -0.2583242 -0.9597139 0.1105351 -0.2807014 -0.9597138 -0.0124932 -0.2797298 -0.9597138 -0.02646795 -0.2821923 -0.959342 -0.005517538 -0.2766818 -0.9596429 0.05032528 -0.2766814 -0.9596432 0.05032366 -0.2803179 -0.9596429 0.02252366 -0.261224 -0.9596431 0.1041491 -0.2702961 -0.9596432 0.07762128 -0.2612241 -0.9596431 0.1041498 -0.2590937 -0.9603121 0.1033004 -0.2635139 -0.9597137 0.09751956 -0.2680469 -0.9597137 0.08426454 -0.2780614 -0.9597141 -0.0403845 -0.2757037 -0.959714 -0.05418986 -0.2802412 -0.9593419 -0.03358628 -0.2803169 -0.9596432 0.02252554 -0.2702961 -0.9596432 0.07762133 -0.2719132 -0.9597139 0.07079896 -0.2751045 -0.9597138 0.05715577 -0.2680922 -0.9603121 0.07698846 -0.2726592 -0.959714 -0.06786815 -0.268938 -0.9597139 -0.08137234 -0.2755038 -0.9593419 -0.06132356 -0.2811671 -0.9596431 -0.005497493 -0.2811668 -0.9596432 -0.0054982 -0.2766812 -0.9596432 0.05032362 -0.2766814 -0.9596432 0.05032386 -0.277611 -0.9597139 0.04337459 -0.2794281 -0.9597139 0.02948103 -0.2744254 -0.9603121 0.04991354 -0.2645463 -0.9597141 -0.09468001 -0.2594996 -0.9597141 -0.1077452 -0.2680289 -0.9593419 -0.08845031 -0.279223 -0.959643 -0.03346425 -0.2792225 -0.9596431 -0.03346517 -0.2780311 -0.9603122 0.02234185 -0.2803169 -0.9596432 0.02252554 -0.2811668 -0.9596432 -0.0054982 -0.280551 -0.9597137 0.01551503 -0.2809756 -0.9597137 0.001513829 -0.2803169 -0.9596432 0.02252553 -0.2538077 -0.9597138 -0.1205455 -0.2474823 -0.9597138 -0.1330489 -0.2578901 -0.9593419 -0.114698 -0.2745032 -0.9596429 -0.06110084 -0.2670554 -0.9596431 -0.08812907 -0.2745032 -0.9596431 -0.0611008 -0.2788739 -0.9603123 -0.005453841 -0.281167 -0.9596431 -0.005498687 -0.2807006 -0.9597141 -0.01249432 -0.2797287 -0.9597141 -0.02647209 -0.2405391 -0.9597141 -0.1452233 -0.2330062 -0.9597141 -0.1570255 -0.2451894 -0.9593419 -0.1398045 -0.2670554 -0.9596431 -0.08812889 -0.2769455 -0.9603122 -0.03319153 -0.2792226 -0.959643 -0.03346444 -0.2780626 -0.9597138 -0.04038204 -0.2757042 -0.9597138 -0.05419148 -0.2792221 -0.9596432 -0.03346512 -0.2300494 -0.9593419 -0.1635249 -0.2248878 -0.9597137 -0.1684489 -0.2162117 -0.9597137 -0.1794493 -0.2569529 -0.9596432 -0.1142811 -0.2569539 -0.9596431 -0.1142802 -0.2745025 -0.9596432 -0.06110064 -0.2745025 -0.9596432 -0.06110067 -0.2722646 -0.9603121 -0.06060253 -0.2726601 -0.9597137 -0.06786729 -0.2689387 -0.9597138 -0.0813726 -0.2126259 -0.9593419 -0.1856161 -0.2069964 -0.9597139 -0.1900043 -0.1972716 -0.9597139 -0.2000827 -0.2292134 -0.959643 -0.1629306 -0.2442976 -0.9596432 -0.139297 -0.2442984 -0.9596431 -0.1392964 -0.2670548 -0.9596432 -0.0881286 -0.2648773 -0.9603121 -0.08741002 -0.2670547 -0.9596432 -0.08812869 -0.2645476 -0.9597138 -0.09467871 -0.2594998 -0.9597138 -0.1077464 -0.1930872 -0.9593419 -0.205865 -0.1870511 -0.9597139 -0.2096695 -0.1763669 -0.9597138 -0.218733 -0.2292136 -0.9596431 -0.16293 -0.256954 -0.959643 -0.1142803 -0.2548577 -0.9603122 -0.1133494 -0.2569528 -0.9596432 -0.1142813 -0.2538061 -0.9597139 -0.1205471 -0.2474818 -0.959714 -0.1330485 -0.1716304 -0.959342 -0.2240668 -0.1652451 -0.9597139 -0.2272515 -0.1537129 -0.9597139 -0.2352053 -0.211853 -0.9596431 -0.1849415 -0.2118531 -0.9596431 -0.1849415 -0.1923855 -0.9596431 -0.2051168 -0.2442978 -0.9596431 -0.1392971 -0.2442984 -0.959643 -0.1392967 -0.2292137 -0.9596431 -0.16293 -0.2423057 -0.9603122 -0.1381605 -0.2405421 -0.9597138 -0.14522 -0.233005 -0.9597138 -0.1570287 -0.148467 -0.959342 -0.2400428 -0.1417988 -0.9597138 -0.2425749 -0.1295288 -0.9597137 -0.2493426 -0.1710069 -0.9596431 -0.2232528 -0.1923853 -0.9596431 -0.2051172 -0.2162119 -0.9597138 -0.1794483 -0.2292137 -0.9596431 -0.1629295 -0.211853 -0.9596432 -0.1849414 -0.2273445 -0.9603122 -0.1616009 -0.224887 -0.9597138 -0.168449 -0.1238298 -0.9593419 -0.2536319 -0.1169402 -0.9597139 -0.2554882 -0.1040605 -0.9597138 -0.2609993 -0.1710071 -0.9596431 -0.2232524 -0.2069979 -0.959714 -0.1900025 -0.1972691 -0.959714 -0.200085 -0.2101247 -0.9603123 -0.1834339 -0.2118527 -0.9596431 -0.1849425 -0.09091991 -0.9597138 -0.2658624 -0.0775565 -0.9597139 -0.2700633 -0.09796039 -0.9593421 -0.2647013 -0.1479274 -0.9596432 -0.2391705 -0.1479277 -0.9596431 -0.2391704 -0.1870516 -0.9597139 -0.209669 -0.1763687 -0.9597139 -0.2187314 -0.192385 -0.9596432 -0.2051169 -0.1908172 -0.9603122 -0.2034437 -0.1923862 -0.9596431 -0.2051166 -0.06399737 -0.9597138 -0.2735941 -0.05027988 -0.9597139 -0.2764441 -0.07111749 -0.9593419 -0.2731398 -0.12338 -0.959643 -0.2527105 -0.1233792 -0.9596431 -0.2527106 -0.1652448 -0.9597139 -0.2272521 -0.1537135 -0.9597139 -0.2352053 -0.1696119 -0.9603123 -0.221432 -0.1710065 -0.9596432 -0.2232527 -0.1710072 -0.9596431 -0.2232526 -0.03643838 -0.9597138 -0.2786064 -0.02250585 -0.9597139 -0.2800764 -0.04356873 -0.9593419 -0.2788633 -0.09760442 -0.9596432 -0.2637394 -0.09760487 -0.9596431 -0.2637394 -0.07085902 -0.9596431 -0.2721471 -0.147928 -0.9596431 -0.2391703 -0.141797 -0.9597139 -0.2425755 -0.1295304 -0.9597139 -0.2493414 -0.1467215 -0.9603122 -0.2372197 -0.1479276 -0.9596431 -0.2391703 -0.1233792 -0.9596431 -0.2527106 -0.008516619 -0.9597139 -0.28085 0.00549257 -0.9597139 -0.2809254 -0.01558608 -0.959342 -0.2818156 -0.07085932 -0.9596431 -0.2721469 -0.04341038 -0.9596432 -0.2778498 -0.1169393 -0.9597139 -0.2554888 -0.1040595 -0.9597139 -0.2609999 -0.1223731 -0.9603122 -0.2506495 -0.1233793 -0.9596431 -0.2527105 0.01948832 -0.9597138 -0.2803027 0.03343687 -0.9597139 -0.2789828 0.01255142 -0.959342 -0.2819671 -0.04340982 -0.9596431 -0.2778502 -0.09760487 -0.9596431 -0.2637394 -0.0976043 -0.9596431 -0.2637393 -0.09092141 -0.9597139 -0.2658619 -0.0775547 -0.9597139 -0.2700639 -0.09680844 -0.9603121 -0.2615888 0.04056346 -0.959342 -0.2793164 0.04730224 -0.9597139 -0.2769689 0.0610476 -0.9597139 -0.2742671 -0.01552944 -0.9596431 -0.2807916 0.01250581 -0.9596431 -0.2809424 -0.01552978 -0.9596431 -0.2807917 -0.07085937 -0.9596431 -0.2721471 -0.06399745 -0.9597137 -0.2735943 -0.05028055 -0.9597138 -0.2764442 -0.07085963 -0.959643 -0.2721471 -0.07028181 -0.9603121 -0.2699279 0.06817324 -0.9593419 -0.2738895 0.09510458 -0.9593419 -0.2657407 0.07464214 -0.9597138 -0.2708838 0.08805505 -0.9597137 -0.2668255 0.01250535 -0.9596432 -0.2809423 -0.03643822 -0.9597139 -0.2786066 -0.02250636 -0.9597138 -0.2800765 -0.04305578 -0.9603121 -0.2755845 -0.04340982 -0.9596431 -0.2778502 -0.04340974 -0.9596431 -0.2778501 -0.01552978 -0.9596431 -0.2807917 0.04041602 -0.9596432 -0.2783012 0.0404164 -0.9596432 -0.278301 -0.008516709 -0.9597138 -0.2808502 0.005492632 -0.9597139 -0.2809256 -0.01552967 -0.9596431 -0.2807917 -0.01540302 -0.9603121 -0.2785017 0.06792508 -0.9596431 -0.2728942 0.06792544 -0.9596432 -0.2728939 0.09475891 -0.9596432 -0.2647748 0.09475962 -0.9596431 -0.2647748 0.01240347 -0.9603122 -0.2786516 0.01948899 -0.9597138 -0.2803026 0.03343651 -0.9597138 -0.2789827 0.01250536 -0.959643 -0.2809427 0.01250546 -0.9596431 -0.2809426 0.04041647 -0.9596431 -0.2783015 0.0473006 -0.9597139 -0.2769692 0.06104954 -0.9597139 -0.2742667 0.04008641 -0.9603122 -0.2760319 0.04041598 -0.9596431 -0.2783013 0.07464297 -0.9597139 -0.2708832 0.08805279 -0.9597139 -0.2668257 0.06737192 -0.9603121 -0.2706689 0.06792518 -0.959643 -0.2728946 0.09475972 -0.959643 -0.2647751 0.09475898 -0.9596431 -0.264775 0.06792577 -0.9596431 -0.272894 0.09398621 -0.9603122 -0.2626157 0.1012423 -0.9597138 -0.2621058 0.1012439 -0.9597139 -0.2621049 0.1268384 -0.9597139 -0.2507215 0.1391765 -0.9597138 -0.2440884 0.1210913 -0.9593419 -0.2549508 0.145874 -0.959342 -0.2416274 0.1511712 -0.9597139 -0.236847 0.1627906 -0.9597139 -0.2290164 0.1692079 -0.9593421 -0.2259015 0.1740025 -0.9597139 -0.2206178 0.1847811 -0.959714 -0.211672 0.1206513 -0.9596431 -0.2540243 0.1206511 -0.9596431 -0.2540244 0.1951042 -0.9597138 -0.2021975 0.2049417 -0.9597137 -0.1922196 0.1908602 -0.9593419 -0.2079313 0.1453446 -0.9596431 -0.2407489 0.1453441 -0.9596431 -0.2407497 0.2106142 -0.9593419 -0.1878953 0.2142667 -0.9597139 -0.1817666 0.2230626 -0.9597138 -0.1708578 0.1685932 -0.9596431 -0.2250809 0.1685928 -0.959643 -0.2250817 0.1196674 -0.9603122 -0.2519529 0.1268374 -0.9597139 -0.2507221 0.139178 -0.9597139 -0.2440876 0.1206512 -0.9596432 -0.2540243 0.1206511 -0.9596431 -0.2540244 0.228276 -0.9593421 -0.1659906 0.2312989 -0.9597138 -0.1595313 0.2389645 -0.9597139 -0.1478016 0.1901664 -0.9596431 -0.2071759 0.1901665 -0.9596431 -0.2071756 0.1511709 -0.9597139 -0.2368472 0.1627897 -0.9597139 -0.2290169 0.1441593 -0.9603122 -0.2387857 0.1453446 -0.9596432 -0.2407488 0.1685925 -0.9596431 -0.2250813 0.1453445 -0.9596431 -0.2407489 0.2436691 -0.959342 -0.1424374 0.2460352 -0.9597139 -0.1357053 0.252495 -0.9597139 -0.1232704 0.209849 -0.9596431 -0.1872127 0.2098493 -0.9596431 -0.187212 0.2274469 -0.9596431 -0.1653877 0.1672182 -0.9603122 -0.2232456 0.1740023 -0.9597139 -0.2206185 0.1847826 -0.9597139 -0.2116712 0.1685931 -0.9596431 -0.2250812 0.2583242 -0.9597141 -0.1105335 0.263512 -0.9597141 -0.09752157 0.2566403 -0.9593421 -0.117467 0.2274468 -0.9596431 -0.1653878 0.190166 -0.9596431 -0.2071765 0.1951056 -0.9597136 -0.2021963 0.2049403 -0.9597138 -0.1922213 0.1901662 -0.9596432 -0.2071757 0.188615 -0.9603122 -0.2054868 0.267061 -0.9593421 -0.09133043 0.2680458 -0.9597139 -0.08426658 0.2719145 -0.9597138 -0.07079501 0.2427842 -0.9596431 -0.141919 0.2427841 -0.9596429 -0.14192 0.2142677 -0.9597139 -0.1817654 0.2230603 -0.9597139 -0.1708608 0.2274468 -0.9596431 -0.1653878 0.2098494 -0.959643 -0.1872122 0.2098496 -0.9596431 -0.1872114 0.2081385 -0.9603122 -0.1856848 0.2751038 -0.959714 -0.05715824 0.2776109 -0.9597139 -0.04337405 0.2748272 -0.9593421 -0.06428632 0.2557083 -0.9596429 -0.1170413 0.2557083 -0.9596431 -0.1170404 0.231301 -0.9597138 -0.159528 0.2389651 -0.9597138 -0.1478007 0.2274465 -0.9596431 -0.1653879 0.2255915 -0.9603123 -0.1640391 0.2794284 -0.9597139 -0.02947882 0.28055 -0.9597139 -0.0155199 0 -1 0 0 -1 0 0 -1 0 0 -1 -0 0 -1 0 0 -1 0 0 -1 -0 0 -1 0 0 -1 0 0 -1 0 0 -1 0 0 -1 -0 0 -1 0 0 -1 0 0 -1 -0 0 -1 0 0 -1 0 0 -1 0 0 -1 -0 0 -1 0 0 -1 0 0 -1 0 0 -1 0 0 -1 -0 0 -1 0 0 -1 0 0 -1 0 0 -1 -0 0 -1 0 0 -1 0 0 -1 -0 0 -1 0 0 -1 0 0 -1 0 0 -1 0 0 -1 0 0 -1 0 0 -1 0 0 -1 0 0 -1 0 0 -1 0 0 -1 0 0 -1 0 0 -1 0 0 -1 0 0 -1 0 0 -1 0 0 -1 0 0 -1 0 0 -1 0 0 -1 0 0 -1 0 0 -1 0 0 -1 0 0 -1 0 0 -1 0 0 -1 0 0 -1 0 0 -1 0 0 -1 0 0 -1 0 0 -1 0 0 -1 0 0 -1 0 0 -1 0 0 -1 0 0 -1 0 0 -1 0 0 -1 0 0 -1 0 0 -1 0 0 -1 0 0 -1 0 0 -1 0 0 -1 0 0 -1 0 0 -1 0 0 -1 0 0 -1 0 0 -1 0 0 -1 0 0 -1 0 0 -1 0 0 -1 0 0 -1 0 0 -1 0 0 -1 0 0 -1 0 0 -1 0 0 -1 0 0 -1 0 0 -1 0 0 -1 0 0 -1 -0 0 -1 0 0 -1 0 0 -1 0 0 -1 -0 0 -1 0 0 -1 0 0 -1 -0 0 -1 0 0 -1 0 0 -1 0 0 -1 0 0 -1 -0 0 -1 0 0 -1 0 0 -1 0 0 -1 -0 0 -1 0 0 -1 0 0 -1 -0 0 -1 0 0 -1 -0 0 -1 0 0 -1 0 0 -1 -0 0 -1 0 0 -1 0 0 -1 0 0 -1 -0 0 -1 0 0 -1 0 0 -1 0 0 -1 0 0 -1 -0 0 -1 0 0 -1 0 0 -1 0 0 -1 0 0 -1 -0 0 -1 0 0 -1 0 0 -1 -0 0 -1 0 0 -1 0 0 -1 0 0 -1 0 0 -1 -0 0 -1 0 0 -1 0 0 -1 0 0 -1 -0 0 -1 0 0 -1 0 0 -1 0 0 -1 -0 0 -1 0 0 -1 0 0 -1 0 0 -1 0 0 -1 -0 0 -1 0 0 -1 0 0 -1 0 0 -1 -0 0 -1 0 0 -1 0 0 -1 0 0 -1 0 0 -1 0 0 -1 0 0 -1 0 0 -1 0 0 -1 0 0 -1 0 0 -1 0 0 -1 0 0 -1 0 0 -1 0 0 -1 0 0 -1 0 0 -1 0 0 -1 0 0 -1 0 0 -1 0 0 -1 0 0 -1 0 0 -1 0 0 -1 0 0 -1 0 0 -1 0 0 -1 0 0 -1 0 0 -1 0 0 -1 0 0 -1 0 0 -1 0 0 -1 0 0 -1 0 0 -1 0 0 -1 0 0 -1 0 0 -1 0 0 -1 0 0 -1 0 0 -1 0 0 -1 0 0 -1 0 0 -1 0 0 -1 0 0 -1 0 0 -1 0 0 -1 0 0 -1 0 0 -1 0 0 -1 0 0 -1 0 0 -1 0 0 -1 0 0 -1 0 0 -1 0 0 -1 0 0 -1 0 0 -1 0 0 -1 0 0 -1 0 0 -1 0 0 -1 0 0 -1 0 0 -1 -0 0 -1 0 0 -1 0 0 -1 0 0 -1 -0 0 -1 0 0 -1 0 0 -1 -0 0 -1 0 0 -1 0 0 -1 0 0 -1 -0 0 -1 0 0 -1 0 0 -1 0 0 -1 -0 0 -1 0 0 -1 0 0 -1 0 0 -1 -0 0 -1 0 0 -1 0 0 -1 0 0 -1 0 0 -1 0 0 -1 -0 0 -1 0 0 -1 0 0 -1 -0 0 -1 0 0 -1 0 -0.4063751 0 0.9137064 -0.4063751 0 0.9137064 -0.4514139 0 0.8923147 -0.4514139 0 0.8923147 -0.4953306 0 0.8687046 -0.5380177 0 0.8429335 -0.4953306 0 0.8687046 -0.5380177 0 0.8429335 -0.5793638 0 0.8150691 -0.6192725 0 0.7851761 -0.5793638 0 0.8150691 -0.6192725 0 0.7851761 -0.6576396 0 0.7533327 -0.6576396 0 0.7533327 -0.6943722 0 0.7196161 -0.6943722 0 0.7196161 -0.729379 0 0.6841098 -0.7625744 0 0.6469004 -0.729379 0 0.6841098 -0.7625744 0 0.6469004 -0.7938685 0 0.6080894 -0.7938685 0 0.6080894 -0.8231956 0 0.5677578 -0.8231956 0 0.5677578 -0.8504704 0 0.526023 -0.8504704 0 0.526023 -0.8756348 0 0.4829736 -0.8756348 0 0.4829736 -0.8986204 0 0.4387269 -0.8986204 0 0.4387269 -0.9193713 0 0.3933908 -0.9193713 0 0.3933908 -0.9378381 0 0.3470728 -0.9378381 0 0.3470728 -0.9539723 0 0.2998944 -0.9539723 0 0.2998944 -0.9677344 0 0.2519726 -0.9790916 0 0.2034198 -0.9677344 0 0.2519726 -0.9790916 0 0.2034198 -0.988014 0 0.1543638 -0.9944805 0 0.1049216 -0.988014 0 0.1543638 -0.9984741 0 0.05522143 -0.9944805 0 0.1049216 -0.9999855 0 0.005384116 -0.9984741 0 0.05522143 -0.9990108 0 -0.04446913 -0.9999855 0 0.005384116 -0.9955523 0 -0.0942108 -0.9990108 0 -0.04446913 -0.9955523 0 -0.0942108 -0.9896189 0 -0.1437167 -0.9896189 0 -0.1437167 -0.9812252 0 -0.1928654 -0.9812252 0 -0.1928654 -0.9703911 0 -0.241539 -0.9703911 0 -0.241539 -0.9571456 0 -0.2896072 -0.9571456 0 -0.2896072 -0.9415208 0 -0.3369552 -0.9415208 0 -0.3369552 -0.9235543 0 -0.3834676 -0.9032906 0 -0.4290294 -0.9235543 0 -0.3834676 -0.9032906 0 -0.4290294 -0.8807839 0 -0.4735185 -0.8807839 0 -0.4735185 -0.8560858 0 -0.5168337 -0.8560858 0 -0.5168337 -0.8292594 0 -0.5588639 -0.8292594 0 -0.5588639 -0.8003714 0 -0.5995045 -0.7694925 0 -0.6386558 -0.8003714 0 -0.5995045 -0.7694925 0 -0.6386558 -0.7367038 0 -0.6762155 -0.7367038 0 -0.6762155 -0.7020797 0 -0.7120984 -0.7020797 0 -0.7120984 -0.6657126 0 -0.7462083 -0.6657126 0 -0.7462083 -0.6276906 0 -0.7784629 -0.6276906 0 -0.7784629 -0.5881061 0 -0.8087838 -0.5881061 0 -0.8087838 -0.5470585 0 -0.8370943 -0.5470585 0 -0.8370943 -0.5046554 0 -0.8633208 -0.5046554 0 -0.8633208 -0.4609958 0 -0.8874024 -0.4609958 0 -0.8874024 -0.4161871 0 -0.909279 -0.4161871 0 -0.909279 -0.3703475 0 -0.9288933 -0.3703475 0 -0.9288933 -0.3235844 0 -0.9461993 -0.3235844 0 -0.9461993 -0.2760186 0 -0.9611524 -0.2760186 0 -0.9611524 -0.2277656 0 -0.973716 -0.1789477 0 -0.9838586 -0.2277656 0 -0.973716 -0.1789477 0 -0.9838586 -0.1296832 0 -0.9915555 -0.1296832 0 -0.9915555 -0.08009765 0 -0.996787 -0.03031179 0 -0.9995405 -0.08009765 0 -0.996787 0.01954894 0 -0.9998089 -0.03031179 0 -0.9995405 0.01954894 0 -0.9998089 0.06936052 0 -0.9975917 0.06936052 0 -0.9975917 0.1190002 0 -0.9928942 0.1190002 0 -0.9928942 0.1683452 0 -0.9857281 0.1683452 0 -0.9857281 0.2172687 0 -0.9761119 0.2656552 0 -0.9640681 0.2172687 0 -0.9761119 0.2656552 0 -0.9640681 0.3133782 0 -0.9496284 0.3133782 0 -0.9496284 0.3603251 0 -0.9328268 0.3603251 0 -0.9328268 0.4063747 0 -0.9137065 0.4063747 0 -0.9137065 0.4514134 0 -0.892315 0.4514134 0 -0.892315 0.4953296 0 -0.8687051 0.4953296 0 -0.8687051 0.5380179 0 -0.8429334 0.5380179 0 -0.8429334 0.5793638 0 -0.8150691 0.5793638 0 -0.8150691 0.6192726 0 -0.785176 0.6192726 0 -0.785176 0.6576383 0 -0.7533339 0.6576383 0 -0.7533339 0.6943727 0 -0.7196156 0.6943727 0 -0.7196156 0.7293821 0 -0.6841065 0.7293821 0 -0.6841065 0.7625725 0 -0.6469027 0.7625725 0 -0.6469027 0.7938693 0 -0.6080886 0.7938693 0 -0.6080886 0.8231952 0 -0.5677584 0.8231952 0 -0.5677584 0.8504704 0 -0.5260228 0.8504704 0 -0.5260228 0.8756337 0 -0.4829759 0.8756337 0 -0.4829759 0.8986216 0 -0.4387246 0.8986216 0 -0.4387246 0.9193724 0 -0.3933881 0.9193724 0 -0.3933881 0.9378371 0 -0.3470759 0.9378371 0 -0.3470759 0.9539716 0 -0.2998971 0.9539716 0 -0.2998971 0.9677359 0 -0.2519664 0.9677359 0 -0.2519664 0.9790909 0 -0.203423 0.9790909 0 -0.203423 0.988014 0 -0.1543638 0.9944805 0 -0.1049216 0.988014 0 -0.1543638 0.9944805 0 -0.1049216 0.9984739 0 -0.05522461 0.9984739 0 -0.05522461 0.9999856 0 -0.005380928 0.9990108 -0 0.04446913 0.9999856 0 -0.005380928 0.9990108 -0 0.04446913 0.9955523 -0 0.0942108 0.9955523 -0 0.0942108 0.9896189 -0 0.1437167 0.9896189 -0 0.1437167 0.9812252 0 0.1928654 0.9812252 -0 0.1928654 0.9703918 -0 0.241536 0.9703918 -0 0.241536 0.9571457 -0 0.289607 0.9571457 -0 0.289607 0.9415197 0 0.336958 0.9415197 -0 0.336958 0.9235543 0 0.3834676 0.9235543 -0 0.3834676 0.9032916 -0 0.4290271 0.9032916 -0 0.4290271 0.8807827 -0 0.4735208 0.8807827 -0 0.4735208 0.8560843 0 0.5168362 0.8560843 -0 0.5168362 0.8292591 0 0.5588643 0.8292591 -0 0.5588643 0.8003728 -0 0.5995026 0.7694947 -0 0.6386533 0.8003728 -0 0.5995026 0.736702 -0 0.6762176 0.7694947 -0 0.6386533 0.736702 -0 0.6762176 0.7020795 -0 0.7120986 0.7020795 0 0.7120986 0.6657135 -0 0.7462074 0.6276892 -0 0.778464 0.6657135 0 0.7462074 0.6276892 -0 0.778464 0.5881076 -0 0.8087827 0.547058 -0 0.8370947 0.5881076 0 0.8087827 0.5046565 -0 0.8633203 0.547058 -0 0.8370947 0.5046565 -0 0.8633203 0.460995 -0 0.8874028 0.416186 -0 0.9092795 0.460995 0 0.8874028 0.416186 -0 0.9092795 0.3703473 -0 0.9288933 0.3703473 0 0.9288933 0.3235848 0 0.9461992 0.3235848 -0 0.9461992 0.2760181 -0 0.9611524 0.2760181 -0 0.9611524 0.2277675 -0 0.9737155 0.1789483 -0 0.9838585 0.2277675 0 0.9737155 0.1296808 -0 0.9915558 0.1789483 -0 0.9838585 0.1296808 -0 0.9915558 0.08009884 -0 0.9967869 0.08009884 -0 0.9967869 0.03031219 -0 0.9995404 0.03031219 0 0.9995404 -0.01955053 0 0.9998089 -0.06935894 0 0.9975917 -0.01955053 0 0.9998089 -0.06935894 0 0.9975917 -0.1190018 0 0.9928941 -0.1683429 0 0.9857284 -0.1190018 0 0.9928941 -0.21727 0 0.9761115 -0.1683429 0 0.9857284 -0.2656552 0 0.9640681 -0.21727 0 0.9761115 -0.2656552 0 0.9640681 -0.3133774 0 0.9496286 -0.3133774 0 0.9496286 -0.3603249 0 0.9328269 -0.3603249 0 0.9328269 0 -1 0 0 -1 0 0 -1 0 0 -1 -0 0 -1 0 0 -1 0 0 -1 -0 0 -1 0 0 -1 0 0 -1 0 0 -1 0 0 -1 0 0 -1 -0 0 -1 0 0 -1 -0 0 -1 0 0 -1 0 0 -1 0 0 -1 0 0 -1 -0 0 -1 0 0 -1 0 0 -1 0 0 -1 -0 0 -1 0 0 -1 0 0 -1 -0 0 -1 0 0 -1 0 0 -1 0 0 -1 -0 0 -1 0 0 -1 0 0 -1 0 0 -1 0 0 -1 0 0 -1 0 0 -1 0 0 -1 0 0 -1 0 0 -1 0 0 -1 0 0 -1 0 0 -1 0 0 -1 0 0 -1 0 0 -1 0 0 -1 0 0 -1 0 0 -1 0 0 -1 0 0 -1 0 0 -1 0 0 -1 0 0 -1 0 0 -1 0 0 -1 0 0 -1 0 0 -1 0 0 -1 0 0 -1 0 0 -1 0 0 -1 0 0 -1 0 0 -1 0 0 -1 0 0 -1 0 0 -1 0 0 -1 0 0 -1 0 0 -1 0 0 -1 0 0 -1 0 0 -1 0 0 -1 0 0 -1 0 0 -1 0 0 -1 -0 0 -1 0 0 -1 0 0 -1 0 0 -1 0 0 -1 0 0 -1 0 0 -1 0 0 -1 0 0 -1 0 0 -1 0 0 -1 0 0 -1 -0 0 -1 0 0 -1 0 0 -1 0 0 -1 -0 0 -1 0 0 -1 0 0 -1 0 0 -1 -0 0 -1 0 0 -1 0 0 -1 0 0 -1 -0 0 -1 0 0 -1 0 0 -1 0 0 -1 -0 0 -1 0 0 -1 0 0 -1 -0 0 -1 0 0 -1 0 0 -1 0 0 -1 0 0 -1 -0 0 -1 0 0 -1 0 0 -1 0 0 -1 -0 0 -1 -0 0 -1 0 0 -1 -0 0 -1 0 0 -1 0 0 -1 0 0 -1 0 0 -1 0 0 -1 -0 0 -1 0 0 -1 0 0 -1 0 0 -1 0 0 -1 -0 0 -1 0 0 -1 0 0 -1 0 0 -1 -0 0 -1 -0 0 -1 0 0 -1 -0 0 -1 0 0 -1 0 0 -1 0 0 -1 0 0 -1 -0 0 -1 0 0 -1 0 0 -1 -0 0 -1 0 0 -1 0 0 -1 0 0 -1 0 0 -1 -0 0 -1 0 0 -1 0 0 -1 0 0 -1 -0 0 -1 0 0 -1 0 0 -1 0 0 -1 -0 0 -1 0 0 -1 0 0 -1 0 0 -1 0 0 -1 0 0 -1 0 0 -1 0 0 -1 0 0 -1 0 0 -1 0 0 -1 0 0 -1 0 0 -1 0 0 -1 0 0 -1 0 0 -1 0 0 -1 0 0 -1 0 0 -1 0 0 -1 0 0 -1 0 0 -1 0 0 -1 0 0 -1 0 0 -1 0 0 -1 0 0 -1 0 0 -1 0 0 -1 0 0 -1 0 0 -1 0 0 -1 0 0 -1 0 0 -1 0 0 -1 0 0 -1 0 0 -1 0 0 -1 0 0 -1 0 0 -1 0 0 -1 0 0 -1 0 0 -1 0 0 -1 0 0 -1 0 0 -1 0 0 -1 0 0 -1 0 0 -1 0 0 -1 0 0 -1 0 0 -1 0 0 -1 0 0 -1 0 0 -1 0 0 -1 0 0 -1 0 0 -1 0 0 -1 0 0 -1 0 0 -1 0 0 -1 -0 0 -1 0 0 -1 0 0 -1 0 0 -1 0 0 -1 0 0 -1 -0 0 -1 0 0 -1 -0 0 -1 0 0 -1 0 0 -1 -0 0 -1 0 0 -1 0 0 -1 0 0 -1 0 0 -1 0 0 -1 -0 0 -1 0 0 -1 -0 0 -1 0 0 -1 0 0 -1 0 0 -1 0 0 -1 -0 0 -1 0 0 -1 0 0 -1 0 0 -1 0 0 -1 -0 0 -1 0 -0.4063761 0 0.9137059 -0.451412 0 0.8923156 -0.4063761 0 0.9137059 -0.451412 0 0.8923156 -0.4953321 0 0.8687037 -0.5380158 0 0.8429347 -0.4953321 0 0.8687037 -0.5380158 0 0.8429347 -0.5793641 0 0.8150688 -0.5793641 0 0.8150688 -0.619272 0 0.7851766 -0.619272 0 0.7851766 -0.6576402 0 0.7533322 -0.6943731 0 0.7196152 -0.6576402 0 0.7533322 -0.6943731 0 0.7196152 -0.7293791 0 0.6841097 -0.7293791 0 0.6841097 -0.7625725 0 0.6469027 -0.7938716 0 0.6080853 -0.7625725 0 0.6469027 -0.7938716 0 0.6080853 -0.8231939 0 0.5677603 -0.8231939 0 0.5677603 -0.8504714 0 0.5260214 -0.8504714 0 0.5260214 -0.875634 0 0.4829753 -0.875634 0 0.4829753 -0.8986201 0 0.4387276 -0.8986201 0 0.4387276 -0.919372 0 0.3933892 -0.937838 0 0.3470733 -0.919372 0 0.3933892 -0.937838 0 0.3470733 -0.9539719 0 0.2998961 -0.9539719 0 0.2998961 -0.9677352 0 0.251969 -0.9677352 0 0.251969 -0.9790916 0 0.2034198 -0.9790916 0 0.2034198 -0.9880139 0 0.1543645 -0.9880139 0 0.1543645 -0.9944805 0 0.1049218 -0.9944805 0 0.1049218 -0.9984741 0 0.05522254 -0.9984741 0 0.05522254 -0.9999855 0 0.005382576 -0.9990108 0 -0.04446728 -0.9999855 0 0.005382576 -0.9990108 0 -0.04446728 -0.9955523 0 -0.09421097 -0.9955523 0 -0.09421097 -0.9896187 0 -0.1437179 -0.9896187 0 -0.1437179 -0.981225 0 -0.1928669 -0.981225 0 -0.1928669 -0.9703917 0 -0.2415369 -0.9571462 0 -0.2896052 -0.9703917 0 -0.2415369 -0.9415199 0 -0.3369573 -0.9571462 0 -0.2896052 -0.9415199 0 -0.3369573 -0.9235542 0 -0.383468 -0.903291 0 -0.4290284 -0.9235542 0 -0.383468 -0.903291 0 -0.4290284 -0.8807839 0 -0.4735183 -0.8807839 0 -0.4735183 -0.856085 0 -0.516835 -0.856085 0 -0.516835 -0.8292592 0 -0.5588642 -0.8003717 0 -0.5995041 -0.8292592 0 -0.5588642 -0.8003717 0 -0.5995041 -0.7694933 0 -0.6386549 -0.7694933 0 -0.6386549 -0.7367038 0 -0.6762156 -0.7367038 0 -0.6762156 -0.70208 0 -0.7120981 -0.70208 0 -0.7120981 -0.6657129 0 -0.746208 -0.6657129 0 -0.746208 -0.6276895 0 -0.7784638 -0.6276895 0 -0.7784638 -0.5881055 0 -0.8087842 -0.5881055 0 -0.8087842 -0.5470609 0 -0.8370928 -0.5470609 0 -0.8370928 -0.5046536 0 -0.8633218 -0.5046536 0 -0.8633218 -0.4609954 0 -0.8874025 -0.4609954 0 -0.8874025 -0.4161886 0 -0.9092783 -0.4161886 0 -0.9092783 -0.3703455 0 -0.9288941 -0.3703455 0 -0.9288941 -0.3235854 0 -0.9461989 -0.3235854 0 -0.9461989 -0.2760188 0 -0.9611522 -0.2760188 0 -0.9611522 -0.2277662 0 -0.9737158 -0.1789472 0 -0.9838587 -0.2277662 0 -0.9737158 -0.1789472 0 -0.9838587 -0.129683 0 -0.9915555 -0.129683 0 -0.9915555 -0.08009768 0 -0.996787 -0.03031171 0 -0.9995405 -0.08009768 0 -0.996787 0.01954859 0 -0.9998089 -0.03031171 0 -0.9995405 0.01954859 0 -0.9998089 0.06936056 0 -0.9975917 0.06936056 0 -0.9975917 0.1190013 0 -0.9928941 0.1683441 0 -0.9857283 0.1190013 0 -0.9928941 0.2172688 0 -0.9761118 0.1683441 0 -0.9857283 0.2172688 0 -0.9761118 0.2656544 0 -0.9640683 0.2656544 0 -0.9640683 0.3133788 0 -0.9496282 0.3133788 0 -0.9496282 0.3603253 0 -0.9328267 0.3603253 0 -0.9328267 0.4063751 0 -0.9137064 0.4063751 0 -0.9137064 0.4514125 0 -0.8923154 0.4514125 0 -0.8923154 0.4953311 0 -0.8687043 0.4953311 0 -0.8687043 0.5380164 0 -0.8429343 0.5380164 0 -0.8429343 0.5793635 0 -0.8150693 0.5793635 0 -0.8150693 0.619273 0 -0.7851757 0.619273 0 -0.7851757 0.6576398 0 -0.7533326 0.6576398 0 -0.7533326 0.6943727 0 -0.7196156 0.6943727 0 -0.7196156 0.7293807 0 -0.6841081 0.7293807 0 -0.6841081 0.7625714 0 -0.6469041 0.7625714 0 -0.6469041 0.7938715 0 -0.6080856 0.7938715 0 -0.6080856 0.8231947 0 -0.5677591 0.8231947 0 -0.5677591 0.8504716 0 -0.526021 0.8504716 0 -0.526021 0.8756341 0 -0.4829752 0.8756341 0 -0.4829752 0.8986192 0 -0.4387296 0.8986192 0 -0.4387296 0.919372 0 -0.3933893 0.919372 0 -0.3933893 0.9378371 0 -0.3470757 0.9378371 0 -0.3470757 0.9539726 0 -0.2998939 0.9539726 0 -0.2998939 0.9677347 0 -0.2519714 0.9677347 0 -0.2519714 0.9790921 0 -0.2034173 0.9790921 0 -0.2034173 0.9880139 0 -0.1543645 0.9880139 0 -0.1543645 0.9944805 0 -0.1049219 0.9944805 0 -0.1049219 0.9984741 0 -0.05522254 0.9984741 0 -0.05522254 0.9999855 0 -0.005385043 0.9999855 0 -0.005385043 0.9990106 0 0.0444722 0.9990106 -0 0.0444722 0.9955527 0 0.09420613 0.9955527 -0 0.09420613 0.9896187 -0 0.1437178 0.9896187 -0 0.1437178 0.9812245 -0 0.1928693 0.9812245 -0 0.1928693 0.9703916 0 0.241537 0.9703916 -0 0.241537 0.9571456 0 0.2896073 0.9571456 -0 0.2896073 0.94152 0 0.3369572 0.94152 -0 0.3369572 0.9235541 0 0.3834682 0.9235541 -0 0.3834682 0.9032921 0 0.4290262 0.9032921 -0 0.4290262 0.8807836 0 0.473519 0.8807836 -0 0.473519 0.8560849 0 0.5168351 0.8560849 -0 0.5168351 0.829259 -0 0.5588644 0.829259 -0 0.5588644 0.7694927 -0 0.6386555 0.800373 0 0.5995023 0.800373 -0 0.5995023 0.7694927 -0 0.6386555 0.7367032 -0 0.6762163 0.7367032 0 0.6762163 0.7020804 -0 0.7120977 0.7020804 0 0.7120977 0.6657107 -0 0.7462099 0.6276911 -0 0.7784625 0.6657107 0 0.7462099 0.6276911 -0 0.7784625 0.5881072 -0 0.8087829 0.5881072 0 0.8087829 0.5470595 -0 0.8370937 0.5470595 0 0.8370937 0.5046527 -0 0.8633224 0.4609964 -0 0.887402 0.5046527 0 0.8633224 0.4609964 -0 0.887402 0.4161886 -0 0.9092783 0.4161886 0 0.9092783 0.370345 -0 0.9288943 0.3235865 -0 0.9461986 0.370345 0 0.9288943 0.2760188 -0 0.9611522 0.3235865 -0 0.9461986 0.2760188 -0 0.9611522 0.2277662 -0 0.9737158 0.1789478 -0 0.9838586 0.2277662 0 0.9737158 0.1789478 -0 0.9838586 0.1296824 0 0.9915556 0.1296824 -0 0.9915556 0.08009706 -0 0.9967871 0.03031109 -0 0.9995406 0.08009706 0 0.9967871 0.03031109 -0 0.9995406 -0.01954859 0 0.9998089 -0.06936117 0 0.9975916 -0.01954859 0 0.9998089 -0.06936117 0 0.9975916 -0.1189994 0 0.9928944 -0.1683453 0 0.9857281 -0.1189994 0 0.9928944 -0.1683453 0 0.9857281 -0.2172694 0 0.9761117 -0.2172694 0 0.9761117 -0.2656533 0 0.9640686 -0.3133788 0 0.9496282 -0.2656533 0 0.9640686 -0.3133788 0 0.9496282 -0.3603242 0 0.9328271 -0.3603242 0 0.9328271 0 1 0 0 1 0 0 1 0 0 1 0 0 1 0 0 1 0 0 1 0 0 1 0 0 1 0 0 1 0 0 1 0 0 1 0 0 1 0 0 1 0 0 1 0 0 1 0 0 1 0 0 1 0 0 1 0 0 1 0 0 1 0 0 1 0 0 1 0 0 1 0 0 1 0 0 1 0 0 1 0 0 1 0 0 1 0 0 1 0 0 1 0 0 1 0 0 1 0 0 1 0 0 1 0 0 1 0 0 1 0 0 1 0 0 1 0 0 1 0 0 1 0 0 1 0 0 1 0 0 1 0 0 1 0 0 1 0 0 1 0 0 1 0 0 1 0 0 1 0 0 1 0 0 1 0 0 1 0 0 1 0 0 1 0 0 1 0 0 1 0 0 1 0 0 1 0 0 1 0 0 1 0 0 1 0 0 1 0 0 1 0 0 1 0 0 1 0 0 1 0 0 1 0 0 1 0 0 1 0 0 1 0 0 1 0 0 1 0 0 1 0 0 1 0 0 1 0 0 1 0 0 1 0 0 1 0 0 1 0 0 1 0 0 1 0 0 1 0 0 1 0 0 1 0 0 1 0 0 1 0 0 1 0 0 1 0 0 1 0 0 1 0 0 1 0 0 1 0 0 1 0 0 1 0 0 1 0 0 1 0 0 1 0 0 1 0 0 1 0 0 1 0 0 1 0 0 1 0 0 1 0 0 1 0 0 1 0 0 1 0 0 1 0 0 1 0 0 1 0 0 1 0 0 1 0 0 1 0 0 1 0 0 1 0 0 1 0 0 1 0 0 1 0 0 1 0 0 1 0 0 1 0 0 1 0 0 1 0 0 1 0 0 1 0 0 1 0 0 1 0 0 1 0 0 1 0 0 1 0 0 1 0 0 1 0 0 1 0 0 1 0 0 1 0 0 1 0 0 1 0 0 1 0 0 1 0 0 1 0 0 1 0 0 1 0 0 1 0 0 1 0 0 1 0 0 1 0 0 1 0 0 1 0 0 1 0 0 1 0 0 1 0 0 1 0 0 1 0 0 1 0 0 1 0 0 1 0 0 1 0 0 1 0 0 1 0 0 1 0 0 1 0 0 1 0 0 1 0 0 1 0 0 1 0 0 1 0 0 1 0 0 1 0 0 1 0 0 1 0 0 1 0 0 1 0 0 1 0 0 1 0 0 1 0 0 1 0 0 1 0 0 1 0 0 1 0 0 1 0 0 1 0 0 1 0 0 1 0 0 1 0 0 1 0 0 1 0 0 1 0 0 1 0 0 1 0 0 1 0 0 1 0 0 1 0 0 1 0 0 1 0 0 1 0 0 1 0 0 1 0 0 1 0 0 1 0 0 1 0 0 1 0 0 1 0 0 1 0 0 1 0 0 1 0 0 1 0 0 1 0 0 1 0 0 1 0 0 1 0 0 1 0 0 1 0 0 1 0 0 1 0 0 1 0 0 1 0 0 1 0 0 1 0 0 1 0 0 1 0 0 1 0 0 1 0 0 1 0 0 1 0 0 1 0 0 1 0 0 1 0 0 1 0 0 1 0 0 1 0 0 1 0 0 1 0 0 1 0 0 1 0 0 1 0 0 1 0 0 1 0 0 1 0 0 1 0 0 1 0 0 1 0 0 1 0 0 1 0 0 1 0 0 1 0 0 1 0 0 1 0 0 1 0 0 1 0 0 1 0 0 1 0 0 1 0 -0.4063751 0 0.9137064 -0.4063751 0 0.9137064 -0.4514139 0 0.8923147 -0.4514139 0 0.8923147 -0.4953306 0 0.8687046 -0.4953306 0 0.8687046 -0.5380177 0 0.8429335 -0.5793638 0 0.8150691 -0.5380177 0 0.8429335 -0.5793638 0 0.8150691 -0.6192726 0 0.7851762 -0.6192726 0 0.7851762 -0.6576396 0 0.7533327 -0.6576396 0 0.7533327 -0.6943722 0 0.719616 -0.6943722 0 0.719616 -0.7293791 0 0.6841098 -0.7625745 0 0.6469004 -0.7293791 0 0.6841098 -0.7625745 0 0.6469004 -0.7938685 0 0.6080894 -0.7938685 0 0.6080894 -0.8231956 0 0.5677578 -0.8231956 0 0.5677578 -0.8504703 0 0.526023 -0.8504703 0 0.526023 -0.8756349 0 0.4829736 -0.8756349 0 0.4829736 -0.8986204 0 0.4387269 -0.8986204 0 0.4387269 -0.9193714 0 0.3933908 -0.9193714 0 0.3933908 -0.9378381 0 0.3470729 -0.9378381 0 0.3470729 -0.9539724 0 0.2998944 -0.9539724 0 0.2998944 -0.9677343 0 0.2519726 -0.9677343 0 0.2519726 -0.9790915 0 0.2034198 -0.9790915 0 0.2034198 -0.988014 0 0.1543638 -0.988014 0 0.1543638 -0.9944805 0 0.1049216 -0.9944805 0 0.1049216 -0.9984741 0 0.05522143 -0.9984741 0 0.05522143 -0.9999855 0 0.005384116 -0.9999855 0 0.005384116 -0.9990107 0 -0.04446912 -0.9990107 0 -0.04446912 -0.9955522 0 -0.0942108 -0.989619 0 -0.1437167 -0.9955522 0 -0.0942108 -0.989619 0 -0.1437167 -0.9812252 0 -0.1928654 -0.9812252 0 -0.1928654 -0.970391 0 -0.241539 -0.970391 0 -0.241539 -0.9571456 0 -0.2896073 -0.9571456 0 -0.2896073 -0.9415207 0 -0.3369552 -0.9415207 0 -0.3369552 -0.9235544 0 -0.3834676 -0.9032905 0 -0.4290294 -0.9235544 0 -0.3834676 -0.9032905 0 -0.4290294 -0.8807839 0 -0.4735185 -0.8807839 0 -0.4735185 -0.8560858 0 -0.5168336 -0.8560858 0 -0.5168336 -0.8292594 0 -0.5588639 -0.8003715 0 -0.5995045 -0.8292594 0 -0.5588639 -0.8003715 0 -0.5995045 -0.7694926 0 -0.6386558 -0.7694926 0 -0.6386558 -0.7367038 0 -0.6762156 -0.7367038 0 -0.6762156 -0.7020797 0 -0.7120984 -0.7020797 0 -0.7120984 -0.6657126 0 -0.7462083 -0.6657126 0 -0.7462083 -0.6276906 0 -0.7784629 -0.6276906 0 -0.7784629 -0.5881061 0 -0.8087837 -0.5881061 0 -0.8087837 -0.5470586 0 -0.8370944 -0.5470586 0 -0.8370944 -0.5046554 0 -0.8633208 -0.5046554 0 -0.8633208 -0.4609957 0 -0.8874023 -0.4609957 0 -0.8874023 -0.4161871 0 -0.909279 -0.4161871 0 -0.909279 -0.3703475 0 -0.9288933 -0.3703475 0 -0.9288933 -0.3235844 0 -0.9461993 -0.3235844 0 -0.9461993 -0.2760186 0 -0.9611523 -0.2277656 0 -0.973716 -0.2760186 0 -0.9611523 -0.2277656 0 -0.973716 -0.1789477 0 -0.9838586 -0.1789477 0 -0.9838586 -0.1296832 0 -0.9915555 -0.1296832 0 -0.9915555 -0.08009765 0 -0.996787 -0.08009765 0 -0.996787 -0.03031179 0 -0.9995405 -0.03031179 0 -0.9995405 0.01954894 0 -0.999809 0.06936052 0 -0.9975917 0.01954894 0 -0.999809 0.06936052 0 -0.9975917 0.1190002 0 -0.9928943 0.1190002 0 -0.9928943 0.1683453 0 -0.985728 0.1683453 0 -0.985728 0.2172687 0 -0.9761119 0.2172687 0 -0.9761119 0.2656552 0 -0.9640681 0.2656552 0 -0.9640681 0.3133782 0 -0.9496285 0.3133782 0 -0.9496285 0.3603251 0 -0.9328268 0.3603251 0 -0.9328268 0.4063747 0 -0.9137065 0.4063747 0 -0.9137065 0.4514134 0 -0.892315 0.4514134 0 -0.892315 0.4953296 0 -0.8687052 0.4953296 0 -0.8687052 0.538018 0 -0.8429334 0.538018 0 -0.8429334 0.5793638 0 -0.8150691 0.5793638 0 -0.8150691 0.6192726 0 -0.785176 0.6192726 0 -0.785176 0.6576383 0 -0.7533339 0.6576383 0 -0.7533339 0.6943727 0 -0.7196155 0.6943727 0 -0.7196155 0.7293821 0 -0.6841065 0.7293821 0 -0.6841065 0.7625725 0 -0.6469027 0.7625725 0 -0.6469027 0.7938693 0 -0.6080885 0.7938693 0 -0.6080885 0.8231953 0 -0.5677584 0.8231953 0 -0.5677584 0.8504704 0 -0.5260228 0.8504704 0 -0.5260228 0.8756337 0 -0.4829759 0.8756337 0 -0.4829759 0.8986216 0 -0.4387246 0.8986216 0 -0.4387246 0.9193725 0 -0.3933881 0.9193725 0 -0.3933881 0.937837 0 -0.3470759 0.937837 0 -0.3470759 0.9539716 0 -0.2998971 0.9539716 0 -0.2998971 0.9677359 0 -0.2519664 0.9677359 0 -0.2519664 0.9790909 0 -0.203423 0.988014 0 -0.1543638 0.9790909 0 -0.203423 0.9944805 0 -0.1049216 0.988014 0 -0.1543638 0.9944805 0 -0.1049216 0.9984739 0 -0.05522461 0.9984739 0 -0.05522461 0.9999855 0 -0.005380928 0.9999855 0 -0.005380928 0.9990107 0 0.04446912 0.9990107 -0 0.04446912 0.9955522 -0 0.0942108 0.9955522 -0 0.0942108 0.989619 0 0.1437167 0.989619 -0 0.1437167 0.9812252 -0 0.1928654 0.9812252 -0 0.1928654 0.9703919 0 0.2415361 0.9703919 -0 0.2415361 0.9571457 0 0.289607 0.9571457 -0 0.289607 0.9415197 0 0.336958 0.9415197 -0 0.336958 0.9235544 -0 0.3834676 0.9235544 -0 0.3834676 0.9032916 0 0.4290271 0.9032916 -0 0.4290271 0.8807827 -0 0.4735208 0.8807827 -0 0.4735208 0.8560843 0 0.5168361 0.8560843 -0 0.5168361 0.8292591 0 0.5588642 0.8292591 -0 0.5588642 0.8003728 0 0.5995026 0.8003728 -0 0.5995026 0.7694947 -0 0.6386533 0.7694947 0 0.6386533 0.736702 -0 0.6762176 0.736702 0 0.6762176 0.7020795 -0 0.7120987 0.7020795 0 0.7120987 0.6657135 -0 0.7462074 0.6276892 -0 0.778464 0.6657135 0 0.7462074 0.6276892 -0 0.778464 0.5881076 -0 0.8087827 0.5881076 0 0.8087827 0.547058 -0 0.8370947 0.547058 0 0.8370947 0.5046566 -0 0.8633202 0.5046566 0 0.8633202 0.460995 -0 0.8874028 0.4161859 -0 0.9092795 0.460995 0 0.8874028 0.3703473 -0 0.9288933 0.4161859 -0 0.9092795 0.3703473 -0 0.9288933 0.3235848 -0 0.9461992 0.3235848 0 0.9461992 0.2760181 0 0.9611524 0.2760181 -0 0.9611524 0.2277675 0 0.9737155 0.2277675 -0 0.9737155 0.1789483 0 0.9838585 0.1789483 -0 0.9838585 0.1296808 0 0.9915558 0.1296808 -0 0.9915558 0.08009884 -0 0.9967869 0.03031219 -0 0.9995405 0.08009884 0 0.9967869 -0.01955053 0 0.9998088 0.03031219 -0 0.9995405 -0.01955053 0 0.9998088 -0.06935894 0 0.9975918 -0.06935894 0 0.9975918 -0.1190018 0 0.9928941 -0.1683429 0 0.9857284 -0.1190018 0 0.9928941 -0.21727 0 0.9761116 -0.1683429 0 0.9857284 -0.2656552 0 0.9640681 -0.21727 0 0.9761116 -0.2656552 0 0.9640681 -0.3133775 0 0.9496287 -0.3133775 0 0.9496287 -0.3603249 0 0.9328269 -0.3603249 0 0.9328269 0.4063725 0 -0.9137075 0.4063725 0 -0.9137075 0.4514154 0 -0.892314 0.4514154 0 -0.892314 0.4953313 0 -0.8687042 0.4953313 0 -0.8687042 0.5380147 0 -0.8429354 0.5793656 0 -0.8150678 0.5380147 0 -0.8429354 0.5793656 0 -0.8150678 0.6192698 0 -0.7851782 0.6192698 0 -0.7851782 0.6576421 0 -0.7533306 0.6943713 0 -0.7196168 0.6576421 0 -0.7533306 0.6943713 0 -0.7196168 0.7293812 0 -0.6841075 0.7625723 0 -0.646903 0.7293812 0 -0.6841075 0.7625723 0 -0.646903 0.7938706 0 -0.6080868 0.7938706 0 -0.6080868 0.8231947 0 -0.5677592 0.8231947 0 -0.5677592 0.8504711 0 -0.5260217 0.8504711 0 -0.5260217 0.8756338 0 -0.4829755 0.8756338 0 -0.4829755 0.8986199 0 -0.4387279 0.8986199 0 -0.4387279 0.9193724 0 -0.3933883 0.9193724 0 -0.3933883 0.9378377 0 -0.3470743 0.9378377 0 -0.3470743 0.9539723 0 -0.2998944 0.9539723 0 -0.2998944 0.9677348 0 -0.251971 0.9677348 0 -0.251971 0.9790914 0 -0.2034205 0.9790914 0 -0.2034205 0.988014 0 -0.1543643 0.988014 0 -0.1543643 0.9944807 0 -0.1049199 0.998474 0 -0.05522442 0.9944807 0 -0.1049199 0.998474 0 -0.05522442 0.9999856 0 -0.005382475 0.9999856 0 -0.005382475 0.9990108 0 0.04446898 0.9990108 -0 0.04446898 0.9955524 0 0.09420919 0.9896188 0 0.143717 0.9955524 -0 0.09420919 0.9812245 0 0.1928686 0.9896188 0 0.143717 0.9812245 0 0.1928686 0.9703916 0 0.2415368 0.9571456 0 0.2896069 0.9703916 -0 0.2415368 0.9571456 0 0.2896069 0.9415208 0 0.3369549 0.9235538 0 0.383469 0.9415208 -0 0.3369549 0.9235538 0 0.383469 0.9032919 0 0.4290265 0.9032919 -0 0.4290265 0.8807828 0 0.4735205 0.8807828 -0 0.4735205 0.8560852 0 0.5168346 0.8292593 0 0.5588641 0.8560852 -0 0.5168346 0.8292593 0 0.5588641 0.8003721 -0 0.5995035 0.8003721 0 0.5995035 0.7694927 -0 0.6386555 0.7694927 0 0.6386555 0.7367032 0 0.6762162 0.7367032 0 0.6762162 0.7020798 -0 0.7120984 0.7020798 0 0.7120984 0.6657147 0 0.7462063 0.6657147 0 0.7462063 0.6276881 -0 0.778465 0.6276881 0 0.778465 0.5881065 0 0.8087836 0.5881065 0 0.8087836 0.5470596 0 0.8370937 0.5470596 0 0.8370937 0.5046552 -0 0.863321 0.5046552 0 0.863321 0.4609951 -0 0.8874027 0.4609951 0 0.8874027 0.416187 -0 0.9092791 0.416187 0 0.9092791 0.3703482 0 0.928893 0.3703482 -0 0.928893 0.3235843 0 0.9461993 0.3235843 -0 0.9461993 0.2760184 0 0.9611524 0.2760184 -0 0.9611524 0.2277668 0 0.9737157 0.2277668 -0 0.9737157 0.1789471 0 0.9838586 0.1789471 -0 0.9838586 0.1296832 0 0.9915555 0.1296832 -0 0.9915555 0.08009721 0 0.9967871 0.08009721 -0 0.9967871 0.03031192 0 0.9995405 0.03031192 -0 0.9995405 -0.01954882 0 0.9998089 -0.06936026 0 0.9975917 -0.01954882 0 0.9998089 -0.06936026 0 0.9975917 -0.1190005 0 0.9928942 -0.1190005 0 0.9928942 -0.1683449 0 0.9857282 -0.1683449 0 0.9857282 -0.2172685 0 0.9761119 -0.2172685 0 0.9761119 -0.2656549 0 0.9640682 -0.2656549 0 0.9640682 -0.3133802 0 0.9496277 -0.3133802 0 0.9496277 -0.3603242 0 0.9328271 -0.3603242 0 0.9328271 -0.4063734 0 0.9137071 -0.4063734 0 0.9137071 -0.4514143 0 0.8923145 -0.4514143 0 0.8923145 -0.4953315 0 0.868704 -0.4953315 0 0.868704 -0.5380157 0 0.8429348 -0.5380157 0 0.8429348 -0.5793642 0 0.8150688 -0.5793642 0 0.8150688 -0.6192707 0 0.7851775 -0.6192707 0 0.7851775 -0.6576414 0 0.7533312 -0.6576414 0 0.7533312 -0.6943727 0 0.7196156 -0.6943727 0 0.7196156 -0.7293802 0 0.6841087 -0.7293802 0 0.6841087 -0.7625733 0 0.6469018 -0.7625733 0 0.6469018 -0.793871 0 0.6080862 -0.793871 0 0.6080862 -0.8231934 0 0.5677609 -0.8231934 0 0.5677609 -0.8504725 0 0.5260195 -0.8504725 0 0.5260195 -0.8756329 0 0.4829772 -0.8756329 0 0.4829772 -0.8986197 0 0.4387286 -0.8986197 0 0.4387286 -0.9193714 0 0.393391 -0.9193714 0 0.393391 -0.9378378 0 0.3470738 -0.9378378 0 0.3470738 -0.9539732 0 0.2998917 -0.9539732 0 0.2998917 -0.9677348 0 0.251971 -0.9677348 0 0.251971 -0.9790915 0 0.2034204 -0.9880145 0 0.1543613 -0.9790915 0 0.2034204 -0.9880145 0 0.1543613 -0.99448 0 0.1049262 -0.99448 0 0.1049262 -0.9984743 0 0.05521807 -0.9999856 0 0.005382475 -0.9984743 0 0.05521807 -0.9999856 0 0.005382475 -0.9990109 0 -0.0444658 -0.9990109 0 -0.0444658 -0.9955521 0 -0.09421234 -0.9955521 0 -0.09421234 -0.9896188 0 -0.143717 -0.9896188 0 -0.143717 -0.9812251 0 -0.1928657 -0.9812251 0 -0.1928657 -0.9703917 0 -0.2415366 -0.9703917 0 -0.2415366 -0.9571466 -0 -0.2896038 -0.9571466 0 -0.2896038 -0.9415196 0 -0.3369582 -0.9415196 0 -0.3369582 -0.9235527 -0 -0.3834715 -0.9235527 0 -0.3834715 -0.9032919 0 -0.4290265 -0.9032919 0 -0.4290265 -0.8807841 -0 -0.473518 -0.8807841 0 -0.473518 -0.8560869 0 -0.516832 -0.8560869 0 -0.516832 -0.829258 0 -0.5588658 -0.829258 0 -0.5588658 -0.8003713 -0 -0.5995047 -0.8003713 0 -0.5995047 -0.7694938 0 -0.6386544 -0.7694938 0 -0.6386544 -0.7367044 0 -0.676215 -0.7367044 0 -0.676215 -0.7020772 0 -0.7121009 -0.7020772 0 -0.7121009 -0.6657161 0 -0.7462052 -0.6657161 0 -0.7462052 -0.6276869 0 -0.7784659 -0.6276869 0 -0.7784659 -0.5881078 0 -0.8087826 -0.5881078 0 -0.8087826 -0.5470583 0 -0.8370944 -0.5470583 0 -0.8370944 -0.5046549 0 -0.8633212 -0.5046549 0 -0.8633212 -0.4609967 0 -0.8874018 -0.4609967 0 -0.8874018 -0.4161863 0 -0.9092793 -0.4161863 0 -0.9092793 -0.3703484 0 -0.928893 -0.3703484 0 -0.928893 -0.3235838 0 -0.9461995 -0.3235838 0 -0.9461995 -0.276017 0 -0.9611527 -0.276017 0 -0.9611527 -0.2277696 0 -0.973715 -0.2277696 0 -0.973715 -0.1789448 0 -0.9838591 -0.1789448 0 -0.9838591 -0.1296847 0 -0.9915553 -0.1296847 0 -0.9915553 -0.08009759 0 -0.996787 -0.08009759 0 -0.996787 -0.03030993 0 -0.9995406 -0.03030993 0 -0.9995406 0.01954802 0 -0.9998089 0.01954802 0 -0.9998089 0.06936105 0 -0.9975916 0.06936105 0 -0.9975916 0.1189997 0 -0.9928944 0.1189997 0 -0.9928944 0.1683461 0 -0.985728 0.1683461 0 -0.985728 0.2172669 0 -0.9761122 0.2172669 0 -0.9761122 0.2656564 0 -0.9640678 0.3133805 0 -0.9496276 0.2656564 0 -0.9640678 0.3133805 0 -0.9496276 0.3603232 0 -0.9328275 0.3603232 0 -0.9328275 0 -1 0 0 -1 0 0 -1 0 0 -1 0 0 -1 -0 0 -1 0 0 -1 -0 0 -1 0 0 -1 0 0 -1 0 0 -1 0 0 -1 -0 0 -1 0 0 -1 0 0 -1 0 0 -1 -0 0 -1 0 0 -1 0 0 -1 -0 0 -1 0 0 -1 0 0 -1 0 0 -1 0 0 -1 -0 0 -1 0 0 -1 0 0 -1 0 0 -1 -0 0 -1 0 0 -1 0 0 -1 0 0 -1 -0 0 -1 0 0 -1 0 0 -1 0 0 -1 0 0 -1 0 0 -1 0 0 -1 0 0 -1 0 0 -1 0 0 -1 0 0 -1 0 0 -1 0 0 -1 0 0 -1 0 0 -1 0 0 -1 0 0 -1 0 0 -1 0 0 -1 0 0 -1 0 0 -1 0 0 -1 0 0 -1 0 0 -1 0 0 -1 0 0 -1 0 0 -1 0 0 -1 0 0 -1 0 0 -1 0 0 -1 0 0 -1 0 0 -1 0 0 -1 0 0 -1 0 0 -1 0 0 -1 0 0 -1 0 0 -1 0 0 -1 0 0 -1 0 0 -1 0 0 -1 0 0 -1 0 0 -1 0 0 -1 0 0 -1 0 0 -1 0 0 -1 0 0 -1 -0 0 -1 0 0 -1 0 0 -1 0 0 -1 0 0 -1 0 0 -1 0 0 -1 0 0 -1 0 0 -1 0 0 -1 0 0 -1 0 0 -1 0 0 -1 -0 0 -1 0 0 -1 0 0 -1 -0 0 -1 0 0 -1 0 0 -1 0 0 -1 -0 0 -1 0 0 -1 0 0 -1 0 0 -1 0 0 -1 -0 0 -1 0 0 -1 0 0 -1 -0 0 -1 0 0 -1 0 0 -1 0 0 -1 -0 0 -1 0 0 -1 0 0 -1 0 0 -1 -0 0 -1 0 0 -1 0 0 -1 0 0 -1 -0 0 -1 0 0 -1 0 0 -1 -0 0 -1 0 0 -1 0 0 -1 -0 0 -1 -0 0 -1 0 0 -1 -0 0 -1 0 0 -1 0 0 -1 0 0 -1 -0 0 -1 0 0 -1 0 0 -1 0 0 -1 0 0 -1 -0 0 -1 0 0 -1 0 0 -1 -0 0 -1 0 0 -1 0 0 -1 0 0 -1 0 0 -1 -0 0 -1 0 0 -1 0 0 -1 -0 0 -1 0 0 -1 0 0 -1 0 0 -1 -0 0 -1 0 0 -1 0 0 -1 0 0 -1 0 0 -1 0 0 -1 0 0 -1 0 0 -1 0 0 -1 -0 0 -1 0 0 -1 0 0 -1 0 0 -1 0 0 -1 0 0 -1 0 0 -1 0 0 -1 0 0 -1 0 0 -1 0 0 -1 0 0 -1 0 0 -1 0 0 -1 0 0 -1 0 0 -1 0 0 -1 0 0 -1 0 0 -1 0 0 -1 0 0 -1 0 0 -1 0 0 -1 0 0 -1 0 0 -1 0 0 -1 0 0 -1 0 0 -1 0 0 -1 0 0 -1 0 0 -1 0 0 -1 0 0 -1 0 0 -1 0 0 -1 0 0 -1 0 0 -1 0 0 -1 0 0 -1 0 0 -1 0 0 -1 0 0 -1 0 0 -1 0 0 -1 0 0 -1 0 0 -1 0 0 -1 0 0 -1 0 0 -1 0 0 -1 0 0 -1 0 0 -1 0 0 -1 0 0 -1 0 0 -1 0 0 -1 0 0 -1 -0 0 -1 0 0 -1 0 0 -1 0 0 -1 0 0 -1 -0 0 -1 0 0 -1 0 0 -1 0 0 -1 -0 0 -1 0 0 -1 0 0 -1 0 0 -1 -0 0 -1 0 0 -1 0 0 -1 0 0 -1 0 0 -1 -0 0 -1 0 0 -1 0 0 -1 -0 0 -1 0 0 -1 0 0 -1 -0 0 -1 0 0 -1 0 0 -1 0 0 -1 0 0 -1 0 0 -1 0 0 -1 -0 -0.4063753 0 0.9137063 -0.4514132 0 0.892315 -0.4063753 0 0.9137063 -0.4514132 0 0.892315 -0.495331 0 0.8687043 -0.5380145 0 0.8429356 -0.495331 0 0.8687043 -0.5380145 0 0.8429356 -0.5793647 0 0.8150684 -0.5793647 0 0.8150684 -0.6192732 0 0.7851756 -0.6192732 0 0.7851756 -0.6576397 0 0.7533326 -0.6576397 0 0.7533326 -0.6943718 0 0.7196165 -0.6943718 0 0.7196165 -0.7293808 0 0.6841078 -0.7293808 0 0.6841078 -0.7625729 0 0.6469024 -0.7938709 0 0.6080864 -0.7625729 0 0.6469024 -0.7938709 0 0.6080864 -0.8231936 0 0.5677608 -0.8231936 0 0.5677608 -0.850471 0 0.526022 -0.850471 0 0.526022 -0.875635 0 0.4829735 -0.89862 0 0.4387278 -0.875635 0 0.4829735 -0.89862 0 0.4387278 -0.9193716 0 0.3933903 -0.9193716 0 0.3933903 -0.9378378 0 0.3470736 -0.9378378 0 0.3470736 -0.9539723 0 0.2998948 -0.9539723 0 0.2998948 -0.9677352 0 0.2519694 -0.9677352 0 0.2519694 -0.9790915 0 0.2034204 -0.9790915 0 0.2034204 -0.988014 0 0.1543639 -0.9944804 0 0.1049224 -0.988014 0 0.1543639 -0.9944804 0 0.1049224 -0.9984741 0 0.05522117 -0.9984741 0 0.05522117 -0.9999855 0 0.005383253 -0.9999855 0 0.005383253 -0.9990108 0 -0.04446859 -0.9990108 0 -0.04446859 -0.9955524 0 -0.0942092 -0.9955524 0 -0.0942092 -0.9896187 0 -0.1437179 -0.9896187 0 -0.1437179 -0.9812253 0 -0.1928651 -0.9812253 0 -0.1928651 -0.9703916 0 -0.2415368 -0.9703916 0 -0.2415368 -0.9571453 0 -0.2896081 -0.9571453 0 -0.2896081 -0.9415203 0 -0.3369562 -0.9235536 0 -0.3834695 -0.9415203 0 -0.3369562 -0.9235536 0 -0.3834695 -0.9032922 0 -0.4290258 -0.9032922 0 -0.4290258 -0.8807833 0 -0.4735196 -0.8807833 0 -0.4735196 -0.8560858 0 -0.5168338 -0.8560858 0 -0.5168338 -0.8292586 0 -0.5588651 -0.8292586 0 -0.5588651 -0.8003714 0 -0.5995044 -0.7694936 0 -0.6386546 -0.8003714 0 -0.5995044 -0.7694936 0 -0.6386546 -0.7367027 0 -0.6762167 -0.7367027 0 -0.6762167 -0.7020813 0 -0.7120969 -0.7020813 0 -0.7120969 -0.6657125 0 -0.7462083 -0.6657125 0 -0.7462083 -0.6276896 0 -0.7784637 -0.6276896 0 -0.7784637 -0.5881052 0 -0.8087844 -0.5881052 0 -0.8087844 -0.5470604 0 -0.8370932 -0.5470604 0 -0.8370932 -0.504655 0 -0.8633212 -0.504655 0 -0.8633212 -0.4609952 0 -0.8874027 -0.4609952 0 -0.8874027 -0.4161884 0 -0.9092784 -0.4161884 0 -0.9092784 -0.3703463 0 -0.9288938 -0.3703463 0 -0.9288938 -0.3235847 0 -0.9461992 -0.3235847 0 -0.9461992 -0.2760182 0 -0.9611524 -0.2760182 0 -0.9611524 -0.227766 0 -0.9737158 -0.227766 0 -0.9737158 -0.1789471 0 -0.9838587 -0.1789471 0 -0.9838587 -0.1296841 0 -0.9915553 -0.1296841 0 -0.9915553 -0.08009693 0 -0.9967871 -0.08009693 0 -0.9967871 -0.03031162 0 -0.9995405 -0.03031162 0 -0.9995405 0.01954846 0 -0.9998088 0.01954846 0 -0.9998088 0.06936079 0 -0.9975916 0.1190009 0 -0.9928941 0.06936079 0 -0.9975916 0.1190009 0 -0.9928941 0.1683442 0 -0.9857283 0.1683442 0 -0.9857283 0.2172693 0 -0.9761117 0.2172693 0 -0.9761117 0.2656538 0 -0.9640685 0.2656538 0 -0.9640685 0.31338 0 -0.9496278 0.360324 0 -0.9328272 0.31338 0 -0.9496278 0.360324 0 -0.9328272 0.4063748 0 -0.9137065 0.4063748 0 -0.9137065 0.4514128 0 -0.8923153 0.4514128 0 -0.8923153 0.4953301 0 -0.8687049 0.4953301 0 -0.8687049 0.538018 0 -0.8429333 0.538018 0 -0.8429333 0.5793645 0 -0.8150686 0.5793645 0 -0.8150686 0.6192702 0 -0.7851779 0.6192702 0 -0.7851779 0.657641 0 -0.7533315 0.657641 0 -0.7533315 0.6943723 0 -0.719616 0.6943723 0 -0.719616 0.72938 0 -0.6841088 0.72938 0 -0.6841088 0.7625724 0 -0.6469029 0.7625724 0 -0.6469029 0.7938716 0 -0.6080855 0.7938716 0 -0.6080855 0.8231947 0 -0.5677592 0.8231947 0 -0.5677592 0.8504704 0 -0.526023 0.8504704 0 -0.526023 0.8756356 0 -0.4829723 0.8756356 0 -0.4829723 0.8986199 0 -0.4387279 0.8986199 0 -0.4387279 0.9193717 0 -0.3933899 0.9193717 0 -0.3933899 0.937838 0 -0.3470735 0.937838 0 -0.3470735 0.9539723 0 -0.2998948 0.9539723 0 -0.2998948 0.967734 0 -0.2519739 0.967734 0 -0.2519739 0.9790919 0 -0.2034182 0.9790919 0 -0.2034182 0.9880144 0 -0.1543616 0.9944802 0 -0.1049247 0.9880144 0 -0.1543616 0.9984741 0 -0.05522348 0.9944802 0 -0.1049247 0.9984741 0 -0.05522348 0.9999855 0 -0.005383253 0.9999855 0 -0.005383253 0.9990107 0 0.0444709 0.9990107 -0 0.0444709 0.9955524 -0 0.0942092 0.9955524 -0 0.0942092 0.9896191 0 0.1437157 0.9896191 -0 0.1437157 0.9812244 -0 0.1928694 0.9812244 -0 0.1928694 0.9703916 -0 0.241537 0.9703916 -0 0.241537 0.957146 -0 0.2896058 0.957146 -0 0.2896058 0.9415203 0 0.3369562 0.9415203 -0 0.3369562 0.9235542 -0 0.3834678 0.9235542 -0 0.3834678 0.9032913 -0 0.4290277 0.9032913 -0 0.4290277 0.8807822 0 0.4735217 0.8807822 -0 0.4735217 0.8560863 -0 0.516833 0.8560863 -0 0.516833 0.8292607 0 0.558862 0.8292607 -0 0.558862 0.8003699 -0 0.5995066 0.8003699 -0 0.5995066 0.7694937 -0 0.6386544 0.7367029 -0 0.6762167 0.7694937 0 0.6386544 0.7020814 -0 0.7120968 0.7367029 -0 0.6762167 0.7020814 -0 0.7120968 0.6657124 -0 0.7462084 0.6276879 -0 0.7784651 0.6657124 0 0.7462084 0.6276879 -0 0.7784651 0.5881081 -0 0.8087823 0.5470605 -0 0.837093 0.5881081 0 0.8087823 0.5470605 -0 0.837093 0.5046544 -0 0.8633215 0.5046544 0 0.8633215 0.4609943 -0 0.8874031 0.416189 -0 0.9092782 0.4609943 0 0.8874031 0.416189 -0 0.9092782 0.3703448 -0 0.9288943 0.3703448 0 0.9288943 0.3235857 0 0.9461988 0.3235857 -0 0.9461988 0.2760176 -0 0.9611526 0.2760176 -0 0.9611526 0.227766 -0 0.9737158 0.227766 0 0.9737158 0.1789477 -0 0.9838586 0.129683 -0 0.9915555 0.1789477 0 0.9838586 0.129683 -0 0.9915555 0.08009693 -0 0.9967871 0.08009693 -0 0.9967871 0.03031278 -0 0.9995405 0.03031278 0 0.9995405 -0.01954846 0 0.9998088 -0.01954846 0 0.9998088 -0.06936079 0 0.9975916 -0.06936079 0 0.9975916 -0.1189998 0 0.9928942 -0.1683459 0 0.985728 -0.1189998 0 0.9928942 -0.2172682 0 0.9761119 -0.1683459 0 0.985728 -0.2172682 0 0.9761119 -0.2656544 0 0.9640684 -0.2656544 0 0.9640684 -0.3133789 0 0.9496282 -0.3133789 0 0.9496282 -0.360325 0 0.9328268 -0.360325 0 0.9328268 0 1 0 0 1 0 0 1 0 0 1 0 0 1 0 0 1 0 0 1 0 0 1 0 0 1 0 0 1 0 0 1 0 0 1 0 0 1 0 0 1 0 0 1 0 0 1 0 0 1 0 0 1 0 0 1 0 0 1 0 0 1 0 0 1 0 0 1 0 0 1 0 0 1 0 0 1 0 0 1 0 0 1 0 0 1 0 0 1 0 0 1 0 0 1 0 0 1 0 0 1 0 0 1 0 0 1 0 0 1 0 0 1 0 0 1 0 0 1 0 0 1 0 0 1 0 0 1 0 0 1 0 0 1 0 0 1 0 0 1 0 0 1 0 0 1 0 0 1 0 0 1 0 0 1 0 0 1 0 0 1 0 0 1 0 0 1 0 0 1 0 0 1 0 0 1 0 0 1 0 0 1 0 0 1 0 0 1 0 0 1 0 0 1 0 0 1 0 0 1 0 0 1 0 0 1 0 0 1 0 0 1 0 0 1 0 0 1 0 0 1 0 0 1 0 0 1 0 0 1 0 0 1 0 0 1 0 0 1 0 0 1 0 0 1 0 0 1 0 0 1 0 0 1 0 0 1 0 0 1 0 0 1 0 0 1 0 0 1 0 0 1 0 0 1 0 0 1 0 0 1 0 0 1 0 0 1 0 0 1 0 0 1 0 0 1 0 0 1 0 0 1 0 0 1 0 0 1 0 0 1 0 0 1 0 0 1 0 0 1 0 0 1 0 0 1 0 0 1 0 0 1 0 0 1 0 0 1 0 0 1 0 0 1 0 0 1 0 0 1 0 0 1 0 0 1 0 0 1 0 0 1 0 0 1 0 0 1 0 0 1 0 0 1 0 0 1 0 0 1 0 0 1 0 0 1 0 0 1 0 0 1 0 0 1 0 0 1 0 0 1 0 0 1 0 0 1 0 0 1 0 0 1 0 0 1 0 0 1 0 0 1 0 0 1 0 0 1 0 0 1 0 0 1 0 0 1 0 0 1 0 0 1 0 0 1 0 0 1 0 0 1 0 0 1 0 0 1 0 0 1 0 0 1 0 0 1 0 0 1 0 0 1 0 0 1 0 0 1 0 0 1 0 0 1 0 0 1 0 0 1 0 0 1 0 0 1 0 0 1 0 0 1 0 0 1 0 0 1 0 0 1 0 0 1 0 0 1 0 0 1 0 0 1 0 0 1 0 0 1 0 0 1 0 0 1 0 0 1 0 0 1 0 0 1 0 0 1 0 0 1 0 0 1 0 0 1 0 0 1 0 0 1 0 0 1 0 0 1 0 0 1 0 0 1 0 0 1 0 0 1 0 0 1 0 0 1 0 0 1 0 0 1 0 0 1 0 0 1 0 0 1 0 0 1 0 0 1 0 0 1 0 0 1 0 0 1 0 0 1 0 0 1 0 0 1 0 0 1 0 0 1 0 0 1 0 0 1 0 0 1 0 0 1 0 0 1 0 0 1 0 0 1 0 0 1 0 0 1 0 0 1 0 0 1 0 0 1 0 0 1 0 0 1 0 0 1 0 0 1 0 0 1 0 0 1 0 0 1 0 0 1 0 0 1 0 0 1 0 0 1 0 0 1 0 0 1 0 0 1 0 0 1 0 0 1 0 0 1 0 0 1 0 0 1 0 0 1 0 0 1 0 0 1 0 0 1 0 0 1 0 0 1 0 0 1 0 0 1 0 0 1 0 0 1 0 0.4063725 0 -0.9137075 0.4063725 0 -0.9137075 0.4514154 0 -0.892314 0.4514154 0 -0.892314 0.4953313 0 -0.8687042 0.4953313 0 -0.8687042 0.5380147 0 -0.8429354 0.5793656 0 -0.8150678 0.5380147 0 -0.8429354 0.5793656 0 -0.8150678 0.6192698 0 -0.7851782 0.6576421 0 -0.7533306 0.6192698 0 -0.7851782 0.6576421 0 -0.7533306 0.6943713 0 -0.7196168 0.6943713 0 -0.7196168 0.7293812 0 -0.6841075 0.7293812 0 -0.6841075 0.7625723 0 -0.646903 0.7938706 0 -0.6080868 0.7625723 0 -0.646903 0.7938706 0 -0.6080868 0.8231947 0 -0.5677592 0.8231947 0 -0.5677592 0.8504711 0 -0.5260217 0.8504711 0 -0.5260217 0.8756338 0 -0.4829755 0.8756338 0 -0.4829755 0.8986199 0 -0.4387279 0.8986199 0 -0.4387279 0.9193724 0 -0.3933883 0.9378377 0 -0.3470743 0.9193724 0 -0.3933883 0.9378377 0 -0.3470743 0.9539723 0 -0.2998944 0.9539723 0 -0.2998944 0.9677348 0 -0.251971 0.9790914 0 -0.2034205 0.9677348 0 -0.251971 0.9790914 0 -0.2034205 0.988014 0 -0.1543643 0.9944807 0 -0.1049199 0.988014 0 -0.1543643 0.9944807 0 -0.1049199 0.998474 0 -0.05522442 0.9999856 0 -0.005382475 0.998474 0 -0.05522442 0.9999856 0 -0.005382475 0.9990108 0 0.04446898 0.9990108 -0 0.04446898 0.9955524 0 0.09420919 0.9955524 -0 0.09420919 0.9896188 0 0.143717 0.9812245 0 0.1928686 0.9896188 -0 0.143717 0.9812245 0 0.1928686 0.9703916 0 0.2415368 0.9571456 0 0.2896069 0.9703916 -0 0.2415368 0.9571456 0 0.2896069 0.9415208 0 0.3369549 0.9235538 0 0.383469 0.9415208 -0 0.3369549 0.9235538 0 0.383469 0.9032919 0 0.4290265 0.8807828 0 0.4735205 0.9032919 -0 0.4290265 0.8560852 0 0.5168346 0.8807828 0 0.4735205 0.8292593 0 0.5588641 0.8560852 0 0.5168346 0.8292593 0 0.5588641 0.8003721 -0 0.5995035 0.8003721 0 0.5995035 0.7694927 -0 0.6386555 0.7694927 0 0.6386555 0.7367032 -0 0.6762162 0.7367032 0 0.6762162 0.7020798 -0 0.7120984 0.7020798 0 0.7120984 0.6657147 -0 0.7462063 0.6657147 0 0.7462063 0.6276881 -0 0.778465 0.6276881 0 0.778465 0.5881065 -0 0.8087836 0.5881065 0 0.8087836 0.5470596 -0 0.8370937 0.5470596 0 0.8370937 0.5046552 -0 0.863321 0.5046552 0 0.863321 0.4609951 -0 0.8874027 0.4609951 0 0.8874027 0.416187 0 0.9092791 0.416187 0 0.9092791 0.3703482 0 0.928893 0.3703482 -0 0.928893 0.3235843 0 0.9461993 0.3235843 -0 0.9461993 0.2760184 0 0.9611524 0.2760184 -0 0.9611524 0.2277668 0 0.9737157 0.2277668 -0 0.9737157 0.1789471 0 0.9838586 0.1789471 -0 0.9838586 0.1296832 0 0.9915555 0.1296832 -0 0.9915555 0.08009721 0 0.9967871 0.03031192 0 0.9995405 0.08009721 -0 0.9967871 0.03031192 0 0.9995405 -0.01954882 0 0.9998089 -0.01954882 0 0.9998089 -0.06936026 0 0.9975917 -0.06936026 0 0.9975917 -0.1190005 0 0.9928942 -0.1190005 0 0.9928942 -0.1683449 0 0.9857282 -0.1683449 0 0.9857282 -0.2172685 0 0.9761119 -0.2172685 0 0.9761119 -0.2656549 0 0.9640682 -0.2656549 0 0.9640682 -0.3133802 0 0.9496277 -0.3133802 0 0.9496277 -0.3603242 0 0.9328271 -0.3603242 0 0.9328271 -0.4063734 0 0.9137071 -0.4063734 0 0.9137071 -0.4514143 0 0.8923145 -0.4514143 0 0.8923145 -0.4953315 0 0.868704 -0.4953315 0 0.868704 -0.5380157 0 0.8429348 -0.5380157 0 0.8429348 -0.5793642 0 0.8150688 -0.5793642 0 0.8150688 -0.6192707 0 0.7851775 -0.6192707 0 0.7851775 -0.6576414 0 0.7533312 -0.6576414 0 0.7533312 -0.6943727 0 0.7196156 -0.6943727 0 0.7196156 -0.7293802 0 0.6841087 -0.7293802 0 0.6841087 -0.7625733 0 0.6469018 -0.7625733 0 0.6469018 -0.793871 0 0.6080862 -0.793871 0 0.6080862 -0.8231934 0 0.5677609 -0.8231934 0 0.5677609 -0.8504725 0 0.5260195 -0.8504725 0 0.5260195 -0.8756329 0 0.4829772 -0.8756329 0 0.4829772 -0.8986197 0 0.4387286 -0.8986197 0 0.4387286 -0.9193714 0 0.393391 -0.9193714 0 0.393391 -0.9378378 0 0.3470738 -0.9378378 0 0.3470738 -0.9539732 0 0.2998917 -0.9539732 0 0.2998917 -0.9677348 0 0.251971 -0.9677348 0 0.251971 -0.9790915 0 0.2034204 -0.9790915 0 0.2034204 -0.9880145 0 0.1543613 -0.9880145 0 0.1543613 -0.99448 0 0.1049262 -0.99448 0 0.1049262 -0.9984743 0 0.05521807 -0.9984743 0 0.05521807 -0.9999856 0 0.005382475 -0.9999856 0 0.005382475 -0.9990109 0 -0.0444658 -0.9990109 0 -0.0444658 -0.9955521 0 -0.09421234 -0.9955521 0 -0.09421234 -0.9896188 0 -0.143717 -0.9896188 0 -0.143717 -0.9812251 0 -0.1928657 -0.9812251 0 -0.1928657 -0.9703917 0 -0.2415366 -0.9703917 0 -0.2415366 -0.9571466 0 -0.2896038 -0.9571466 0 -0.2896038 -0.9415196 0 -0.3369582 -0.9415196 0 -0.3369582 -0.9235527 0 -0.3834715 -0.9235527 0 -0.3834715 -0.9032919 0 -0.4290265 -0.9032919 0 -0.4290265 -0.8807841 0 -0.473518 -0.8807841 0 -0.473518 -0.8560869 0 -0.516832 -0.8560869 0 -0.516832 -0.829258 0 -0.5588658 -0.829258 0 -0.5588658 -0.8003713 -0 -0.5995047 -0.8003713 0 -0.5995047 -0.7694938 0 -0.6386544 -0.7694938 0 -0.6386544 -0.7367044 0 -0.676215 -0.7367044 0 -0.676215 -0.7020772 0 -0.7121009 -0.6657161 -0 -0.7462052 -0.7020772 0 -0.7121009 -0.6657161 0 -0.7462052 -0.6276869 0 -0.7784659 -0.6276869 0 -0.7784659 -0.5881078 0 -0.8087826 -0.5470583 -0 -0.8370944 -0.5881078 0 -0.8087826 -0.5470583 0 -0.8370944 -0.5046549 0 -0.8633212 -0.4609967 -0 -0.8874018 -0.5046549 0 -0.8633212 -0.4609967 0 -0.8874018 -0.4161863 0 -0.9092793 -0.4161863 0 -0.9092793 -0.3703484 0 -0.928893 -0.3703484 0 -0.928893 -0.3235838 0 -0.9461995 -0.3235838 0 -0.9461995 -0.276017 0 -0.9611527 -0.276017 0 -0.9611527 -0.2277696 -0 -0.973715 -0.2277696 0 -0.973715 -0.1789448 0 -0.9838591 -0.1789448 0 -0.9838591 -0.1296847 -0 -0.9915553 -0.1296847 0 -0.9915553 -0.08009759 0 -0.996787 -0.08009759 0 -0.996787 -0.03030993 0 -0.9995406 -0.03030993 0 -0.9995406 0.01954802 0 -0.9998089 0.06936105 0 -0.9975916 0.01954802 0 -0.9998089 0.06936105 0 -0.9975916 0.1189997 0 -0.9928944 0.1683461 0 -0.985728 0.1189997 0 -0.9928944 0.1683461 0 -0.985728 0.2172669 0 -0.9761122 0.2172669 0 -0.9761122 0.2656564 0 -0.9640678 0.3133805 0 -0.9496276 0.2656564 0 -0.9640678 0.3603232 0 -0.9328275 0.3133805 0 -0.9496276 0.3603232 0 -0.9328275 0 -1 0 0 -1 0 0 -1 0 0 -1 -0 0 -1 0 0 -1 0 0 -1 -0 0 -1 0 0 -1 0 0 -1 0 0 -1 0 0 -1 0 0 -1 -0 0 -1 0 0 -1 0 0 -1 0 0 -1 -0 0 -1 0 0 -1 -0 0 -1 0 0 -1 0 0 -1 0 0 -1 0 0 -1 -0 0 -1 0 0 -1 0 0 -1 0 0 -1 -0 0 -1 0 0 -1 0 0 -1 -0 0 -1 0 0 -1 0 0 -1 0 0 -1 0 0 -1 0 0 -1 0 0 -1 0 0 -1 0 0 -1 0 0 -1 0 0 -1 0 0 -1 0 0 -1 0 0 -1 0 0 -1 0 0 -1 0 0 -1 0 0 -1 0 0 -1 0 0 -1 0 0 -1 0 0 -1 0 0 -1 0 0 -1 0 0 -1 0 0 -1 0 0 -1 0 0 -1 0 0 -1 0 0 -1 0 0 -1 0 0 -1 0 0 -1 0 0 -1 0 0 -1 0 0 -1 0 0 -1 0 0 -1 0 0 -1 0 0 -1 0 0 -1 0 0 -1 0 0 -1 0 0 -1 0 0 -1 0 0 -1 0 0 -1 0 0 -1 0 0 -1 0 0 -1 0 0 -1 0 0 -1 0 0 -1 0 0 -1 0 0 -1 0 0 -1 0 0 -1 0 0 -1 0 0 -1 0 0 -1 0 0 -1 0 0 -1 0 0 -1 0 0 -1 -0 0 -1 0 0 -1 0 0 -1 -0 0 -1 0 0 -1 0 0 -1 0 0 -1 -0 0 -1 0 0 -1 0 0 -1 0 0 -1 -0 0 -1 0 0 -1 0 0 -1 0 0 -1 -0 0 -1 0 0 -1 0 0 -1 0 0 -1 -0 0 -1 0 0 -1 0 0 -1 0 0 -1 -0 0 -1 -0 0 -1 0 0 -1 0 0 -1 -0 0 -1 0 0 -1 0 0 -1 0 0 -1 0 0 -1 0 0 -1 -0 0 -1 0 0 -1 0 0 -1 0 0 -1 -0 0 -1 -0 0 -1 0 0 -1 0 0 -1 -0 0 -1 0 0 -1 0 0 -1 -0 0 -1 0 0 -1 0 0 -1 0 0 -1 0 0 -1 -0 0 -1 0 0 -1 0 0 -1 -0 0 -1 0 0 -1 0 0 -1 0 0 -1 0 0 -1 0 0 -1 -0 0 -1 0 0 -1 0 0 -1 -0 0 -1 0 0 -1 0 0 -1 0 0 -1 0 0 -1 0 0 -1 0 0 -1 0 0 -1 0 0 -1 0 0 -1 0 0 -1 0 0 -1 0 0 -1 0 0 -1 0 0 -1 0 0 -1 0 0 -1 0 0 -1 0 0 -1 0 0 -1 0 0 -1 0 0 -1 0 0 -1 0 0 -1 0 0 -1 0 0 -1 0 0 -1 0 0 -1 0 0 -1 0 0 -1 0 0 -1 0 0 -1 0 0 -1 0 0 -1 0 0 -1 0 0 -1 0 0 -1 0 0 -1 0 0 -1 0 0 -1 0 0 -1 0 0 -1 0 0 -1 0 0 -1 0 0 -1 0 0 -1 0 0 -1 0 0 -1 0 0 -1 0 0 -1 0 0 -1 0 0 -1 0 0 -1 0 0 -1 0 0 -1 0 0 -1 0 0 -1 0 0 -1 0 0 -1 0 0 -1 0 0 -1 0 0 -1 0 0 -1 0 0 -1 0 0 -1 0 0 -1 0 0 -1 -0 0 -1 0 0 -1 -0 0 -1 0 0 -1 0 0 -1 0 0 -1 -0 0 -1 0 0 -1 0 0 -1 0 0 -1 -0 0 -1 0 0 -1 0 0 -1 0 0 -1 -0 0 -1 0 0 -1 0 0 -1 0 0 -1 -0 0 -1 0 0 -1 0 0 -1 0 0 -1 0 0 -1 -0 0 -1 0 0 -1 0 0 -1 0 0 -1 0 0 -1 -0 0 -1 0 0.4063742 0 -0.9137068 0.4063742 0 -0.9137068 0.4514152 0 -0.8923141 0.4514152 0 -0.8923141 0.4953305 0 -0.8687046 0.4953305 0 -0.8687046 0.5380152 0 -0.8429351 0.5380152 0 -0.8429351 0.5793651 0 -0.8150682 0.5793651 0 -0.8150682 0.6192714 0 -0.785177 0.6192714 0 -0.785177 0.6576396 0 -0.7533326 0.6943737 0 -0.7196146 0.6576396 0 -0.7533326 0.6943737 0 -0.7196146 0.7293797 0 -0.6841092 0.7293797 0 -0.6841092 0.7625731 0 -0.6469021 0.7938712 0 -0.608086 0.7625731 0 -0.6469021 0.7938712 0 -0.608086 0.8231931 0 -0.5677614 0.8231931 0 -0.5677614 0.8504713 0 -0.5260215 0.8504713 0 -0.5260215 0.8756351 0 -0.4829733 0.8756351 0 -0.4829733 0.8986197 0 -0.4387283 0.8986197 0 -0.4387283 0.9193722 0 -0.3933889 0.9193722 0 -0.3933889 0.9378377 0 -0.347074 0.9378377 0 -0.347074 0.9539719 0 -0.2998961 0.9677351 0 -0.2519698 0.9539719 0 -0.2998961 0.9677351 0 -0.2519698 0.9790916 0 -0.2034199 0.9790916 0 -0.2034199 0.9880143 0 -0.1543623 0.9880143 0 -0.1543623 0.9944804 0 -0.104923 0.9944804 0 -0.104923 0.9984741 0 -0.05522233 0.9999855 0 -0.005383757 0.9984741 0 -0.05522233 0.9999855 0 -0.005383757 0.9990107 0 0.04446963 0.9990107 -0 0.04446963 0.9955524 0 0.09420955 0.9955524 -0 0.09420955 0.9896187 0 0.143718 0.981225 0 0.1928667 0.9896187 -0 0.143718 0.981225 0 0.1928667 0.970392 0 0.2415351 0.9571458 0 0.2896067 0.970392 -0 0.2415351 0.9571458 0 0.2896067 0.9415202 0 0.3369567 0.9415202 -0 0.3369567 0.9235538 0 0.383469 0.9032913 0 0.4290277 0.9235538 -0 0.383469 0.9032913 0 0.4290277 0.8807834 0 0.4735194 0.8560859 0 0.5168337 0.8807834 -0 0.4735194 0.8560859 0 0.5168337 0.8292595 -0 0.5588638 0.8292595 0 0.5588638 0.8003715 0 0.5995044 0.8003715 0 0.5995044 0.7694926 -0 0.6386558 0.7694926 0 0.6386558 0.7367037 -0 0.6762157 0.7367037 0 0.6762157 0.7020804 0 0.7120976 0.7020804 0 0.7120976 0.6657123 -0 0.7462084 0.6657123 0 0.7462084 0.6276892 -0 0.778464 0.6276892 0 0.778464 0.5881062 0 0.8087838 0.5881062 0 0.8087838 0.5470598 -0 0.8370935 0.5470598 0 0.8370935 0.5046562 -0 0.8633204 0.5046562 0 0.8633204 0.460993 0 0.8874038 0.460993 0 0.8874038 0.4161889 -0 0.9092782 0.4161889 0 0.9092782 0.3703468 0 0.9288935 0.3703468 0 0.9288935 0.3235843 0 0.9461994 0.3235843 -0 0.9461994 0.2760186 0 0.9611523 0.2760186 0 0.9611523 0.2277667 0 0.9737157 0.1789469 0 0.9838587 0.2277667 -0 0.9737157 0.1789469 0 0.9838587 0.1296836 0 0.9915554 0.08009733 0 0.9967871 0.1296836 -0 0.9915554 0.08009733 0 0.9967871 0.03031165 0 0.9995405 0.03031165 -0 0.9995405 -0.0195484 0 0.9998089 -0.06936131 0 0.9975916 -0.0195484 0 0.9998089 -0.06936131 0 0.9975916 -0.1190003 0 0.9928942 -0.1683441 0 0.9857283 -0.1190003 0 0.9928942 -0.1683441 0 0.9857283 -0.2172693 0 0.9761117 -0.2172693 0 0.9761117 -0.2656542 0 0.9640684 -0.3133797 0 0.9496279 -0.2656542 0 0.9640684 -0.3133797 0 0.9496279 -0.3603245 0 0.932827 -0.3603245 0 0.932827 -0.4063742 0 0.9137068 -0.4063742 0 0.9137068 -0.4514142 0 0.8923146 -0.4514142 0 0.8923146 -0.4953305 0 0.8687046 -0.4953305 0 0.8687046 -0.5380155 0 0.8429349 -0.5380155 0 0.8429349 -0.5793642 0 0.8150687 -0.5793642 0 0.8150687 -0.619272 0 0.7851765 -0.619272 0 0.7851765 -0.6576402 0 0.7533322 -0.6576402 0 0.7533322 -0.6943731 0 0.7196152 -0.6943731 0 0.7196152 -0.7293795 0 0.6841093 -0.7293795 0 0.6841093 -0.7625723 0 0.646903 -0.7625723 0 0.646903 -0.7938707 0 0.6080865 -0.7938707 0 0.6080865 -0.823196 0 0.5677573 -0.823196 0 0.5677573 -0.8504713 0 0.5260214 -0.8504713 0 0.5260214 -0.8756337 0 0.4829759 -0.8756337 0 0.4829759 -0.8986199 0 0.4387281 -0.8986199 0 0.4387281 -0.9193712 0 0.3933912 -0.9193712 0 0.3933912 -0.9378378 0 0.3470738 -0.9378378 0 0.3470738 -0.9539726 0 0.2998939 -0.9539726 0 0.2998939 -0.9677351 0 0.2519698 -0.9677351 0 0.2519698 -0.9790916 0 0.2034199 -0.9880143 0 0.1543624 -0.9790916 0 0.2034199 -0.9880143 0 0.1543624 -0.9944801 0 0.1049253 -0.9984744 0 0.05521742 -0.9944801 0 0.1049253 -0.9999855 0 0.005386221 -0.9984744 0 0.05521742 -0.9999855 0 0.005386221 -0.9990107 -0 -0.04446963 -0.9990107 0 -0.04446963 -0.9955526 -0 -0.09420712 -0.9955526 0 -0.09420712 -0.9896187 -0 -0.143718 -0.9896187 0 -0.143718 -0.9812245 0 -0.192869 -0.9812245 0 -0.192869 -0.9703915 -0 -0.2415375 -0.9703915 0 -0.2415375 -0.9571464 -0 -0.2896044 -0.9571464 0 -0.2896044 -0.9415201 0 -0.3369569 -0.9415201 0 -0.3369569 -0.9235529 0 -0.3834711 -0.9235529 0 -0.3834711 -0.9032923 0 -0.4290257 -0.9032923 0 -0.4290257 -0.8807838 0 -0.4735186 -0.8807838 0 -0.4735186 -0.8560844 0 -0.516836 -0.8560844 0 -0.516836 -0.8292605 -0 -0.5588623 -0.8292605 0 -0.5588623 -0.8003703 0 -0.5995059 -0.8003703 0 -0.5995059 -0.7694935 0 -0.6386546 -0.7694935 0 -0.6386546 -0.7367048 0 -0.6762145 -0.7020786 -0 -0.7120995 -0.7367048 0 -0.6762145 -0.7020786 0 -0.7120995 -0.6657141 0 -0.7462069 -0.6276892 -0 -0.778464 -0.6657141 0 -0.7462069 -0.6276892 0 -0.778464 -0.588105 0 -0.8087845 -0.588105 0 -0.8087845 -0.5470598 0 -0.8370935 -0.5470598 0 -0.8370935 -0.5046573 0 -0.8633198 -0.5046573 0 -0.8633198 -0.4609918 0 -0.8874044 -0.4609918 0 -0.8874044 -0.4161889 0 -0.9092782 -0.3703479 -0 -0.9288931 -0.4161889 0 -0.9092782 -0.3703479 0 -0.9288931 -0.3235843 0 -0.9461994 -0.3235843 0 -0.9461994 -0.276018 0 -0.9611525 -0.276018 0 -0.9611525 -0.2277667 -0 -0.9737157 -0.2277667 0 -0.9737157 -0.1789474 0 -0.9838586 -0.1789474 0 -0.9838586 -0.1296836 0 -0.9915554 -0.1296836 0 -0.9915554 -0.08009611 0 -0.9967871 -0.08009611 0 -0.9967871 -0.03031165 0 -0.9995405 -0.03031165 0 -0.9995405 0.01954902 0 -0.9998089 0.01954902 0 -0.9998089 0.0693607 0 -0.9975917 0.0693607 0 -0.9975917 0.1189997 0 -0.9928943 0.1189997 0 -0.9928943 0.1683453 0 -0.9857281 0.1683453 0 -0.9857281 0.217267 0 -0.9761122 0.2656542 0 -0.9640684 0.217267 0 -0.9761122 0.2656542 0 -0.9640684 0.3133797 0 -0.9496279 0.3133797 0 -0.9496279 0.360325 0 -0.9328269 0.360325 0 -0.9328269 0 1 0 0 1 0 0 1 0 0 1 0 0 1 0 0 1 0 0 1 0 0 1 0 0 1 0 0 1 0 0 1 0 0 1 0 0 1 0 0 1 0 0 1 0 0 1 0 0 1 0 0 1 0 0 1 0 0 1 0 0 1 0 0 1 0 0 1 0 0 1 0 0 1 0 0 1 0 0 1 0 0 1 0 0 1 0 0 1 0 0 1 0 0 1 0 0 1 0 0 1 0 0 1 0 0 1 0 0 1 0 0 1 0 0 1 0 0 1 0 0 1 0 0 1 0 0 1 0 0 1 0 0 1 0 0 1 0 0 1 0 0 1 0 0 1 0 0 1 0 0 1 0 0 1 0 0 1 0 0 1 0 0 1 0 0 1 0 0 1 0 0 1 0 0 1 0 0 1 0 0 1 0 0 1 0 0 1 0 0 1 0 0 1 0 0 1 0 0 1 0 0 1 0 0 1 0 0 1 0 0 1 0 0 1 0 0 1 0 0 1 0 0 1 0 0 1 0 0 1 0 0 1 0 0 1 0 0 1 0 0 1 0 0 1 0 0 1 0 0 1 0 0 1 0 0 1 0 0 1 0 0 1 0 0 1 0 0 1 0 0 1 0 0 1 0 0 1 0 0 1 0 0 1 0 0 1 0 0 1 0 0 1 0 0 1 0 0 1 0 0 1 0 0 1 0 0 1 0 0 1 0 0 1 0 0 1 0 0 1 0 0 1 0 0 1 0 0 1 0 0 1 0 0 1 0 0 1 0 0 1 0 0 1 0 0 1 0 0 1 0 0 1 0 0 1 0 0 1 0 0 1 0 0 1 0 0 1 0 0 1 0 0 1 0 0 1 0 0 1 0 0 1 0 0 1 0 0 1 0 0 1 0 0 1 0 0 1 0 0 1 0 0 1 0 0 1 0 0 1 0 0 1 0 0 1 0 0 1 0 0 1 0 0 1 0 0 1 0 0 1 0 0 1 0 0 1 0 0 1 0 0 1 0 0 1 0 0 1 0 0 1 0 0 1 0 0 1 0 0 1 0 0 1 0 0 1 0 0 1 0 0 1 0 0 1 0 0 1 0 0 1 0 0 1 0 0 1 0 0 1 0 0 1 0 0 1 0 0 1 0 0 1 0 0 1 0 0 1 0 0 1 0 0 1 0 0 1 0 0 1 0 0 1 0 0 1 0 0 1 0 0 1 0 0 1 0 0 1 0 0 1 0 0 1 0 0 1 0 0 1 0 0 1 0 0 1 0 0 1 0 0 1 0 0 1 0 0 1 0 0 1 0 0 1 0 0 1 0 0 1 0 0 1 0 0 1 0 0 1 0 0 1 0 0 1 0 0 1 0 0 1 0 0 1 0 0 1 0 0 1 0 0 1 0 0 1 0 0 1 0 0 1 0 0 1 0 0 1 0 0 1 0 0 1 0 0 1 0 0 1 0 0 1 0 0 1 0 0 1 0 0 1 0 0 1 0 0 1 0 0 1 0 0 1 0 0 1 0 0 1 0 0 1 0 0 1 0 0 1 0 0 1 0 0 1 0 0 1 0 0 1 0 0 1 0 0 1 0 0 1 0 0 1 0 0 1 0 0 1 0 0 1 0 0 1 0 0 1 0 0 1 0 0 1 0 0 1 0 0 1 0 0 1 0 0 1 0 0 1 0 0 1 0 0 1 0 0 1 0 0 1 0 0 1 0</float_array>
          <technique_common>
            <accessor count="7056" source="#cubenormals-array0-array" stride="3">
              <param type="float" name="X"/>
              <param type="float" name="Y"/>
              <param type="float" name="Z"/>
            </accessor>
          </technique_common>
        </source>
        <vertices id="cubeverts-array0-vertices">
          <input semantic="POSITION" source="#cubeverts-array0"/>
        </vertices>
        <triangles count="7056" material="ref_Wheel__R__shape004">
          <input offset="0" semantic="VERTEX" source="#cubeverts-array0-vertices"/>
          <input offset="1" semantic="NORMAL" source="#cubenormals-array0"/>
          <p>0 0 1 0 2 0 0 1 3 1 1 1 4 2 3 2 0 2 5 3 0 3 2 3 6 4 7 4 3 4 6 5 3 5 4 5 8 6 9 6 10 6 8 7 2 7 9 7 8 8 5 8 2 8 11 9 12 9 7 9 11 10 13 10 12 10 11 11 7 11 6 11 14 12 8 12 10 12 15 13 13 13 11 13 16 14 17 14 18 14 16 15 10 15 17 15 16 16 14 16 10 16 19 17 13 17 15 17 19 18 20 18 13 18 21 19 16 19 18 19 22 20 23 20 20 20 22 21 24 21 23 21 22 22 20 22 19 22 25 23 18 23 26 23 25 24 21 24 18 24 27 25 24 25 22 25 28 26 25 26 26 26 28 27 26 27 29 27 30 28 24 28 27 28 30 29 31 29 24 29 32 30 28 30 29 30 32 31 33 31 34 31 32 32 29 32 33 32 35 33 31 33 30 33 35 34 36 34 31 34 35 35 37 35 36 35 38 36 32 36 34 36 39 37 37 37 35 37 40 38 38 38 34 38 40 39 41 39 42 39 40 40 34 40 41 40 43 41 37 41 39 41 43 42 44 42 37 42 45 43 40 43 42 43 45 44 42 44 46 44 47 45 44 45 43 45 47 46 48 46 44 46 47 47 49 47 48 47 50 48 46 48 51 48 50 49 45 49 46 49 52 50 49 50 47 50 53 51 50 51 51 51 53 52 51 52 54 52 55 53 49 53 52 53 55 54 56 54 49 54 57 55 54 55 58 55 57 56 53 56 54 56 59 57 60 57 56 57 59 58 56 58 55 58 61 59 58 59 62 59 61 60 57 60 58 60 63 61 60 61 59 61 63 62 64 62 60 62 65 63 61 63 62 63 66 64 67 64 64 64 66 65 64 65 63 65 68 66 62 66 69 66 68 67 65 67 62 67 70 68 67 68 66 68 70 69 71 69 67 69 70 70 72 70 71 70 73 71 69 71 74 71 73 72 68 72 69 72 75 73 72 73 70 73 75 74 76 74 72 74 77 75 74 75 78 75 77 76 73 76 74 76 79 77 76 77 75 77 80 78 78 78 81 78 80 79 77 79 78 79 82 80 76 80 79 80 82 81 83 81 76 81 84 82 80 82 81 82 84 83 81 83 85 83 86 84 87 84 83 84 86 85 83 85 82 85 88 86 84 86 85 86 88 87 85 87 89 87 90 88 87 88 86 88 90 89 91 89 87 89 92 90 89 90 93 90 92 91 88 91 89 91 94 92 92 92 93 92 95 93 96 93 91 93 95 94 91 94 90 94 97 95 96 95 95 95 98 96 92 96 94 96 99 97 97 97 95 97 100 98 94 98 101 98 100 99 98 99 94 99 102 100 97 100 99 100 102 101 103 101 97 101 104 102 100 102 101 102 105 103 100 103 104 103 106 104 103 104 102 104 106 105 107 105 103 105 108 106 105 106 104 106 109 107 105 107 108 107 110 108 107 108 106 108 110 109 111 109 107 109 112 110 108 110 113 110 112 111 109 111 108 111 114 112 111 112 110 112 115 113 114 113 110 113 116 114 113 114 117 114 116 115 112 115 113 115 118 116 119 116 114 116 118 117 114 117 115 117 120 118 117 118 121 118 120 119 116 119 117 119 122 120 119 120 118 120 123 121 122 121 118 121 124 122 120 122 121 122 125 123 120 123 124 123 126 124 123 124 127 124 126 125 122 125 123 125 128 126 129 126 125 126 128 127 125 127 124 127 130 128 127 128 131 128 130 129 126 129 127 129 132 130 129 130 128 130 133 131 132 131 128 131 134 132 130 132 131 132 135 133 130 133 134 133 136 134 132 134 133 134 136 135 137 135 132 135 138 136 134 136 139 136 138 137 135 137 134 137 140 138 137 138 136 138 140 139 141 139 137 139 142 140 139 140 143 140 142 141 138 141 139 141 144 142 141 142 140 142 144 143 145 143 141 143 146 144 142 144 143 144 147 145 142 145 146 145 148 146 147 146 146 146 149 147 150 147 145 147 149 148 145 148 144 148 151 149 147 149 148 149 152 150 150 150 149 150 152 151 153 151 150 151 154 152 153 152 152 152 155 153 148 153 156 153 155 154 151 154 148 154 157 155 155 155 156 155 158 156 154 156 152 156 159 157 155 157 157 157 160 158 161 158 154 158 160 159 154 159 158 159 162 160 161 160 160 160 163 161 157 161 164 161 163 162 159 162 157 162 165 163 163 163 164 163 166 164 162 164 160 164 167 165 162 165 166 165 168 166 163 166 165 166 169 167 167 167 166 167 170 168 165 168 171 168 170 169 168 169 165 169 172 170 173 170 174 170 172 171 174 171 167 171 172 172 167 172 169 172 175 173 171 173 176 173 175 174 176 174 177 174 175 175 170 175 171 175 178 176 173 176 172 176 179 177 175 177 177 177 180 178 173 178 178 178 180 179 181 179 173 179 182 180 179 180 177 180 182 181 177 181 183 181 184 182 181 182 180 182 184 183 185 183 181 183 186 184 183 184 187 184 186 185 187 185 188 185 186 186 182 186 183 186 189 187 190 187 185 187 189 188 185 188 184 188 191 189 186 189 188 189 192 190 190 190 189 190 192 191 193 191 190 191 194 192 188 192 195 192 194 193 191 193 188 193 196 194 193 194 192 194 196 195 197 195 198 195 196 196 198 196 193 196 199 197 195 197 200 197 199 198 194 198 195 198 201 199 197 199 196 199 202 200 200 200 203 200 202 201 199 201 200 201 204 202 205 202 197 202 204 203 197 203 201 203 206 204 203 204 207 204 206 205 202 205 203 205 208 206 205 206 204 206 208 207 209 207 205 207 210 208 207 208 211 208 210 209 206 209 207 209 212 210 209 210 208 210 212 211 213 211 209 211 214 212 211 212 215 212 214 213 210 213 211 213 216 214 217 214 213 214 216 215 213 215 212 215 218 216 215 216 219 216 218 217 214 217 215 217 220 218 221 218 217 218 220 219 217 219 216 219 222 220 219 220 223 220 222 221 218 221 219 221 224 222 221 222 220 222 224 223 225 223 226 223 224 224 226 224 221 224 227 225 222 225 223 225 227 226 223 226 228 226 229 227 225 227 224 227 229 228 230 228 225 228 231 229 227 229 228 229 231 230 228 230 232 230 233 231 230 231 229 231 234 232 231 232 232 232 234 233 232 233 235 233 234 234 235 234 236 234 237 235 238 235 230 235 237 236 230 236 233 236 239 237 234 237 236 237 239 238 236 238 240 238 241 239 238 239 237 239 241 240 242 240 238 240 243 241 240 241 244 241 243 242 239 242 240 242 245 243 242 243 241 243 245 244 246 244 242 244 247 245 243 245 244 245 248 246 246 246 245 246 248 247 249 247 246 247 250 248 249 248 248 248 250 249 244 249 251 249 250 250 251 250 249 250 250 251 247 251 244 251 190 252 252 252 185 252 253 253 252 253 190 253 185 254 254 254 181 254 181 255 254 255 173 255 252 256 254 256 185 256 254 257 255 257 173 257 173 258 256 258 174 258 255 259 256 259 173 259 174 260 257 260 167 260 167 261 257 261 162 261 256 262 257 262 174 262 162 263 258 263 161 263 257 264 258 264 162 264 258 265 259 265 161 265 161 266 260 266 154 266 259 267 260 267 161 267 154 268 261 268 153 268 260 269 261 269 154 269 153 270 262 270 150 270 261 271 262 271 153 271 262 272 263 272 150 272 150 273 263 273 145 273 145 274 263 274 141 274 263 275 264 275 141 275 264 276 265 276 141 276 141 277 265 277 137 277 137 278 266 278 132 278 265 279 266 279 137 279 132 280 266 280 129 280 266 281 267 281 129 281 267 282 268 282 129 282 129 283 268 283 125 283 125 284 269 284 120 284 120 285 269 285 116 285 268 286 269 286 125 286 269 287 270 287 116 287 270 288 271 288 116 288 116 289 271 289 112 289 112 290 272 290 109 290 271 291 272 291 112 291 109 292 273 292 105 292 105 293 273 293 100 293 272 294 273 294 109 294 273 295 274 295 100 295 100 296 275 296 98 296 274 297 275 297 100 297 98 298 276 298 92 298 275 299 276 299 98 299 92 300 277 300 88 300 276 301 277 301 92 301 88 302 278 302 84 302 277 303 278 303 88 303 84 304 279 304 80 304 80 305 279 305 77 305 278 306 279 306 84 306 279 307 280 307 77 307 77 308 281 308 73 308 280 309 281 309 77 309 73 310 282 310 68 310 68 311 282 311 65 311 281 312 282 312 73 312 282 313 283 313 65 313 65 314 284 314 61 314 283 315 284 315 65 315 61 316 285 316 57 316 284 317 285 317 61 317 57 318 286 318 53 318 285 319 286 319 57 319 53 320 287 320 50 320 50 321 287 321 45 321 286 322 287 322 53 322 287 323 288 323 45 323 288 324 289 324 45 324 45 325 289 325 40 325 289 326 290 326 40 326 40 327 290 327 38 327 290 328 291 328 38 328 38 329 291 329 32 329 291 330 292 330 32 330 32 331 292 331 28 331 292 332 293 332 28 332 28 333 293 333 25 333 25 334 293 334 21 334 293 335 294 335 21 335 294 336 295 336 21 336 21 337 295 337 16 337 295 338 296 338 16 338 16 339 296 339 14 339 296 340 297 340 14 340 14 341 297 341 8 341 8 342 297 342 5 342 297 343 298 343 5 343 298 344 299 344 5 344 5 345 299 345 0 345 0 346 299 346 4 346 299 347 300 347 4 347 4 348 301 348 6 348 300 349 301 349 4 349 6 350 302 350 11 350 11 351 302 351 15 351 301 352 302 352 6 352 15 353 303 353 19 353 302 354 303 354 15 354 303 355 304 355 19 355 19 356 305 356 22 356 22 357 305 357 27 357 304 358 305 358 19 358 305 359 306 359 27 359 27 360 307 360 30 360 30 361 307 361 35 361 306 362 307 362 27 362 35 363 308 363 39 363 307 364 308 364 35 364 308 365 309 365 39 365 39 366 310 366 43 366 43 367 310 367 47 367 309 368 310 368 39 368 310 369 311 369 47 369 47 370 312 370 52 370 311 371 312 371 47 371 52 372 313 372 55 372 312 373 313 373 52 373 313 374 314 374 55 374 55 375 314 375 59 375 314 376 315 376 59 376 59 377 315 377 63 377 315 378 316 378 63 378 63 379 316 379 66 379 66 380 316 380 70 380 316 381 317 381 70 381 317 382 318 382 70 382 70 383 318 383 75 383 75 384 318 384 79 384 318 385 319 385 79 385 319 386 320 386 79 386 79 387 320 387 82 387 82 388 320 388 86 388 320 389 321 389 86 389 321 390 322 390 86 390 86 391 322 391 90 391 90 392 322 392 95 392 322 393 323 393 95 393 323 394 324 394 95 394 95 395 324 395 99 395 99 396 324 396 102 396 324 397 325 397 102 397 325 398 326 398 102 398 102 399 326 399 106 399 326 400 327 400 106 400 106 401 327 401 110 401 110 402 327 402 115 402 327 403 328 403 115 403 328 404 329 404 115 404 115 405 329 405 118 405 118 406 329 406 123 406 329 407 330 407 123 407 330 408 331 408 123 408 123 409 331 409 127 409 127 410 331 410 131 410 331 411 332 411 131 411 332 412 333 412 131 412 131 413 333 413 134 413 333 414 334 414 134 414 134 415 334 415 139 415 139 416 334 416 143 416 334 417 335 417 143 417 143 418 336 418 146 418 146 419 336 419 148 419 335 420 336 420 143 420 336 421 337 421 148 421 148 422 338 422 156 422 156 423 338 423 157 423 337 424 338 424 148 424 338 425 339 425 157 425 339 426 340 426 157 426 157 427 340 427 164 427 164 428 340 428 165 428 340 429 341 429 165 429 341 430 342 430 165 430 165 431 342 431 171 431 171 432 342 432 176 432 342 433 343 433 176 433 343 434 344 434 176 434 176 435 344 435 177 435 344 436 345 436 177 436 177 437 345 437 183 437 183 438 345 438 187 438 345 439 346 439 187 439 346 440 347 440 187 440 187 441 347 441 188 441 188 442 347 442 195 442 347 443 348 443 195 443 348 444 349 444 195 444 195 445 349 445 200 445 200 446 349 446 203 446 349 447 350 447 203 447 203 448 350 448 207 448 350 449 351 449 207 449 211 450 352 450 215 450 351 451 352 451 207 451 207 452 352 452 211 452 352 453 353 453 215 453 215 454 354 454 219 454 219 455 354 455 223 455 353 456 354 456 215 456 223 457 355 457 228 457 354 458 355 458 223 458 228 459 356 459 232 459 355 460 356 460 228 460 356 461 357 461 232 461 232 462 358 462 235 462 235 463 358 463 236 463 357 464 358 464 232 464 358 465 359 465 236 465 236 466 360 466 240 466 359 467 360 467 236 467 240 468 361 468 244 468 360 469 361 469 240 469 244 470 362 470 251 470 251 471 362 471 249 471 361 472 362 472 244 472 249 473 363 473 246 473 362 474 363 474 249 474 363 475 364 475 246 475 364 476 365 476 246 476 246 477 365 477 242 477 365 478 366 478 242 478 242 479 366 479 238 479 238 480 367 480 230 480 366 481 367 481 238 481 367 482 368 482 230 482 230 483 368 483 225 483 225 484 369 484 226 484 368 485 369 485 225 485 226 486 370 486 221 486 369 487 370 487 226 487 221 488 371 488 217 488 370 489 371 489 221 489 217 490 372 490 213 490 371 491 372 491 217 491 213 492 373 492 209 492 372 493 373 493 213 493 209 494 374 494 205 494 205 495 374 495 197 495 373 496 374 496 209 496 374 497 375 497 197 497 197 498 376 498 198 498 375 499 376 499 197 499 198 500 377 500 193 500 376 501 377 501 198 501 193 502 253 502 190 502 377 503 253 503 193 503 378 504 299 504 298 504 379 505 300 505 299 505 379 506 299 506 378 506 380 507 378 507 298 507 381 508 300 508 379 508 381 509 301 509 300 509 382 510 380 510 298 510 382 511 298 511 297 511 383 512 302 512 301 512 383 513 303 513 302 513 383 514 301 514 381 514 384 515 382 515 297 515 384 516 296 516 295 516 384 517 297 517 296 517 385 518 303 518 383 518 386 519 295 519 294 519 386 520 384 520 295 520 387 521 303 521 385 521 387 522 304 522 303 522 388 523 386 523 294 523 389 524 304 524 387 524 389 525 305 525 304 525 390 526 388 526 294 526 390 527 294 527 293 527 391 528 305 528 389 528 391 529 306 529 305 529 392 530 390 530 293 530 392 531 293 531 292 531 393 532 306 532 391 532 393 533 307 533 306 533 393 534 308 534 307 534 394 535 291 535 290 535 394 536 292 536 291 536 394 537 392 537 292 537 395 538 308 538 393 538 396 539 394 539 290 539 396 540 290 540 289 540 397 541 308 541 395 541 397 542 309 542 308 542 397 543 310 543 309 543 398 544 396 544 289 544 399 545 311 545 310 545 399 546 310 546 397 546 400 547 289 547 288 547 400 548 398 548 289 548 401 549 311 549 399 549 402 550 287 550 286 550 402 551 288 551 287 551 402 552 400 552 288 552 403 553 311 553 401 553 403 554 312 554 311 554 404 555 402 555 286 555 405 556 313 556 312 556 405 557 312 557 403 557 406 558 286 558 285 558 406 559 404 559 286 559 407 560 313 560 405 560 407 561 314 561 313 561 408 562 285 562 284 562 408 563 406 563 285 563 409 564 314 564 407 564 409 565 315 565 314 565 410 566 284 566 283 566 410 567 408 567 284 567 411 568 316 568 315 568 411 569 317 569 316 569 411 570 315 570 409 570 412 571 283 571 282 571 412 572 410 572 283 572 413 573 317 573 411 573 414 574 282 574 281 574 414 575 412 575 282 575 415 576 317 576 413 576 415 577 318 577 317 577 415 578 319 578 318 578 416 579 281 579 280 579 416 580 414 580 281 580 417 581 319 581 415 581 417 582 320 582 319 582 418 583 280 583 279 583 418 584 416 584 280 584 419 585 320 585 417 585 419 586 321 586 320 586 420 587 418 587 279 587 420 588 279 588 278 588 421 589 321 589 419 589 422 590 278 590 277 590 422 591 420 591 278 591 423 592 322 592 321 592 423 593 321 593 421 593 424 594 277 594 276 594 424 595 422 595 277 595 425 596 322 596 423 596 425 597 323 597 322 597 426 598 276 598 275 598 426 599 424 599 276 599 427 600 323 600 425 600 427 601 324 601 323 601 427 602 325 602 324 602 428 603 275 603 274 603 428 604 426 604 275 604 429 605 325 605 427 605 430 606 274 606 273 606 430 607 428 607 274 607 431 608 325 608 429 608 431 609 326 609 325 609 432 610 273 610 272 610 432 611 430 611 273 611 433 612 326 612 431 612 433 613 327 613 326 613 434 614 272 614 271 614 434 615 432 615 272 615 435 616 327 616 433 616 435 617 328 617 327 617 436 618 271 618 270 618 436 619 434 619 271 619 437 620 329 620 328 620 437 621 328 621 435 621 269 622 436 622 270 622 438 623 436 623 269 623 439 624 330 624 329 624 439 625 329 625 437 625 440 626 269 626 268 626 440 627 438 627 269 627 331 628 439 628 441 628 331 629 330 629 439 629 267 630 442 630 440 630 267 631 440 631 268 631 332 632 441 632 443 632 332 633 331 633 441 633 266 634 442 634 267 634 266 635 444 635 442 635 333 636 443 636 445 636 333 637 332 637 443 637 265 638 444 638 266 638 265 639 446 639 444 639 334 640 445 640 447 640 334 641 333 641 445 641 264 642 446 642 265 642 264 643 448 643 446 643 335 644 447 644 449 644 335 645 334 645 447 645 263 646 450 646 448 646 263 647 448 647 264 647 336 648 449 648 451 648 336 649 335 649 449 649 262 650 452 650 453 650 262 651 453 651 450 651 262 652 450 652 263 652 337 653 451 653 454 653 337 654 336 654 451 654 261 655 452 655 262 655 338 656 454 656 455 656 338 657 337 657 454 657 260 658 456 658 457 658 260 659 457 659 452 659 260 660 452 660 261 660 339 661 455 661 458 661 339 662 338 662 455 662 259 663 456 663 260 663 340 664 458 664 459 664 340 665 339 665 458 665 258 666 460 666 461 666 258 667 461 667 456 667 258 668 456 668 259 668 341 669 459 669 462 669 341 670 340 670 459 670 257 671 460 671 258 671 342 672 462 672 463 672 342 673 341 673 462 673 256 674 460 674 257 674 256 675 464 675 460 675 343 676 463 676 465 676 343 677 342 677 463 677 255 678 464 678 256 678 255 679 466 679 464 679 344 680 465 680 467 680 344 681 343 681 465 681 254 682 466 682 255 682 254 683 468 683 466 683 345 684 467 684 469 684 345 685 469 685 470 685 345 686 344 686 467 686 252 687 471 687 468 687 252 688 468 688 254 688 346 689 345 689 470 689 253 690 472 690 471 690 253 691 471 691 252 691 347 692 470 692 473 692 347 693 346 693 470 693 377 694 472 694 253 694 377 695 474 695 472 695 348 696 473 696 475 696 348 697 347 697 473 697 376 698 476 698 477 698 376 699 477 699 474 699 376 700 474 700 377 700 349 701 475 701 478 701 349 702 348 702 475 702 375 703 476 703 376 703 350 704 478 704 479 704 350 705 479 705 480 705 350 706 349 706 478 706 374 707 481 707 476 707 374 708 476 708 375 708 351 709 350 709 480 709 373 710 482 710 481 710 373 711 481 711 374 711 352 712 480 712 483 712 352 713 351 713 480 713 372 714 482 714 373 714 372 715 484 715 482 715 353 716 352 716 483 716 353 717 483 717 485 717 353 718 485 718 486 718 371 719 484 719 372 719 371 720 487 720 488 720 371 721 488 721 484 721 354 722 353 722 486 722 370 723 487 723 371 723 370 724 489 724 487 724 355 725 354 725 486 725 355 726 486 726 490 726 369 727 489 727 370 727 356 728 490 728 491 728 356 729 355 729 490 729 368 730 492 730 489 730 368 731 489 731 369 731 357 732 356 732 491 732 357 733 491 733 493 733 367 734 492 734 368 734 367 735 494 735 492 735 358 736 357 736 493 736 358 737 493 737 495 737 358 738 495 738 496 738 366 739 494 739 367 739 366 740 497 740 494 740 359 741 358 741 496 741 365 742 498 742 499 742 365 743 499 743 497 743 365 744 497 744 366 744 360 745 496 745 500 745 360 746 359 746 496 746 364 747 498 747 365 747 361 748 500 748 501 748 361 749 501 749 502 749 361 750 360 750 500 750 363 751 498 751 364 751 363 752 503 752 498 752 362 753 502 753 503 753 362 754 503 754 363 754 362 755 361 755 502 755 504 756 430 756 432 756 504 757 434 757 505 757 504 758 505 758 506 758 507 759 508 759 509 759 507 760 510 760 508 760 511 761 509 761 512 761 511 762 512 762 513 762 511 763 513 763 514 763 515 764 516 764 517 764 518 765 428 765 430 765 518 766 426 766 428 766 518 767 430 767 504 767 518 768 519 768 510 768 518 769 504 769 519 769 520 770 509 770 511 770 520 771 507 771 509 771 521 772 511 772 514 772 521 773 514 773 522 773 521 774 522 774 523 774 524 775 424 775 426 775 524 776 422 776 424 776 524 777 507 777 520 777 524 778 518 778 510 778 524 779 426 779 518 779 524 780 510 780 507 780 525 781 520 781 511 781 526 782 523 782 527 782 526 783 527 783 528 783 526 784 521 784 523 784 529 785 420 785 422 785 529 786 418 786 420 786 529 787 524 787 520 787 529 788 422 788 524 788 530 789 525 789 511 789 471 790 472 790 531 790 530 791 511 791 521 791 532 792 526 792 528 792 532 793 528 793 533 793 532 794 533 794 534 794 535 795 529 795 520 795 535 796 520 796 525 796 535 797 418 797 529 797 535 798 416 798 418 798 535 799 414 799 416 799 536 800 530 800 521 800 536 801 521 801 526 801 537 802 532 802 534 802 537 803 534 803 538 803 537 804 538 804 539 804 540 805 525 805 530 805 540 806 414 806 535 806 540 807 412 807 414 807 540 808 410 808 412 808 540 809 535 809 525 809 541 810 526 810 532 810 541 811 536 811 526 811 542 812 539 812 543 812 542 813 543 813 544 813 542 814 537 814 539 814 545 815 410 815 540 815 545 816 408 816 410 816 545 817 406 817 408 817 545 818 530 818 536 818 545 819 540 819 530 819 545 820 536 820 541 820 546 821 541 821 532 821 546 822 532 822 537 822 547 823 542 823 544 823 547 824 544 824 548 824 547 825 548 825 549 825 550 826 545 826 541 826 550 827 406 827 545 827 550 828 404 828 406 828 550 829 402 829 404 829 551 830 546 830 537 830 551 831 537 831 542 831 552 832 547 832 549 832 552 833 549 833 553 833 552 834 553 834 554 834 555 835 400 835 402 835 555 836 398 836 400 836 555 837 546 837 551 837 555 838 550 838 541 838 555 839 541 839 546 839 555 840 402 840 550 840 556 841 547 841 552 841 556 842 551 842 542 842 556 843 542 843 547 843 557 844 552 844 554 844 557 845 554 845 558 845 557 846 558 846 559 846 560 847 551 847 556 847 560 848 396 848 398 848 560 849 394 849 396 849 560 850 398 850 555 850 560 851 555 851 551 851 561 852 556 852 552 852 562 853 557 853 559 853 562 854 559 854 563 854 562 855 563 855 564 855 565 856 394 856 560 856 565 857 392 857 394 857 565 858 390 858 392 858 565 859 560 859 556 859 566 860 561 860 552 860 566 861 552 861 557 861 567 862 562 862 564 862 567 863 564 863 568 863 567 864 568 864 569 864 570 865 561 865 566 865 570 866 556 866 561 866 570 867 388 867 390 867 570 868 565 868 556 868 570 869 386 869 388 869 570 870 390 870 565 870 571 871 566 871 557 871 571 872 557 872 562 872 572 873 567 873 569 873 572 874 569 874 573 874 572 875 573 875 574 875 575 876 384 876 386 876 575 877 382 877 384 877 575 878 570 878 566 878 575 879 386 879 570 879 576 880 571 880 562 880 576 881 562 881 567 881 577 882 574 882 578 882 577 883 578 883 579 883 577 884 572 884 574 884 580 885 380 885 382 885 580 886 378 886 380 886 580 887 566 887 571 887 580 888 575 888 566 888 580 889 382 889 575 889 580 890 571 890 576 890 581 891 567 891 572 891 581 892 576 892 567 892 581 893 572 893 577 893 582 894 577 894 579 894 582 895 579 895 583 895 582 896 583 896 584 896 585 897 379 897 378 897 585 898 381 898 379 898 585 899 580 899 576 899 585 900 378 900 580 900 586 901 581 901 577 901 587 902 584 902 588 902 587 903 588 903 589 903 587 904 582 904 584 904 590 905 381 905 585 905 590 906 581 906 586 906 590 907 383 907 381 907 590 908 385 908 383 908 590 909 576 909 581 909 590 910 585 910 576 910 591 911 586 911 577 911 591 912 577 912 582 912 592 913 587 913 589 913 592 914 589 914 593 914 592 915 593 915 594 915 595 916 590 916 586 916 595 917 385 917 590 917 595 918 387 918 385 918 595 919 389 919 387 919 595 920 586 920 591 920 596 921 591 921 582 921 596 922 582 922 587 922 597 923 592 923 594 923 597 924 594 924 598 924 597 925 598 925 599 925 600 926 595 926 591 926 600 927 389 927 595 927 600 928 391 928 389 928 600 929 393 929 391 929 601 930 592 930 597 930 601 931 587 931 592 931 601 932 596 932 587 932 602 933 597 933 599 933 602 934 599 934 603 934 602 935 603 935 604 935 605 936 393 936 600 936 605 937 395 937 393 937 605 938 397 938 395 938 605 939 591 939 596 939 605 940 600 940 591 940 606 941 601 941 597 941 607 942 602 942 604 942 607 943 604 943 608 943 607 944 608 944 609 944 610 945 397 945 605 945 610 946 596 946 601 946 610 947 399 947 397 947 610 948 401 948 399 948 610 949 605 949 596 949 610 950 601 950 606 950 611 951 597 951 602 951 611 952 606 952 597 952 612 953 607 953 609 953 612 954 609 954 613 954 612 955 613 955 614 955 615 956 610 956 606 956 615 957 403 957 401 957 615 958 405 958 403 958 615 959 401 959 610 959 616 960 611 960 602 960 616 961 602 961 607 961 617 962 612 962 614 962 617 963 614 963 618 963 617 964 618 964 619 964 620 965 606 965 611 965 620 966 407 966 405 966 620 967 409 967 407 967 620 968 615 968 606 968 620 969 405 969 615 969 621 970 607 970 612 970 621 971 616 971 607 971 621 972 612 972 617 972 622 973 617 973 619 973 622 974 619 974 623 974 622 975 623 975 624 975 625 976 409 976 620 976 625 977 620 977 611 977 625 978 411 978 409 978 625 979 413 979 411 979 625 980 611 980 616 980 626 981 621 981 617 981 627 982 624 982 628 982 627 983 628 983 629 983 627 984 622 984 624 984 630 985 625 985 616 985 630 986 413 986 625 986 630 987 415 987 413 987 630 988 417 988 415 988 630 989 616 989 621 989 631 990 626 990 617 990 631 991 617 991 622 991 632 992 629 992 633 992 632 993 633 993 634 993 632 994 627 994 629 994 635 995 417 995 630 995 635 996 630 996 621 996 635 997 419 997 417 997 635 998 421 998 419 998 635 999 626 999 631 999 635 1000 621 1000 626 1000 636 1001 622 1001 627 1001 636 1002 631 1002 622 1002 636 1003 627 1003 632 1003 637 1004 634 1004 638 1004 637 1005 638 1005 639 1005 637 1006 632 1006 634 1006 640 1007 421 1007 635 1007 640 1008 631 1008 636 1008 640 1009 635 1009 631 1009 640 1010 423 1010 421 1010 640 1011 425 1011 423 1011 641 1012 632 1012 637 1012 641 1013 636 1013 632 1013 642 1014 639 1014 643 1014 642 1015 643 1015 644 1015 642 1016 637 1016 639 1016 645 1017 640 1017 636 1017 645 1018 427 1018 425 1018 645 1019 429 1019 427 1019 645 1020 425 1020 640 1020 646 1021 641 1021 637 1021 647 1022 644 1022 648 1022 647 1023 648 1023 649 1023 647 1024 642 1024 644 1024 650 1025 636 1025 641 1025 650 1026 645 1026 636 1026 650 1027 429 1027 645 1027 650 1028 431 1028 429 1028 650 1029 433 1029 431 1029 651 1030 637 1030 642 1030 651 1031 646 1031 637 1031 652 1032 649 1032 653 1032 652 1033 653 1033 654 1033 652 1034 647 1034 649 1034 655 1035 433 1035 650 1035 655 1036 650 1036 641 1036 655 1037 641 1037 646 1037 655 1038 435 1038 433 1038 655 1039 437 1039 435 1039 656 1040 642 1040 647 1040 656 1041 647 1041 652 1041 656 1042 651 1042 642 1042 657 1043 654 1043 658 1043 657 1044 658 1044 659 1044 657 1045 652 1045 654 1045 660 1046 646 1046 651 1046 660 1047 437 1047 655 1047 660 1048 655 1048 646 1048 660 1049 439 1049 437 1049 660 1050 441 1050 439 1050 661 1051 652 1051 657 1051 661 1052 656 1052 652 1052 662 1053 659 1053 663 1053 662 1054 663 1054 664 1054 662 1055 657 1055 659 1055 665 1056 660 1056 651 1056 665 1057 651 1057 656 1057 665 1058 441 1058 660 1058 665 1059 443 1059 441 1059 665 1060 445 1060 443 1060 666 1061 661 1061 657 1061 667 1062 664 1062 668 1062 667 1063 668 1063 669 1063 667 1064 662 1064 664 1064 670 1065 665 1065 656 1065 670 1066 656 1066 661 1066 670 1067 445 1067 665 1067 670 1068 447 1068 445 1068 670 1069 449 1069 447 1069 671 1070 657 1070 662 1070 671 1071 666 1071 657 1071 672 1072 669 1072 673 1072 672 1073 673 1073 674 1073 672 1074 667 1074 669 1074 675 1075 449 1075 670 1075 675 1076 670 1076 661 1076 675 1077 661 1077 666 1077 675 1078 451 1078 449 1078 675 1079 454 1079 451 1079 676 1080 671 1080 662 1080 676 1081 662 1081 667 1081 676 1082 667 1082 672 1082 677 1083 674 1083 678 1083 677 1084 678 1084 679 1084 677 1085 672 1085 674 1085 680 1086 666 1086 671 1086 680 1087 455 1087 454 1087 680 1088 458 1088 455 1088 680 1089 454 1089 675 1089 680 1090 675 1090 666 1090 681 1091 676 1091 672 1091 682 1092 679 1092 683 1092 682 1093 683 1093 684 1093 682 1094 677 1094 679 1094 685 1095 458 1095 680 1095 685 1096 680 1096 671 1096 685 1097 671 1097 676 1097 685 1098 459 1098 458 1098 685 1099 462 1099 459 1099 686 1100 681 1100 672 1100 686 1101 677 1101 682 1101 686 1102 672 1102 677 1102 687 1103 684 1103 688 1103 687 1104 688 1104 689 1104 687 1105 682 1105 684 1105 690 1106 676 1106 681 1106 690 1107 685 1107 676 1107 690 1108 463 1108 462 1108 690 1109 462 1109 685 1109 690 1110 465 1110 463 1110 691 1111 686 1111 682 1111 692 1112 689 1112 693 1112 692 1113 693 1113 694 1113 692 1114 687 1114 689 1114 695 1115 681 1115 686 1115 695 1116 690 1116 681 1116 695 1117 467 1117 465 1117 695 1118 469 1118 467 1118 695 1119 465 1119 690 1119 696 1120 682 1120 687 1120 696 1121 691 1121 682 1121 697 1122 692 1122 694 1122 697 1123 694 1123 698 1123 697 1124 698 1124 699 1124 700 1125 686 1125 691 1125 700 1126 469 1126 695 1126 700 1127 695 1127 686 1127 700 1128 470 1128 469 1128 700 1129 473 1129 470 1129 701 1130 696 1130 687 1130 701 1131 692 1131 697 1131 701 1132 687 1132 692 1132 702 1133 697 1133 699 1133 702 1134 699 1134 703 1134 702 1135 703 1135 704 1135 705 1136 700 1136 691 1136 705 1137 691 1137 696 1137 705 1138 473 1138 700 1138 705 1139 475 1139 473 1139 705 1140 478 1140 475 1140 706 1141 701 1141 697 1141 707 1142 702 1142 704 1142 707 1143 704 1143 708 1143 707 1144 708 1144 709 1144 710 1145 696 1145 701 1145 710 1146 705 1146 696 1146 710 1147 478 1147 705 1147 710 1148 479 1148 478 1148 710 1149 480 1149 479 1149 711 1150 697 1150 702 1150 711 1151 706 1151 697 1151 712 1152 707 1152 709 1152 712 1153 709 1153 713 1153 712 1154 713 1154 714 1154 715 1155 485 1155 483 1155 715 1156 710 1156 701 1156 715 1157 701 1157 706 1157 715 1158 480 1158 710 1158 715 1159 483 1159 480 1159 716 1160 702 1160 707 1160 716 1161 711 1161 702 1161 717 1162 714 1162 718 1162 717 1163 718 1163 719 1163 717 1164 712 1164 714 1164 720 1165 486 1165 485 1165 720 1166 490 1166 486 1166 720 1167 485 1167 715 1167 720 1168 706 1168 711 1168 720 1169 715 1169 706 1169 721 1170 707 1170 712 1170 721 1171 716 1171 707 1171 722 1172 719 1172 723 1172 722 1173 723 1173 724 1173 722 1174 717 1174 719 1174 725 1175 491 1175 490 1175 725 1176 493 1176 491 1176 725 1177 490 1177 720 1177 725 1178 711 1178 716 1178 725 1179 720 1179 711 1179 726 1180 712 1180 717 1180 726 1181 721 1181 712 1181 727 1182 724 1182 728 1182 727 1183 728 1183 729 1183 727 1184 722 1184 724 1184 730 1185 495 1185 493 1185 730 1186 496 1186 495 1186 730 1187 493 1187 725 1187 730 1188 716 1188 721 1188 730 1189 725 1189 716 1189 730 1190 721 1190 726 1190 731 1191 717 1191 722 1191 731 1192 726 1192 717 1192 732 1193 729 1193 733 1193 732 1194 733 1194 734 1194 732 1195 727 1195 729 1195 735 1196 500 1196 496 1196 735 1197 501 1197 500 1197 735 1198 496 1198 730 1198 735 1199 730 1199 726 1199 736 1200 727 1200 732 1200 736 1201 731 1201 722 1201 736 1202 722 1202 727 1202 737 1203 732 1203 734 1203 737 1204 734 1204 738 1204 737 1205 738 1205 739 1205 740 1206 735 1206 726 1206 740 1207 502 1207 501 1207 740 1208 503 1208 502 1208 740 1209 501 1209 735 1209 740 1210 726 1210 731 1210 741 1211 736 1211 732 1211 742 1212 739 1212 743 1212 742 1213 743 1213 744 1213 742 1214 737 1214 739 1214 745 1215 498 1215 503 1215 745 1216 499 1216 498 1216 745 1217 740 1217 731 1217 745 1218 503 1218 740 1218 745 1219 731 1219 736 1219 746 1220 741 1220 732 1220 746 1221 732 1221 737 1221 747 1222 744 1222 748 1222 747 1223 748 1223 749 1223 747 1224 742 1224 744 1224 750 1225 736 1225 741 1225 750 1226 745 1226 736 1226 750 1227 499 1227 745 1227 750 1228 497 1228 499 1228 750 1229 494 1229 497 1229 751 1230 737 1230 742 1230 751 1231 746 1231 737 1231 752 1232 747 1232 749 1232 752 1233 749 1233 753 1233 752 1234 753 1234 754 1234 755 1235 750 1235 741 1235 755 1236 492 1236 494 1236 755 1237 489 1237 492 1237 755 1238 741 1238 746 1238 755 1239 494 1239 750 1239 756 1240 742 1240 747 1240 756 1241 751 1241 742 1241 757 1242 752 1242 754 1242 757 1243 758 1243 515 1243 757 1244 754 1244 759 1244 757 1245 759 1245 758 1245 760 1246 487 1246 489 1246 760 1247 488 1247 487 1247 760 1248 755 1248 746 1248 760 1249 489 1249 755 1249 760 1250 746 1250 751 1250 761 1251 747 1251 752 1251 761 1252 752 1252 757 1252 761 1253 756 1253 747 1253 762 1254 484 1254 488 1254 762 1255 482 1255 484 1255 762 1256 488 1256 760 1256 762 1257 751 1257 756 1257 762 1258 760 1258 751 1258 762 1259 756 1259 761 1259 763 1260 761 1260 757 1260 763 1261 757 1261 515 1261 763 1262 515 1262 764 1262 765 1263 481 1263 482 1263 765 1264 476 1264 481 1264 765 1265 482 1265 762 1265 765 1266 762 1266 761 1266 766 1267 477 1267 476 1267 766 1268 474 1268 477 1268 766 1269 476 1269 765 1269 766 1270 761 1270 763 1270 766 1271 764 1271 531 1271 766 1272 763 1272 764 1272 766 1273 765 1273 761 1273 766 1274 531 1274 474 1274 515 1275 758 1275 516 1275 472 1276 474 1276 531 1276 767 1277 517 1277 768 1277 767 1278 768 1278 769 1278 767 1279 515 1279 517 1279 770 1280 767 1280 769 1280 770 1281 769 1281 771 1281 770 1282 771 1282 772 1282 773 1283 515 1283 767 1283 773 1284 764 1284 515 1284 773 1285 767 1285 770 1285 774 1286 770 1286 772 1286 774 1287 772 1287 775 1287 774 1288 775 1288 776 1288 777 1289 773 1289 770 1289 777 1290 770 1290 774 1290 778 1291 774 1291 776 1291 778 1292 776 1292 779 1292 778 1293 779 1293 780 1293 781 1294 468 1294 471 1294 781 1295 466 1295 468 1295 781 1296 531 1296 764 1296 781 1297 764 1297 773 1297 781 1298 471 1298 531 1298 782 1299 777 1299 774 1299 783 1300 780 1300 784 1300 783 1301 784 1301 785 1301 783 1302 778 1302 780 1302 786 1303 464 1303 466 1303 786 1304 460 1304 464 1304 786 1305 466 1305 781 1305 786 1306 773 1306 777 1306 786 1307 781 1307 773 1307 787 1308 782 1308 774 1308 787 1309 774 1309 778 1309 788 1310 785 1310 789 1310 788 1311 789 1311 790 1311 788 1312 783 1312 785 1312 791 1313 461 1313 460 1313 791 1314 456 1314 461 1314 791 1315 777 1315 782 1315 791 1316 460 1316 786 1316 791 1317 786 1317 777 1317 792 1318 787 1318 778 1318 792 1319 778 1319 783 1319 792 1320 783 1320 788 1320 793 1321 790 1321 794 1321 793 1322 794 1322 795 1322 793 1323 788 1323 790 1323 796 1324 456 1324 791 1324 796 1325 457 1325 456 1325 796 1326 452 1326 457 1326 796 1327 782 1327 787 1327 796 1328 791 1328 782 1328 797 1329 792 1329 788 1329 798 1330 793 1330 795 1330 798 1331 795 1331 799 1331 798 1332 799 1332 800 1332 801 1333 453 1333 452 1333 801 1334 450 1334 453 1334 801 1335 787 1335 792 1335 801 1336 452 1336 796 1336 801 1337 796 1337 787 1337 802 1338 797 1338 788 1338 802 1339 788 1339 793 1339 803 1340 800 1340 804 1340 803 1341 804 1341 805 1341 803 1342 798 1342 800 1342 806 1343 797 1343 802 1343 806 1344 448 1344 450 1344 806 1345 446 1345 448 1345 806 1346 450 1346 801 1346 806 1347 792 1347 797 1347 806 1348 801 1348 792 1348 807 1349 798 1349 803 1349 807 1350 793 1350 798 1350 807 1351 802 1351 793 1351 808 1352 803 1352 805 1352 808 1353 805 1353 809 1353 808 1354 809 1354 810 1354 811 1355 444 1355 446 1355 811 1356 442 1356 444 1356 811 1357 446 1357 806 1357 811 1358 806 1358 802 1358 506 1359 807 1359 803 1359 812 1360 808 1360 810 1360 812 1361 810 1361 813 1361 812 1362 813 1362 814 1362 815 1363 440 1363 442 1363 815 1364 438 1364 440 1364 815 1365 811 1365 802 1365 815 1366 807 1366 506 1366 815 1367 802 1367 807 1367 815 1368 442 1368 811 1368 519 1369 506 1369 803 1369 519 1370 803 1370 808 1370 508 1371 812 1371 814 1371 508 1372 814 1372 816 1372 508 1373 816 1373 817 1373 505 1374 436 1374 438 1374 505 1375 434 1375 436 1375 505 1376 815 1376 506 1376 505 1377 438 1377 815 1377 510 1378 808 1378 812 1378 510 1379 812 1379 508 1379 510 1380 519 1380 808 1380 509 1381 817 1381 818 1381 509 1382 818 1382 512 1382 509 1383 508 1383 817 1383 504 1384 506 1384 519 1384 504 1385 432 1385 434 1385 819 1386 820 1386 821 1386 819 1387 821 1387 822 1387 823 1388 824 1388 825 1388 823 1389 826 1389 827 1389 823 1390 827 1390 824 1390 828 1391 829 1391 830 1391 831 1392 822 1392 832 1392 831 1393 819 1393 822 1393 831 1394 832 1394 833 1394 834 1395 823 1395 825 1395 835 1396 768 1396 517 1396 835 1397 769 1397 768 1397 835 1398 517 1398 836 1398 835 1399 836 1399 837 1399 835 1400 837 1400 826 1400 838 1401 831 1401 833 1401 838 1402 833 1402 839 1402 838 1403 839 1403 840 1403 841 1404 825 1404 819 1404 841 1405 834 1405 825 1405 842 1406 771 1406 769 1406 842 1407 772 1407 771 1407 842 1408 769 1408 835 1408 842 1409 826 1409 823 1409 842 1410 835 1410 826 1410 843 1411 838 1411 840 1411 843 1412 840 1412 844 1412 843 1413 844 1413 845 1413 846 1414 819 1414 831 1414 846 1415 831 1415 838 1415 846 1416 841 1416 819 1416 847 1417 775 1417 772 1417 847 1418 776 1418 775 1418 517 1419 516 1419 836 1419 847 1420 772 1420 842 1420 847 1421 842 1421 823 1421 847 1422 823 1422 834 1422 848 1423 843 1423 845 1423 848 1424 845 1424 849 1424 848 1425 849 1425 850 1425 851 1426 846 1426 838 1426 852 1427 776 1427 847 1427 852 1428 779 1428 776 1428 852 1429 780 1429 779 1429 852 1430 834 1430 841 1430 852 1431 847 1431 834 1431 853 1432 850 1432 854 1432 853 1433 854 1433 855 1433 853 1434 848 1434 850 1434 856 1435 838 1435 843 1435 856 1436 851 1436 838 1436 857 1437 784 1437 780 1437 857 1438 785 1438 784 1438 857 1439 846 1439 851 1439 857 1440 852 1440 841 1440 857 1441 780 1441 852 1441 857 1442 841 1442 846 1442 858 1443 855 1443 859 1443 858 1444 859 1444 860 1444 858 1445 853 1445 855 1445 861 1446 848 1446 853 1446 861 1447 856 1447 843 1447 861 1448 843 1448 848 1448 862 1449 789 1449 785 1449 862 1450 790 1450 789 1450 862 1451 785 1451 857 1451 862 1452 857 1452 851 1452 863 1453 860 1453 864 1453 863 1454 864 1454 865 1454 863 1455 858 1455 860 1455 866 1456 861 1456 853 1456 867 1457 794 1457 790 1457 867 1458 795 1458 794 1458 867 1459 851 1459 856 1459 867 1460 862 1460 851 1460 867 1461 790 1461 862 1461 868 1462 863 1462 865 1462 868 1463 865 1463 869 1463 868 1464 869 1464 870 1464 871 1465 853 1465 858 1465 871 1466 866 1466 853 1466 872 1467 799 1467 795 1467 872 1468 800 1468 799 1468 872 1469 867 1469 856 1469 872 1470 795 1470 867 1470 872 1471 856 1471 861 1471 873 1472 868 1472 870 1472 873 1473 870 1473 874 1473 873 1474 874 1474 875 1474 876 1475 858 1475 863 1475 876 1476 871 1476 858 1476 877 1477 804 1477 800 1477 877 1478 805 1478 804 1478 877 1479 800 1479 872 1479 877 1480 872 1480 861 1480 877 1481 861 1481 866 1481 878 1482 873 1482 875 1482 878 1483 875 1483 879 1483 878 1484 879 1484 880 1484 881 1485 876 1485 863 1485 881 1486 863 1486 868 1486 882 1487 877 1487 866 1487 882 1488 809 1488 805 1488 882 1489 810 1489 809 1489 882 1490 866 1490 871 1490 882 1491 871 1491 876 1491 882 1492 805 1492 877 1492 883 1493 880 1493 884 1493 883 1494 884 1494 885 1494 883 1495 878 1495 880 1495 886 1496 868 1496 873 1496 886 1497 881 1497 868 1497 887 1498 813 1498 810 1498 887 1499 814 1499 813 1499 887 1500 882 1500 876 1500 887 1501 810 1501 882 1501 888 1502 883 1502 885 1502 888 1503 885 1503 889 1503 888 1504 889 1504 890 1504 891 1505 873 1505 878 1505 891 1506 886 1506 873 1506 892 1507 814 1507 887 1507 892 1508 816 1508 814 1508 892 1509 817 1509 816 1509 892 1510 876 1510 881 1510 892 1511 887 1511 876 1511 892 1512 881 1512 886 1512 893 1513 888 1513 890 1513 893 1514 890 1514 894 1514 893 1515 894 1515 895 1515 896 1516 878 1516 883 1516 896 1517 891 1517 878 1517 896 1518 883 1518 888 1518 897 1519 818 1519 817 1519 897 1520 512 1520 818 1520 897 1521 817 1521 892 1521 897 1522 892 1522 886 1522 898 1523 895 1523 899 1523 898 1524 899 1524 900 1524 898 1525 893 1525 895 1525 901 1526 896 1526 888 1526 901 1527 888 1527 893 1527 902 1528 513 1528 512 1528 902 1529 514 1529 513 1529 902 1530 897 1530 886 1530 902 1531 886 1531 891 1531 902 1532 512 1532 897 1532 903 1533 898 1533 900 1533 903 1534 900 1534 904 1534 903 1535 904 1535 905 1535 906 1536 901 1536 893 1536 907 1537 522 1537 514 1537 907 1538 523 1538 522 1538 907 1539 902 1539 891 1539 907 1540 514 1540 902 1540 907 1541 891 1541 896 1541 907 1542 896 1542 901 1542 908 1543 903 1543 905 1543 908 1544 905 1544 909 1544 908 1545 909 1545 910 1545 911 1546 906 1546 893 1546 911 1547 893 1547 898 1547 912 1548 523 1548 907 1548 912 1549 527 1549 523 1549 912 1550 528 1550 527 1550 912 1551 907 1551 901 1551 913 1552 908 1552 910 1552 913 1553 910 1553 914 1553 913 1554 914 1554 915 1554 916 1555 911 1555 898 1555 916 1556 903 1556 908 1556 916 1557 898 1557 903 1557 917 1558 912 1558 901 1558 917 1559 901 1559 906 1559 917 1560 528 1560 912 1560 917 1561 533 1561 528 1561 917 1562 534 1562 533 1562 918 1563 915 1563 919 1563 918 1564 919 1564 920 1564 918 1565 913 1565 915 1565 921 1566 916 1566 908 1566 922 1567 917 1567 906 1567 922 1568 534 1568 917 1568 922 1569 538 1569 534 1569 922 1570 539 1570 538 1570 922 1571 906 1571 911 1571 923 1572 918 1572 920 1572 923 1573 920 1573 924 1573 923 1574 924 1574 925 1574 926 1575 921 1575 908 1575 926 1576 908 1576 913 1576 927 1577 911 1577 916 1577 927 1578 543 1578 539 1578 927 1579 544 1579 543 1579 927 1580 916 1580 921 1580 927 1581 922 1581 911 1581 927 1582 539 1582 922 1582 928 1583 923 1583 925 1583 928 1584 925 1584 929 1584 928 1585 929 1585 930 1585 931 1586 913 1586 918 1586 931 1587 926 1587 913 1587 932 1588 544 1588 927 1588 932 1589 548 1589 544 1589 932 1590 549 1590 548 1590 932 1591 921 1591 926 1591 932 1592 927 1592 921 1592 933 1593 928 1593 930 1593 933 1594 930 1594 934 1594 933 1595 934 1595 935 1595 936 1596 918 1596 923 1596 936 1597 931 1597 918 1597 937 1598 549 1598 932 1598 937 1599 553 1599 549 1599 937 1600 554 1600 553 1600 937 1601 932 1601 926 1601 937 1602 926 1602 931 1602 938 1603 933 1603 935 1603 938 1604 935 1604 939 1604 938 1605 939 1605 940 1605 941 1606 936 1606 923 1606 941 1607 923 1607 928 1607 942 1608 931 1608 936 1608 942 1609 937 1609 931 1609 942 1610 558 1610 554 1610 942 1611 559 1611 558 1611 942 1612 554 1612 937 1612 943 1613 938 1613 940 1613 943 1614 940 1614 944 1614 943 1615 944 1615 945 1615 946 1616 933 1616 938 1616 946 1617 941 1617 928 1617 946 1618 928 1618 933 1618 947 1619 563 1619 559 1619 947 1620 564 1620 563 1620 947 1621 942 1621 936 1621 947 1622 559 1622 942 1622 948 1623 943 1623 945 1623 948 1624 945 1624 949 1624 948 1625 949 1625 950 1625 951 1626 946 1626 938 1626 952 1627 564 1627 947 1627 952 1628 936 1628 941 1628 952 1629 568 1629 564 1629 952 1630 569 1630 568 1630 952 1631 947 1631 936 1631 953 1632 948 1632 950 1632 953 1633 950 1633 954 1633 953 1634 954 1634 955 1634 956 1635 951 1635 938 1635 956 1636 938 1636 943 1636 957 1637 952 1637 941 1637 957 1638 941 1638 946 1638 957 1639 569 1639 952 1639 957 1640 573 1640 569 1640 957 1641 574 1641 573 1641 957 1642 946 1642 951 1642 958 1643 953 1643 955 1643 958 1644 955 1644 959 1644 958 1645 959 1645 960 1645 961 1646 956 1646 943 1646 961 1647 943 1647 948 1647 962 1648 957 1648 951 1648 962 1649 578 1649 574 1649 962 1650 579 1650 578 1650 962 1651 574 1651 957 1651 963 1652 958 1652 960 1652 963 1653 960 1653 964 1653 963 1654 964 1654 965 1654 966 1655 948 1655 953 1655 966 1656 961 1656 948 1656 967 1657 583 1657 579 1657 967 1658 584 1658 583 1658 967 1659 951 1659 956 1659 967 1660 962 1660 951 1660 967 1661 579 1661 962 1661 968 1662 963 1662 965 1662 968 1663 965 1663 969 1663 968 1664 969 1664 970 1664 971 1665 966 1665 953 1665 971 1666 953 1666 958 1666 972 1667 967 1667 956 1667 972 1668 584 1668 967 1668 972 1669 588 1669 584 1669 972 1670 589 1670 588 1670 972 1671 956 1671 961 1671 973 1672 968 1672 970 1672 973 1673 970 1673 974 1673 973 1674 974 1674 975 1674 976 1675 958 1675 963 1675 976 1676 971 1676 958 1676 977 1677 593 1677 589 1677 977 1678 594 1678 593 1678 977 1679 961 1679 966 1679 977 1680 972 1680 961 1680 977 1681 966 1681 971 1681 977 1682 589 1682 972 1682 978 1683 973 1683 975 1683 978 1684 975 1684 979 1684 978 1685 979 1685 980 1685 981 1686 976 1686 963 1686 981 1687 963 1687 968 1687 982 1688 598 1688 594 1688 982 1689 599 1689 598 1689 982 1690 594 1690 977 1690 982 1691 977 1691 971 1691 983 1692 978 1692 980 1692 983 1693 980 1693 984 1693 983 1694 984 1694 985 1694 986 1695 981 1695 968 1695 986 1696 968 1696 973 1696 986 1697 973 1697 978 1697 987 1698 603 1698 599 1698 987 1699 604 1699 603 1699 987 1700 599 1700 982 1700 987 1701 971 1701 976 1701 987 1702 982 1702 971 1702 988 1703 985 1703 989 1703 988 1704 989 1704 990 1704 988 1705 983 1705 985 1705 991 1706 986 1706 978 1706 992 1707 987 1707 976 1707 992 1708 608 1708 604 1708 992 1709 609 1709 608 1709 992 1710 976 1710 981 1710 992 1711 604 1711 987 1711 992 1712 981 1712 986 1712 993 1713 990 1713 994 1713 993 1714 994 1714 995 1714 993 1715 988 1715 990 1715 996 1716 991 1716 978 1716 996 1717 978 1717 983 1717 997 1718 992 1718 986 1718 997 1719 986 1719 991 1719 997 1720 613 1720 609 1720 997 1721 614 1721 613 1721 997 1722 609 1722 992 1722 998 1723 995 1723 999 1723 998 1724 999 1724 1000 1724 998 1725 993 1725 995 1725 1001 1726 983 1726 988 1726 1001 1727 996 1727 983 1727 1002 1728 614 1728 997 1728 1002 1729 997 1729 991 1729 1002 1730 618 1730 614 1730 1002 1731 619 1731 618 1731 1003 1732 1000 1732 1004 1732 1003 1733 1004 1733 1005 1733 1003 1734 998 1734 1000 1734 1006 1735 988 1735 993 1735 1006 1736 1001 1736 988 1736 1007 1737 619 1737 1002 1737 1007 1738 996 1738 1001 1738 1007 1739 991 1739 996 1739 1007 1740 1002 1740 991 1740 1007 1741 623 1741 619 1741 1007 1742 624 1742 623 1742 1008 1743 1005 1743 1009 1743 1008 1744 1009 1744 1010 1744 1008 1745 1003 1745 1005 1745 1011 1746 993 1746 998 1746 1011 1747 1006 1747 993 1747 1012 1748 1007 1748 1001 1748 1012 1749 628 1749 624 1749 1012 1750 629 1750 628 1750 1012 1751 624 1751 1007 1751 1013 1752 1010 1752 1014 1752 1013 1753 1014 1753 1015 1753 1013 1754 1008 1754 1010 1754 1016 1755 998 1755 1003 1755 1016 1756 1011 1756 998 1756 1017 1757 1012 1757 1001 1757 1017 1758 1001 1758 1006 1758 1017 1759 629 1759 1012 1759 1017 1760 633 1760 629 1760 1017 1761 634 1761 633 1761 1018 1762 1015 1762 1019 1762 1018 1763 1019 1763 1020 1763 1018 1764 1013 1764 1015 1764 1021 1765 1003 1765 1008 1765 1021 1766 1008 1766 1013 1766 1021 1767 1016 1767 1003 1767 1022 1768 634 1768 1017 1768 1022 1769 1006 1769 1011 1769 1022 1770 1017 1770 1006 1770 1022 1771 638 1771 634 1771 1022 1772 639 1772 638 1772 1023 1773 1020 1773 1024 1773 1023 1774 1024 1774 1025 1774 1023 1775 1018 1775 1020 1775 1026 1776 1021 1776 1013 1776 1027 1777 1011 1777 1016 1777 1027 1778 1022 1778 1011 1778 1027 1779 643 1779 639 1779 1027 1780 644 1780 643 1780 1027 1781 639 1781 1022 1781 1028 1782 1025 1782 1029 1782 1028 1783 1029 1783 1030 1783 1028 1784 1023 1784 1025 1784 1031 1785 1013 1785 1018 1785 1031 1786 1026 1786 1013 1786 1032 1787 1027 1787 1016 1787 1032 1788 644 1788 1027 1788 1032 1789 1016 1789 1021 1789 1032 1790 648 1790 644 1790 1032 1791 649 1791 648 1791 1033 1792 1030 1792 1034 1792 1033 1793 1034 1793 1035 1793 1033 1794 1028 1794 1030 1794 1036 1795 1018 1795 1023 1795 1036 1796 1031 1796 1018 1796 1036 1797 1023 1797 1028 1797 1037 1798 649 1798 1032 1798 1037 1799 1021 1799 1026 1799 1037 1800 1032 1800 1021 1800 1037 1801 653 1801 649 1801 1037 1802 654 1802 653 1802 1038 1803 1035 1803 1039 1803 1038 1804 1039 1804 1040 1804 1038 1805 1033 1805 1035 1805 1041 1806 1036 1806 1028 1806 1042 1807 654 1807 1037 1807 1042 1808 1026 1808 1031 1808 1042 1809 658 1809 654 1809 1042 1810 659 1810 658 1810 1042 1811 1037 1811 1026 1811 1043 1812 1040 1812 1044 1812 1043 1813 1044 1813 1045 1813 1043 1814 1038 1814 1040 1814 1046 1815 1028 1815 1033 1815 1046 1816 1041 1816 1028 1816 1046 1817 1033 1817 1038 1817 1047 1818 663 1818 659 1818 1047 1819 664 1819 663 1819 1047 1820 1031 1820 1036 1820 1047 1821 659 1821 1042 1821 1047 1822 1036 1822 1041 1822 1047 1823 1042 1823 1031 1823 1048 1824 1045 1824 1049 1824 1048 1825 1049 1825 1050 1825 1048 1826 1043 1826 1045 1826 1051 1827 1046 1827 1038 1827 1052 1828 664 1828 1047 1828 1052 1829 1047 1829 1041 1829 1052 1830 668 1830 664 1830 1052 1831 669 1831 668 1831 1053 1832 1048 1832 1050 1832 1053 1833 1050 1833 1054 1833 1053 1834 1054 1834 1055 1834 1056 1835 1038 1835 1043 1835 1056 1836 1051 1836 1038 1836 1057 1837 1052 1837 1041 1837 1057 1838 1041 1838 1046 1838 1057 1839 669 1839 1052 1839 1057 1840 673 1840 669 1840 1057 1841 674 1841 673 1841 1058 1842 1055 1842 1059 1842 1058 1843 1059 1843 1060 1843 1058 1844 1053 1844 1055 1844 1061 1845 1043 1845 1048 1845 1061 1846 1048 1846 1053 1846 1061 1847 1056 1847 1043 1847 1062 1848 1046 1848 1051 1848 1062 1849 1057 1849 1046 1849 1062 1850 678 1850 674 1850 1062 1851 679 1851 678 1851 1062 1852 674 1852 1057 1852 1063 1853 1058 1853 1060 1853 1063 1854 1060 1854 1064 1854 1063 1855 1064 1855 1065 1855 1066 1856 1061 1856 1053 1856 1067 1857 679 1857 1062 1857 1067 1858 1051 1858 1056 1858 1067 1859 1056 1859 1061 1859 1067 1860 1062 1860 1051 1860 1067 1861 683 1861 679 1861 1067 1862 684 1862 683 1862 1068 1863 1063 1863 1065 1863 1068 1864 1065 1864 1069 1864 1068 1865 1069 1865 1070 1865 1071 1866 1066 1866 1053 1866 1071 1867 1053 1867 1058 1867 1071 1868 1058 1868 1063 1868 1072 1869 684 1869 1067 1869 1072 1870 1061 1870 1066 1870 1072 1871 1067 1871 1061 1871 1072 1872 688 1872 684 1872 1072 1873 689 1873 688 1873 1073 1874 1068 1874 1070 1874 1073 1875 1070 1875 1074 1875 1073 1876 1074 1876 1075 1876 1076 1877 1063 1877 1068 1877 1076 1878 1071 1878 1063 1878 1077 1879 1072 1879 1066 1879 1077 1880 689 1880 1072 1880 1077 1881 693 1881 689 1881 1077 1882 694 1882 693 1882 1078 1883 1073 1883 1075 1883 1078 1884 1075 1884 1079 1884 1078 1885 1079 1885 1080 1885 1081 1886 1076 1886 1068 1886 1082 1887 699 1887 698 1887 1082 1888 1066 1888 1071 1888 1082 1889 1077 1889 1066 1889 1082 1890 1071 1890 1076 1890 1082 1891 694 1891 1077 1891 1082 1892 698 1892 694 1892 1083 1893 1080 1893 1084 1893 1083 1894 1084 1894 1085 1894 1083 1895 1078 1895 1080 1895 1086 1896 1068 1896 1073 1896 1086 1897 1081 1897 1068 1897 1087 1898 703 1898 699 1898 1087 1899 704 1899 703 1899 1087 1900 699 1900 1082 1900 1087 1901 1076 1901 1081 1901 1087 1902 1082 1902 1076 1902 1088 1903 1083 1903 1085 1903 1088 1904 1085 1904 1089 1904 1088 1905 1089 1905 1090 1905 1091 1906 1073 1906 1078 1906 1091 1907 1086 1907 1073 1907 1091 1908 1078 1908 1083 1908 1092 1909 708 1909 704 1909 1092 1910 709 1910 708 1910 1092 1911 704 1911 1087 1911 1092 1912 1087 1912 1081 1912 1093 1913 1090 1913 1094 1913 1093 1914 1094 1914 1095 1914 1093 1915 1088 1915 1090 1915 1096 1916 1091 1916 1083 1916 1097 1917 713 1917 709 1917 1097 1918 714 1918 713 1918 1097 1919 1081 1919 1086 1919 1097 1920 709 1920 1092 1920 1097 1921 1092 1921 1081 1921 1098 1922 1093 1922 1095 1922 1098 1923 1095 1923 1099 1923 1098 1924 1099 1924 1100 1924 1101 1925 1083 1925 1088 1925 1101 1926 1096 1926 1083 1926 1102 1927 718 1927 714 1927 1102 1928 719 1928 718 1928 1102 1929 714 1929 1097 1929 1102 1930 1097 1930 1086 1930 1102 1931 1086 1931 1091 1931 1103 1932 1100 1932 1104 1932 1103 1933 1104 1933 1105 1933 1103 1934 1098 1934 1100 1934 1106 1935 1088 1935 1093 1935 1106 1936 1101 1936 1088 1936 1107 1937 723 1937 719 1937 1107 1938 724 1938 723 1938 1107 1939 1102 1939 1091 1939 1107 1940 719 1940 1102 1940 1107 1941 1091 1941 1096 1941 1108 1942 1105 1942 1109 1942 1108 1943 1109 1943 1110 1943 1108 1944 1103 1944 1105 1944 1111 1945 1106 1945 1093 1945 1111 1946 1093 1946 1098 1946 1112 1947 1096 1947 1101 1947 1112 1948 728 1948 724 1948 1112 1949 729 1949 728 1949 1112 1950 1101 1950 1106 1950 1112 1951 1107 1951 1096 1951 1112 1952 724 1952 1107 1952 1113 1953 1108 1953 1110 1953 1113 1954 1110 1954 1114 1954 1113 1955 1114 1955 1115 1955 1116 1956 1098 1956 1103 1956 1116 1957 1111 1957 1098 1957 1117 1958 729 1958 1112 1958 1117 1959 733 1959 729 1959 1117 1960 734 1960 733 1960 1117 1961 1112 1961 1106 1961 1118 1962 1113 1962 1115 1962 1118 1963 1119 1963 828 1963 1118 1964 1115 1964 1120 1964 1118 1965 1120 1965 1119 1965 1121 1966 1103 1966 1108 1966 1121 1967 1116 1967 1103 1967 1122 1968 738 1968 734 1968 1122 1969 739 1969 738 1969 1122 1970 1106 1970 1111 1970 1122 1971 734 1971 1117 1971 1122 1972 1117 1972 1106 1972 1123 1973 1121 1973 1108 1973 1123 1974 1108 1974 1113 1974 1124 1975 743 1975 739 1975 1124 1976 744 1976 743 1976 1124 1977 739 1977 1122 1977 1124 1978 1122 1978 1111 1978 1124 1979 1116 1979 1121 1979 1124 1980 1111 1980 1116 1980 1125 1981 1113 1981 1118 1981 1125 1982 1123 1982 1113 1982 1125 1983 1118 1983 828 1983 1125 1984 828 1984 837 1984 1126 1985 748 1985 744 1985 1126 1986 749 1986 748 1986 1126 1987 1124 1987 1121 1987 1126 1988 744 1988 1124 1988 1127 1989 1121 1989 1123 1989 1127 1990 753 1990 749 1990 1127 1991 754 1991 753 1991 1127 1992 749 1992 1126 1992 1127 1993 1123 1993 1125 1993 1127 1994 1126 1994 1121 1994 1128 1995 759 1995 754 1995 1128 1996 758 1996 759 1996 1128 1997 754 1997 1127 1997 1128 1998 1125 1998 837 1998 1128 1999 837 1999 836 1999 1128 2000 1127 2000 1125 2000 1128 2001 836 2001 758 2001 828 2002 1119 2002 829 2002 516 2003 758 2003 836 2003 827 2004 830 2004 1129 2004 827 2005 1129 2005 1130 2005 827 2006 828 2006 830 2006 824 2007 827 2007 1130 2007 824 2008 1130 2008 1131 2008 824 2009 1131 2009 1132 2009 825 2010 824 2010 1132 2010 825 2011 1132 2011 1133 2011 825 2012 1133 2012 820 2012 826 2013 828 2013 827 2013 826 2014 837 2014 828 2014 819 2015 825 2015 820 2015 829 2016 1134 2016 830 2016 1135 2017 1134 2017 829 2017 830 2018 1136 2018 1129 2018 1129 2019 1136 2019 1130 2019 1134 2020 1136 2020 830 2020 1136 2021 1137 2021 1130 2021 1130 2022 1138 2022 1131 2022 1131 2023 1138 2023 1132 2023 1137 2024 1138 2024 1130 2024 1138 2025 1139 2025 1132 2025 1132 2026 1140 2026 1133 2026 1139 2027 1140 2027 1132 2027 1133 2028 1141 2028 820 2028 1140 2029 1141 2029 1133 2029 820 2030 1142 2030 821 2030 1141 2031 1142 2031 820 2031 821 2032 1143 2032 822 2032 1142 2033 1143 2033 821 2033 822 2034 1144 2034 832 2034 1143 2035 1144 2035 822 2035 1144 2036 1145 2036 832 2036 832 2037 1145 2037 833 2037 1145 2038 1146 2038 833 2038 833 2039 1146 2039 839 2039 1146 2040 1147 2040 839 2040 839 2041 1147 2041 840 2041 840 2042 1148 2042 844 2042 1147 2043 1148 2043 840 2043 844 2044 1149 2044 845 2044 1148 2045 1149 2045 844 2045 845 2046 1150 2046 849 2046 1149 2047 1150 2047 845 2047 849 2048 1151 2048 850 2048 1150 2049 1151 2049 849 2049 850 2050 1152 2050 854 2050 1151 2051 1152 2051 850 2051 854 2052 1153 2052 855 2052 1152 2053 1153 2053 854 2053 855 2054 1154 2054 859 2054 1153 2055 1154 2055 855 2055 859 2056 1155 2056 860 2056 1154 2057 1155 2057 859 2057 860 2058 1156 2058 864 2058 864 2059 1156 2059 865 2059 1155 2060 1156 2060 860 2060 1156 2061 1157 2061 865 2061 865 2062 1158 2062 869 2062 1157 2063 1158 2063 865 2063 869 2064 1159 2064 870 2064 1158 2065 1159 2065 869 2065 870 2066 1160 2066 874 2066 874 2067 1160 2067 875 2067 1159 2068 1160 2068 870 2068 875 2069 1161 2069 879 2069 1160 2070 1161 2070 875 2070 1161 2071 1162 2071 879 2071 879 2072 1163 2072 880 2072 880 2073 1163 2073 884 2073 1162 2074 1163 2074 879 2074 1163 2075 1164 2075 884 2075 884 2076 1165 2076 885 2076 1164 2077 1165 2077 884 2077 885 2078 1166 2078 889 2078 889 2079 1166 2079 890 2079 1165 2080 1166 2080 885 2080 1166 2081 1167 2081 890 2081 890 2082 1168 2082 894 2082 1167 2083 1168 2083 890 2083 894 2084 1169 2084 895 2084 1168 2085 1169 2085 894 2085 895 2086 1170 2086 899 2086 1169 2087 1170 2087 895 2087 899 2088 1171 2088 900 2088 1170 2089 1171 2089 899 2089 1171 2090 1172 2090 900 2090 900 2091 1172 2091 904 2091 904 2092 1172 2092 905 2092 1172 2093 1173 2093 905 2093 905 2094 1173 2094 909 2094 1173 2095 1174 2095 909 2095 1174 2096 1175 2096 909 2096 909 2097 1175 2097 910 2097 1175 2098 1176 2098 910 2098 910 2099 1176 2099 914 2099 1176 2100 1177 2100 914 2100 914 2101 1177 2101 915 2101 1177 2102 1178 2102 915 2102 915 2103 1178 2103 919 2103 1178 2104 1179 2104 919 2104 919 2105 1179 2105 920 2105 1179 2106 1180 2106 920 2106 920 2107 1180 2107 924 2107 1180 2108 1181 2108 924 2108 924 2109 1181 2109 925 2109 925 2110 1182 2110 929 2110 1181 2111 1182 2111 925 2111 929 2112 1183 2112 930 2112 1182 2113 1183 2113 929 2113 930 2114 1184 2114 934 2114 1183 2115 1184 2115 930 2115 934 2116 1185 2116 935 2116 1184 2117 1185 2117 934 2117 935 2118 1186 2118 939 2118 1185 2119 1186 2119 935 2119 939 2120 1187 2120 940 2120 1186 2121 1187 2121 939 2121 940 2122 1188 2122 944 2122 1187 2123 1188 2123 940 2123 944 2124 1189 2124 945 2124 1188 2125 1189 2125 944 2125 945 2126 1190 2126 949 2126 1189 2127 1190 2127 945 2127 949 2128 1191 2128 950 2128 1190 2129 1191 2129 949 2129 950 2130 1192 2130 954 2130 1191 2131 1192 2131 950 2131 954 2132 1193 2132 955 2132 1192 2133 1193 2133 954 2133 955 2134 1194 2134 959 2134 959 2135 1194 2135 960 2135 1193 2136 1194 2136 955 2136 960 2137 1195 2137 964 2137 1194 2138 1195 2138 960 2138 1195 2139 1196 2139 964 2139 964 2140 1196 2140 965 2140 1196 2141 1197 2141 965 2141 965 2142 1197 2142 969 2142 1197 2143 1198 2143 969 2143 969 2144 1198 2144 970 2144 1198 2145 1199 2145 970 2145 1199 2146 1200 2146 970 2146 970 2147 1200 2147 974 2147 974 2148 1200 2148 975 2148 1200 2149 1201 2149 975 2149 975 2150 1201 2150 979 2150 1201 2151 1202 2151 979 2151 979 2152 1202 2152 980 2152 1202 2153 1203 2153 980 2153 980 2154 1203 2154 984 2154 1203 2155 1204 2155 984 2155 1204 2156 1205 2156 984 2156 984 2157 1205 2157 985 2157 1205 2158 1206 2158 985 2158 985 2159 1206 2159 989 2159 989 2160 1206 2160 990 2160 1206 2161 1207 2161 990 2161 1207 2162 1208 2162 990 2162 990 2163 1208 2163 994 2163 994 2164 1208 2164 995 2164 1208 2165 1209 2165 995 2165 1209 2166 1210 2166 995 2166 995 2167 1210 2167 999 2167 999 2168 1210 2168 1000 2168 1210 2169 1211 2169 1000 2169 1211 2170 1212 2170 1000 2170 1000 2171 1212 2171 1004 2171 1212 2172 1213 2172 1004 2172 1004 2173 1213 2173 1005 2173 1213 2174 1214 2174 1005 2174 1005 2175 1214 2175 1009 2175 1009 2176 1214 2176 1010 2176 1214 2177 1215 2177 1010 2177 1010 2178 1215 2178 1014 2178 1014 2179 1216 2179 1015 2179 1215 2180 1216 2180 1014 2180 1216 2181 1217 2181 1015 2181 1015 2182 1218 2182 1019 2182 1019 2183 1218 2183 1020 2183 1217 2184 1218 2184 1015 2184 1218 2185 1219 2185 1020 2185 1020 2186 1220 2186 1024 2186 1219 2187 1220 2187 1020 2187 1024 2188 1221 2188 1025 2188 1220 2189 1221 2189 1024 2189 1221 2190 1222 2190 1025 2190 1025 2191 1222 2191 1029 2191 1222 2192 1223 2192 1029 2192 1029 2193 1223 2193 1030 2193 1030 2194 1223 2194 1034 2194 1223 2195 1224 2195 1034 2195 1034 2196 1224 2196 1035 2196 1224 2197 1225 2197 1035 2197 1035 2198 1225 2198 1039 2198 1225 2199 1226 2199 1039 2199 1226 2200 1227 2200 1039 2200 1039 2201 1227 2201 1040 2201 1040 2202 1227 2202 1044 2202 1227 2203 1228 2203 1044 2203 1044 2204 1228 2204 1045 2204 1228 2205 1229 2205 1045 2205 1229 2206 1230 2206 1045 2206 1045 2207 1230 2207 1049 2207 1230 2208 1231 2208 1049 2208 1049 2209 1231 2209 1050 2209 1231 2210 1232 2210 1050 2210 1050 2211 1232 2211 1054 2211 1054 2212 1232 2212 1055 2212 1232 2213 1233 2213 1055 2213 1233 2214 1234 2214 1055 2214 1055 2215 1234 2215 1059 2215 1059 2216 1235 2216 1060 2216 1234 2217 1235 2217 1059 2217 1060 2218 1236 2218 1064 2218 1235 2219 1236 2219 1060 2219 1064 2220 1237 2220 1065 2220 1236 2221 1237 2221 1064 2221 1065 2222 1238 2222 1069 2222 1069 2223 1238 2223 1070 2223 1237 2224 1238 2224 1065 2224 1238 2225 1239 2225 1070 2225 1070 2226 1240 2226 1074 2226 1239 2227 1240 2227 1070 2227 1074 2228 1241 2228 1075 2228 1240 2229 1241 2229 1074 2229 1075 2230 1242 2230 1079 2230 1241 2231 1242 2231 1075 2231 1079 2232 1243 2232 1080 2232 1242 2233 1243 2233 1079 2233 1080 2234 1244 2234 1084 2234 1084 2235 1244 2235 1085 2235 1243 2236 1244 2236 1080 2236 1244 2237 1245 2237 1085 2237 1245 2238 1246 2238 1085 2238 1085 2239 1246 2239 1089 2239 1246 2240 1247 2240 1089 2240 1089 2241 1247 2241 1090 2241 1090 2242 1247 2242 1094 2242 1247 2243 1248 2243 1094 2243 1094 2244 1248 2244 1095 2244 1248 2245 1249 2245 1095 2245 1249 2246 1250 2246 1095 2246 1095 2247 1250 2247 1099 2247 1099 2248 1251 2248 1100 2248 1100 2249 1251 2249 1104 2249 1250 2250 1251 2250 1099 2250 1251 2251 1252 2251 1104 2251 1104 2252 1253 2252 1105 2252 1252 2253 1253 2253 1104 2253 1105 2254 1254 2254 1109 2254 1109 2255 1254 2255 1110 2255 1253 2256 1254 2256 1105 2256 1254 2257 1255 2257 1110 2257 1110 2258 1256 2258 1114 2258 1255 2259 1256 2259 1110 2259 1114 2260 1257 2260 1115 2260 1256 2261 1257 2261 1114 2261 1115 2262 1258 2262 1120 2262 1257 2263 1258 2263 1115 2263 1120 2264 1259 2264 1119 2264 1119 2265 1259 2265 829 2265 1258 2266 1259 2266 1120 2266 1259 2267 1135 2267 829 2267 1141 2268 1260 2268 1142 2268 1142 2269 1260 2269 1143 2269 1261 2270 1260 2270 1141 2270 1262 2271 1263 2271 1264 2271 1264 2272 1263 2272 1265 2272 1135 2273 1266 2273 1134 2273 1143 2274 1267 2274 1144 2274 1144 2275 1267 2275 1145 2275 1260 2276 1267 2276 1143 2276 1265 2277 1268 2277 1261 2277 1263 2278 1268 2278 1265 2278 1269 2279 1270 2279 1271 2279 1272 2280 1270 2280 1269 2280 1271 2281 1270 2281 1273 2281 1273 2282 1270 2282 1274 2282 1274 2283 1270 2283 1262 2283 1267 2284 1275 2284 1145 2284 1145 2285 1275 2285 1146 2285 1146 2286 1275 2286 1147 2286 1261 2287 1276 2287 1260 2287 1268 2288 1276 2288 1261 2288 1277 2289 1278 2289 1272 2289 1279 2290 1278 2290 1277 2290 1272 2291 1278 2291 1270 2291 1262 2292 1278 2292 1263 2292 1270 2293 1278 2293 1262 2293 1275 2294 1280 2294 1147 2294 1147 2295 1280 2295 1148 2295 1148 2296 1280 2296 1149 2296 1276 2297 1281 2297 1260 2297 1260 2298 1281 2298 1267 2298 1282 2299 1283 2299 1279 2299 1284 2300 1283 2300 1282 2300 1285 2301 1271 2301 1273 2301 1279 2302 1283 2302 1278 2302 1278 2303 1283 2303 1263 2303 1263 2304 1283 2304 1268 2304 1280 2305 1286 2305 1149 2305 1149 2306 1286 2306 1150 2306 1150 2307 1286 2307 1151 2307 1281 2308 1287 2308 1267 2308 1275 2309 1287 2309 1280 2309 1267 2310 1287 2310 1275 2310 1288 2311 1289 2311 1284 2311 1290 2312 1289 2312 1288 2312 1284 2313 1289 2313 1283 2313 1268 2314 1289 2314 1276 2314 1283 2315 1289 2315 1268 2315 1151 2316 1291 2316 1152 2316 1152 2317 1291 2317 1153 2317 1286 2318 1291 2318 1151 2318 1287 2319 1292 2319 1280 2319 1293 2320 1294 2320 1290 2320 1295 2321 1294 2321 1293 2321 1290 2322 1294 2322 1289 2322 1289 2323 1294 2323 1276 2323 1276 2324 1294 2324 1281 2324 1291 2325 1296 2325 1153 2325 1153 2326 1296 2326 1154 2326 1154 2327 1296 2327 1155 2327 1280 2328 1297 2328 1286 2328 1292 2329 1297 2329 1280 2329 1298 2330 1299 2330 1295 2330 1300 2331 1299 2331 1298 2331 1295 2332 1299 2332 1294 2332 1281 2333 1299 2333 1287 2333 1294 2334 1299 2334 1281 2334 1296 2335 1301 2335 1155 2335 1155 2336 1301 2336 1156 2336 1156 2337 1301 2337 1157 2337 1297 2338 1302 2338 1286 2338 1286 2339 1302 2339 1291 2339 1303 2340 1304 2340 1300 2340 1305 2341 1304 2341 1303 2341 1299 2342 1304 2342 1287 2342 1287 2343 1304 2343 1292 2343 1300 2344 1304 2344 1299 2344 1301 2345 1306 2345 1157 2345 1157 2346 1306 2346 1158 2346 1158 2347 1306 2347 1159 2347 1302 2348 1307 2348 1291 2348 1291 2349 1307 2349 1296 2349 1308 2350 1309 2350 1305 2350 1310 2351 1309 2351 1308 2351 1292 2352 1309 2352 1297 2352 1305 2353 1309 2353 1304 2353 1297 2354 1309 2354 1302 2354 1304 2355 1309 2355 1292 2355 1159 2356 1311 2356 1160 2356 1160 2357 1311 2357 1161 2357 1306 2358 1311 2358 1159 2358 1296 2359 1312 2359 1301 2359 1307 2360 1312 2360 1296 2360 1301 2361 1312 2361 1306 2361 1313 2362 1314 2362 1310 2362 1315 2363 1314 2363 1313 2363 1309 2364 1314 2364 1302 2364 1310 2365 1314 2365 1309 2365 1161 2366 1316 2366 1162 2366 1162 2367 1316 2367 1163 2367 1311 2368 1316 2368 1161 2368 1312 2369 1317 2369 1306 2369 1314 2370 1318 2370 1302 2370 1319 2371 1318 2371 1315 2371 1320 2372 1318 2372 1319 2372 1302 2373 1318 2373 1307 2373 1315 2374 1318 2374 1314 2374 1163 2375 1321 2375 1164 2375 1164 2376 1321 2376 1165 2376 1316 2377 1321 2377 1163 2377 1317 2378 1322 2378 1306 2378 1306 2379 1322 2379 1311 2379 1312 2380 1323 2380 1317 2380 1307 2381 1323 2381 1312 2381 1324 2382 1323 2382 1320 2382 1325 2383 1323 2383 1324 2383 1320 2384 1323 2384 1318 2384 1318 2385 1323 2385 1307 2385 1321 2386 1326 2386 1165 2386 1165 2387 1326 2387 1166 2387 1166 2388 1326 2388 1167 2388 1311 2389 1327 2389 1316 2389 1316 2390 1327 2390 1321 2390 1322 2391 1327 2391 1311 2391 1328 2392 1329 2392 1325 2392 1330 2393 1329 2393 1328 2393 1325 2394 1329 2394 1323 2394 1323 2395 1329 2395 1317 2395 1326 2396 1331 2396 1167 2396 1167 2397 1331 2397 1168 2397 1168 2398 1331 2398 1169 2398 1327 2399 1332 2399 1321 2399 1322 2400 1333 2400 1327 2400 1334 2401 1333 2401 1330 2401 1335 2402 1333 2402 1334 2402 1317 2403 1333 2403 1322 2403 1330 2404 1333 2404 1329 2404 1329 2405 1333 2405 1317 2405 1169 2406 1336 2406 1170 2406 1170 2407 1336 2407 1171 2407 1331 2408 1336 2408 1169 2408 1332 2409 1337 2409 1321 2409 1321 2410 1337 2410 1326 2410 1326 2411 1337 2411 1331 2411 1338 2412 1339 2412 1335 2412 1340 2413 1339 2413 1338 2413 1327 2414 1339 2414 1332 2414 1333 2415 1339 2415 1327 2415 1335 2416 1339 2416 1333 2416 1336 2417 1341 2417 1171 2417 1171 2418 1341 2418 1172 2418 1172 2419 1341 2419 1173 2419 1331 2420 1342 2420 1336 2420 1337 2421 1342 2421 1331 2421 1339 2422 1343 2422 1332 2422 1344 2423 1343 2423 1340 2423 1345 2424 1343 2424 1344 2424 1340 2425 1343 2425 1339 2425 1173 2426 1346 2426 1174 2426 1174 2427 1346 2427 1175 2427 1341 2428 1346 2428 1173 2428 1336 2429 1347 2429 1341 2429 1342 2430 1347 2430 1336 2430 1348 2431 1349 2431 1345 2431 1350 2432 1349 2432 1348 2432 1345 2433 1349 2433 1343 2433 1343 2434 1349 2434 1332 2434 1332 2435 1349 2435 1337 2435 1346 2436 1351 2436 1175 2436 1175 2437 1351 2437 1176 2437 1176 2438 1351 2438 1177 2438 1347 2439 1352 2439 1341 2439 1353 2440 1354 2440 1350 2440 1355 2441 1354 2441 1353 2441 1349 2442 1354 2442 1337 2442 1337 2443 1354 2443 1342 2443 1350 2444 1354 2444 1349 2444 1177 2445 1356 2445 1178 2445 1178 2446 1356 2446 1179 2446 1351 2447 1356 2447 1177 2447 1341 2448 1357 2448 1346 2448 1346 2449 1357 2449 1351 2449 1352 2450 1357 2450 1341 2450 1358 2451 1359 2451 1355 2451 1360 2452 1359 2452 1358 2452 1355 2453 1359 2453 1354 2453 1342 2454 1359 2454 1347 2454 1354 2455 1359 2455 1342 2455 1356 2456 1361 2456 1179 2456 1179 2457 1361 2457 1180 2457 1180 2458 1361 2458 1181 2458 1357 2459 1362 2459 1351 2459 1363 2460 1364 2460 1360 2460 1365 2461 1364 2461 1363 2461 1347 2462 1364 2462 1352 2462 1359 2463 1364 2463 1347 2463 1360 2464 1364 2464 1359 2464 1361 2465 1366 2465 1181 2465 1181 2466 1366 2466 1182 2466 1182 2467 1366 2467 1183 2467 1362 2468 1367 2468 1351 2468 1356 2469 1367 2469 1361 2469 1351 2470 1367 2470 1356 2470 1365 2471 1368 2471 1364 2471 1352 2472 1368 2472 1357 2472 1369 2473 1368 2473 1365 2473 1370 2474 1368 2474 1369 2474 1364 2475 1368 2475 1352 2475 1366 2476 1371 2476 1183 2476 1183 2477 1371 2477 1184 2477 1184 2478 1371 2478 1185 2478 1361 2479 1372 2479 1366 2479 1367 2480 1372 2480 1361 2480 1362 2481 1373 2481 1367 2481 1368 2482 1373 2482 1357 2482 1357 2483 1373 2483 1362 2483 1370 2484 1373 2484 1368 2484 1374 2485 1373 2485 1370 2485 1375 2486 1373 2486 1374 2486 1371 2487 1376 2487 1185 2487 1185 2488 1376 2488 1186 2488 1186 2489 1376 2489 1187 2489 1372 2490 1377 2490 1366 2490 1366 2491 1377 2491 1371 2491 1367 2492 1378 2492 1372 2492 1373 2493 1378 2493 1367 2493 1379 2494 1378 2494 1375 2494 1380 2495 1378 2495 1379 2495 1375 2496 1378 2496 1373 2496 1376 2497 1381 2497 1187 2497 1187 2498 1381 2498 1188 2498 1188 2499 1381 2499 1189 2499 1377 2500 1382 2500 1371 2500 1378 2501 1383 2501 1372 2501 1380 2502 1383 2502 1378 2502 1384 2503 1383 2503 1380 2503 1385 2504 1383 2504 1384 2504 1381 2505 1386 2505 1189 2505 1189 2506 1386 2506 1190 2506 1190 2507 1386 2507 1191 2507 1371 2508 1387 2508 1376 2508 1382 2509 1387 2509 1371 2509 1383 2510 1388 2510 1372 2510 1385 2511 1388 2511 1383 2511 1389 2512 1388 2512 1385 2512 1390 2513 1388 2513 1389 2513 1377 2514 1388 2514 1382 2514 1372 2515 1388 2515 1377 2515 1191 2516 1391 2516 1192 2516 1192 2517 1391 2517 1193 2517 1386 2518 1391 2518 1191 2518 1381 2519 1392 2519 1386 2519 1387 2520 1392 2520 1376 2520 1376 2521 1392 2521 1381 2521 1393 2522 1394 2522 1390 2522 1390 2523 1394 2523 1388 2523 1395 2524 1394 2524 1393 2524 1388 2525 1394 2525 1382 2525 1382 2526 1394 2526 1387 2526 1391 2527 1396 2527 1193 2527 1193 2528 1396 2528 1194 2528 1194 2529 1396 2529 1195 2529 1392 2530 1397 2530 1386 2530 1394 2531 1398 2531 1387 2531 1395 2532 1398 2532 1394 2532 1399 2533 1398 2533 1395 2533 1400 2534 1398 2534 1399 2534 1396 2535 1401 2535 1195 2535 1195 2536 1401 2536 1196 2536 1196 2537 1401 2537 1197 2537 1386 2538 1402 2538 1391 2538 1397 2539 1402 2539 1386 2539 1391 2540 1402 2540 1396 2540 1398 2541 1403 2541 1387 2541 1400 2542 1403 2542 1398 2542 1404 2543 1403 2543 1400 2543 1405 2544 1403 2544 1404 2544 1387 2545 1403 2545 1392 2545 1401 2546 1406 2546 1197 2546 1197 2547 1406 2547 1198 2547 1198 2548 1406 2548 1199 2548 1402 2549 1407 2549 1396 2549 1392 2550 1408 2550 1397 2550 1403 2551 1408 2551 1392 2551 1405 2552 1408 2552 1403 2552 1409 2553 1408 2553 1405 2553 1410 2554 1408 2554 1409 2554 1199 2555 1411 2555 1200 2555 1200 2556 1411 2556 1201 2556 1406 2557 1411 2557 1199 2557 1396 2558 1412 2558 1401 2558 1407 2559 1412 2559 1396 2559 1397 2560 1413 2560 1402 2560 1410 2561 1413 2561 1408 2561 1408 2562 1413 2562 1397 2562 1414 2563 1413 2563 1410 2563 1415 2564 1413 2564 1414 2564 1411 2565 1416 2565 1201 2565 1201 2566 1416 2566 1202 2566 1202 2567 1416 2567 1203 2567 1412 2568 1417 2568 1401 2568 1401 2569 1417 2569 1406 2569 1418 2570 1419 2570 1415 2570 1420 2571 1419 2571 1418 2571 1413 2572 1419 2572 1402 2572 1415 2573 1419 2573 1413 2573 1402 2574 1419 2574 1407 2574 1416 2575 1421 2575 1203 2575 1203 2576 1421 2576 1204 2576 1204 2577 1421 2577 1205 2577 1417 2578 1422 2578 1406 2578 1406 2579 1422 2579 1411 2579 1412 2580 1423 2580 1417 2580 1424 2581 1423 2581 1420 2581 1425 2582 1423 2582 1424 2582 1420 2583 1423 2583 1419 2583 1407 2584 1423 2584 1412 2584 1419 2585 1423 2585 1407 2585 1205 2586 1426 2586 1206 2586 1206 2587 1426 2587 1207 2587 1421 2588 1426 2588 1205 2588 1422 2589 1427 2589 1411 2589 1411 2590 1427 2590 1416 2590 1428 2591 1429 2591 1425 2591 1430 2592 1429 2592 1428 2592 1425 2593 1429 2593 1423 2593 1423 2594 1429 2594 1417 2594 1207 2595 1431 2595 1208 2595 1208 2596 1431 2596 1209 2596 1426 2597 1431 2597 1207 2597 1416 2598 1432 2598 1421 2598 1427 2599 1432 2599 1416 2599 1417 2600 1433 2600 1422 2600 1434 2601 1433 2601 1430 2601 1435 2602 1433 2602 1434 2602 1429 2603 1433 2603 1417 2603 1430 2604 1433 2604 1429 2604 1209 2605 1436 2605 1210 2605 1210 2606 1436 2606 1211 2606 1431 2607 1436 2607 1209 2607 1426 2608 1437 2608 1431 2608 1421 2609 1437 2609 1426 2609 1432 2610 1437 2610 1421 2610 1433 2611 1438 2611 1422 2611 1439 2612 1438 2612 1435 2612 1440 2613 1438 2613 1439 2613 1422 2614 1438 2614 1427 2614 1435 2615 1438 2615 1433 2615 1211 2616 1441 2616 1212 2616 1212 2617 1441 2617 1213 2617 1436 2618 1441 2618 1211 2618 1437 2619 1442 2619 1431 2619 1427 2620 1443 2620 1432 2620 1438 2621 1443 2621 1427 2621 1444 2622 1443 2622 1440 2622 1445 2623 1443 2623 1444 2623 1440 2624 1443 2624 1438 2624 1213 2625 1446 2625 1214 2625 1214 2626 1446 2626 1215 2626 1441 2627 1446 2627 1213 2627 1442 2628 1447 2628 1431 2628 1431 2629 1447 2629 1436 2629 1443 2630 1448 2630 1432 2630 1432 2631 1448 2631 1437 2631 1445 2632 1448 2632 1443 2632 1449 2633 1448 2633 1445 2633 1450 2634 1448 2634 1449 2634 1215 2635 1451 2635 1216 2635 1216 2636 1451 2636 1217 2636 1446 2637 1451 2637 1215 2637 1447 2638 1452 2638 1436 2638 1436 2639 1452 2639 1441 2639 1448 2640 1453 2640 1437 2640 1450 2641 1453 2641 1448 2641 1437 2642 1453 2642 1442 2642 1454 2643 1453 2643 1450 2643 1455 2644 1453 2644 1454 2644 1217 2645 1456 2645 1218 2645 1218 2646 1456 2646 1219 2646 1451 2647 1456 2647 1217 2647 1441 2648 1457 2648 1446 2648 1452 2649 1457 2649 1441 2649 1453 2650 1458 2650 1442 2650 1442 2651 1458 2651 1447 2651 1455 2652 1458 2652 1453 2652 1459 2653 1458 2653 1455 2653 1460 2654 1458 2654 1459 2654 1219 2655 1461 2655 1220 2655 1220 2656 1461 2656 1221 2656 1456 2657 1461 2657 1219 2657 1446 2658 1462 2658 1451 2658 1457 2659 1462 2659 1446 2659 1451 2660 1462 2660 1456 2660 1447 2661 1463 2661 1452 2661 1458 2662 1463 2662 1447 2662 1460 2663 1463 2663 1458 2663 1452 2664 1463 2664 1457 2664 1464 2665 1463 2665 1460 2665 1465 2666 1463 2666 1464 2666 1221 2667 1466 2667 1222 2667 1222 2668 1466 2668 1223 2668 1461 2669 1466 2669 1221 2669 1462 2670 1467 2670 1456 2670 1463 2671 1468 2671 1457 2671 1465 2672 1468 2672 1463 2672 1469 2673 1468 2673 1465 2673 1470 2674 1468 2674 1469 2674 1223 2675 1471 2675 1224 2675 1224 2676 1471 2676 1225 2676 1466 2677 1471 2677 1223 2677 1456 2678 1472 2678 1461 2678 1467 2679 1472 2679 1456 2679 1461 2680 1472 2680 1466 2680 1457 2681 1473 2681 1462 2681 1468 2682 1473 2682 1457 2682 1470 2683 1473 2683 1468 2683 1462 2684 1473 2684 1467 2684 1474 2685 1473 2685 1470 2685 1475 2686 1473 2686 1474 2686 1225 2687 1476 2687 1226 2687 1226 2688 1476 2688 1227 2688 1471 2689 1476 2689 1225 2689 1466 2690 1477 2690 1471 2690 1472 2691 1477 2691 1466 2691 1475 2692 1478 2692 1473 2692 1479 2693 1478 2693 1475 2693 1473 2694 1478 2694 1467 2694 1480 2695 1478 2695 1479 2695 1227 2696 1481 2696 1228 2696 1228 2697 1481 2697 1229 2697 1476 2698 1481 2698 1227 2698 1477 2699 1482 2699 1471 2699 1467 2700 1483 2700 1472 2700 1484 2701 1483 2701 1480 2701 1485 2702 1483 2702 1484 2702 1478 2703 1483 2703 1467 2703 1480 2704 1483 2704 1478 2704 1229 2705 1486 2705 1230 2705 1230 2706 1486 2706 1231 2706 1481 2707 1486 2707 1229 2707 1482 2708 1487 2708 1471 2708 1471 2709 1487 2709 1476 2709 1477 2710 1488 2710 1482 2710 1483 2711 1488 2711 1472 2711 1489 2712 1488 2712 1485 2712 1490 2713 1488 2713 1489 2713 1485 2714 1488 2714 1483 2714 1472 2715 1488 2715 1477 2715 1486 2716 1491 2716 1231 2716 1231 2717 1491 2717 1232 2717 1232 2718 1491 2718 1233 2718 1476 2719 1492 2719 1481 2719 1481 2720 1492 2720 1486 2720 1487 2721 1492 2721 1476 2721 1488 2722 1493 2722 1482 2722 1482 2723 1493 2723 1487 2723 1494 2724 1493 2724 1490 2724 1490 2725 1493 2725 1488 2725 1495 2726 1493 2726 1494 2726 1491 2727 1496 2727 1233 2727 1233 2728 1496 2728 1234 2728 1234 2729 1496 2729 1235 2729 1492 2730 1497 2730 1486 2730 1495 2731 1498 2731 1493 2731 1493 2732 1498 2732 1487 2732 1499 2733 1498 2733 1495 2733 1500 2734 1498 2734 1499 2734 1496 2735 1501 2735 1235 2735 1235 2736 1501 2736 1236 2736 1236 2737 1501 2737 1237 2737 1491 2738 1502 2738 1496 2738 1497 2739 1502 2739 1486 2739 1486 2740 1502 2740 1491 2740 1498 2741 1503 2741 1487 2741 1487 2742 1503 2742 1492 2742 1492 2743 1503 2743 1497 2743 1504 2744 1503 2744 1500 2744 1505 2745 1503 2745 1504 2745 1500 2746 1503 2746 1498 2746 1501 2747 1506 2747 1237 2747 1237 2748 1506 2748 1238 2748 1238 2749 1506 2749 1239 2749 1502 2750 1507 2750 1496 2750 1496 2751 1507 2751 1501 2751 1505 2752 1508 2752 1503 2752 1503 2753 1508 2753 1497 2753 1509 2754 1508 2754 1505 2754 1510 2755 1508 2755 1509 2755 1506 2756 1511 2756 1239 2756 1239 2757 1511 2757 1240 2757 1240 2758 1511 2758 1241 2758 1507 2759 1512 2759 1501 2759 1497 2760 1513 2760 1502 2760 1508 2761 1513 2761 1497 2761 1510 2762 1513 2762 1508 2762 1514 2763 1513 2763 1510 2763 1515 2764 1513 2764 1514 2764 1241 2765 1516 2765 1242 2765 1242 2766 1516 2766 1243 2766 1511 2767 1516 2767 1241 2767 1501 2768 1517 2768 1506 2768 1512 2769 1517 2769 1501 2769 1518 2770 1519 2770 1520 2770 1513 2771 1519 2771 1502 2771 1515 2772 1519 2772 1513 2772 1502 2773 1519 2773 1507 2773 1520 2774 1519 2774 1515 2774 1243 2775 1521 2775 1244 2775 1244 2776 1521 2776 1245 2776 1516 2777 1521 2777 1243 2777 1506 2778 1522 2778 1511 2778 1517 2779 1522 2779 1506 2779 1523 2780 1524 2780 1518 2780 1525 2781 1524 2781 1523 2781 1518 2782 1524 2782 1519 2782 1507 2783 1524 2783 1512 2783 1519 2784 1524 2784 1507 2784 1245 2785 1526 2785 1246 2785 1246 2786 1526 2786 1247 2786 1521 2787 1526 2787 1245 2787 1511 2788 1527 2788 1516 2788 1522 2789 1527 2789 1511 2789 1528 2790 1529 2790 1525 2790 1530 2791 1529 2791 1528 2791 1525 2792 1529 2792 1524 2792 1512 2793 1529 2793 1517 2793 1524 2794 1529 2794 1512 2794 1247 2795 1531 2795 1248 2795 1248 2796 1531 2796 1249 2796 1526 2797 1531 2797 1247 2797 1516 2798 1532 2798 1521 2798 1527 2799 1532 2799 1516 2799 1533 2800 1534 2800 1530 2800 1535 2801 1534 2801 1533 2801 1530 2802 1534 2802 1529 2802 1517 2803 1534 2803 1522 2803 1529 2804 1534 2804 1517 2804 1249 2805 1536 2805 1250 2805 1250 2806 1536 2806 1251 2806 1531 2807 1536 2807 1249 2807 1521 2808 1537 2808 1526 2808 1532 2809 1537 2809 1521 2809 1534 2810 1538 2810 1522 2810 1539 2811 1538 2811 1535 2811 1540 2812 1538 2812 1539 2812 1522 2813 1538 2813 1527 2813 1535 2814 1538 2814 1534 2814 1251 2815 1541 2815 1252 2815 1252 2816 1541 2816 1253 2816 1536 2817 1541 2817 1251 2817 1537 2818 1542 2818 1526 2818 1526 2819 1542 2819 1531 2819 1540 2820 1543 2820 1538 2820 1532 2821 1543 2821 1537 2821 1544 2822 1543 2822 1540 2822 1545 2823 1543 2823 1544 2823 1538 2824 1543 2824 1527 2824 1527 2825 1543 2825 1532 2825 1541 2826 1546 2826 1253 2826 1253 2827 1546 2827 1254 2827 1254 2828 1546 2828 1255 2828 1542 2829 1547 2829 1531 2829 1531 2830 1547 2830 1536 2830 1543 2831 1548 2831 1537 2831 1549 2832 1548 2832 1545 2832 1550 2833 1548 2833 1549 2833 1545 2834 1548 2834 1543 2834 1546 2835 1551 2835 1255 2835 1255 2836 1551 2836 1256 2836 1256 2837 1551 2837 1257 2837 1547 2838 1552 2838 1536 2838 1536 2839 1552 2839 1541 2839 1553 2840 1554 2840 1550 2840 1555 2841 1554 2841 1553 2841 1537 2842 1554 2842 1542 2842 1550 2843 1554 2843 1548 2843 1542 2844 1554 2844 1547 2844 1548 2845 1554 2845 1537 2845 1551 2846 1556 2846 1257 2846 1259 2847 1556 2847 1266 2847 1257 2848 1556 2848 1258 2848 1258 2849 1556 2849 1259 2849 1541 2850 1557 2850 1546 2850 1552 2851 1557 2851 1541 2851 1558 2852 1559 2852 1555 2852 1560 2853 1559 2853 1558 2853 1555 2854 1559 2854 1554 2854 1554 2855 1559 2855 1547 2855 1546 2856 1561 2856 1551 2856 1557 2857 1561 2857 1546 2857 1562 2858 1563 2858 1560 2858 1564 2859 1563 2859 1562 2859 1547 2860 1563 2860 1552 2860 1559 2861 1563 2861 1547 2861 1560 2862 1563 2862 1559 2862 1551 2863 1565 2863 1556 2863 1556 2864 1565 2864 1266 2864 1561 2865 1565 2865 1551 2865 1266 2866 1565 2866 1274 2866 1566 2867 1567 2867 1564 2867 1568 2868 1567 2868 1566 2868 1557 2869 1567 2869 1561 2869 1552 2870 1567 2870 1557 2870 1564 2871 1567 2871 1563 2871 1563 2872 1567 2872 1552 2872 1569 2873 1570 2873 1568 2873 1571 2874 1570 2874 1569 2874 1568 2875 1570 2875 1567 2875 1567 2876 1570 2876 1561 2876 1572 2877 1573 2877 1571 2877 1574 2878 1573 2878 1572 2878 1571 2879 1573 2879 1570 2879 1561 2880 1573 2880 1565 2880 1565 2881 1573 2881 1274 2881 1274 2882 1573 2882 1273 2882 1570 2883 1573 2883 1561 2883 1273 2884 1573 2884 1574 2884 1259 2885 1266 2885 1135 2885 1574 2886 1285 2886 1273 2886 1134 2887 1264 2887 1136 2887 1136 2888 1264 2888 1137 2888 1266 2889 1264 2889 1134 2889 1264 2890 1265 2890 1137 2890 1137 2891 1265 2891 1138 2891 1138 2892 1265 2892 1139 2892 1265 2893 1261 2893 1139 2893 1139 2894 1261 2894 1140 2894 1140 2895 1261 2895 1141 2895 1266 2896 1262 2896 1264 2896 1274 2897 1262 2897 1266 2897 1575 2898 1576 2898 1320 2898 1577 2899 1578 2899 1579 2899 1580 2900 1578 2900 1575 2900 1579 2901 1578 2901 1580 2901 1581 2902 1582 2902 1583 2902 1583 2903 1582 2903 1584 2903 1585 2904 1582 2904 1581 2904 1586 2905 1582 2905 1585 2905 1584 2906 1582 2906 1587 2906 1285 2907 1588 2907 1271 2907 1325 2908 1589 2908 1328 2908 1328 2909 1589 2909 1330 2909 1576 2910 1589 2910 1325 2910 1578 2911 1590 2911 1575 2911 1591 2912 1592 2912 1586 2912 1593 2913 1592 2913 1591 2913 1587 2914 1592 2914 1577 2914 1582 2915 1592 2915 1587 2915 1586 2916 1592 2916 1582 2916 1330 2917 1594 2917 1334 2917 1334 2918 1594 2918 1335 2918 1589 2919 1594 2919 1330 2919 1590 2920 1595 2920 1575 2920 1575 2921 1595 2921 1576 2921 1596 2922 1597 2922 1593 2922 1598 2923 1597 2923 1596 2923 1577 2924 1597 2924 1578 2924 1592 2925 1597 2925 1577 2925 1593 2926 1597 2926 1592 2926 1594 2927 1599 2927 1335 2927 1335 2928 1599 2928 1338 2928 1338 2929 1599 2929 1340 2929 1600 2930 1601 2930 1602 2930 1595 2931 1603 2931 1576 2931 1589 2932 1603 2932 1594 2932 1576 2933 1603 2933 1589 2933 1597 2934 1604 2934 1578 2934 1605 2935 1604 2935 1598 2935 1606 2936 1604 2936 1605 2936 1578 2937 1604 2937 1590 2937 1598 2938 1604 2938 1597 2938 1340 2939 1607 2939 1344 2939 1344 2940 1607 2940 1345 2940 1599 2941 1607 2941 1340 2941 1594 2942 1608 2942 1599 2942 1603 2943 1608 2943 1594 2943 1609 2944 1610 2944 1606 2944 1611 2945 1610 2945 1609 2945 1604 2946 1610 2946 1590 2946 1590 2947 1610 2947 1595 2947 1606 2948 1610 2948 1604 2948 1607 2949 1612 2949 1345 2949 1345 2950 1612 2950 1348 2950 1348 2951 1612 2951 1350 2951 1608 2952 1613 2952 1599 2952 1611 2953 1614 2953 1610 2953 1615 2954 1614 2954 1611 2954 1616 2955 1614 2955 1615 2955 1610 2956 1614 2956 1595 2956 1595 2957 1614 2957 1603 2957 1612 2958 1617 2958 1350 2958 1350 2959 1617 2959 1353 2959 1353 2960 1617 2960 1355 2960 1607 2961 1618 2961 1612 2961 1613 2962 1618 2962 1599 2962 1599 2963 1618 2963 1607 2963 1616 2964 1619 2964 1614 2964 1620 2965 1619 2965 1616 2965 1621 2966 1619 2966 1620 2966 1603 2967 1619 2967 1608 2967 1614 2968 1619 2968 1603 2968 1355 2969 1622 2969 1358 2969 1358 2970 1622 2970 1360 2970 1617 2971 1622 2971 1355 2971 1618 2972 1623 2972 1612 2972 1619 2973 1624 2973 1608 2973 1608 2974 1624 2974 1613 2974 1621 2975 1624 2975 1619 2975 1625 2976 1624 2976 1621 2976 1626 2977 1624 2977 1625 2977 1622 2978 1627 2978 1360 2978 1360 2979 1627 2979 1363 2979 1363 2980 1627 2980 1365 2980 1623 2981 1628 2981 1612 2981 1612 2982 1628 2982 1617 2982 1613 2983 1629 2983 1618 2983 1626 2984 1629 2984 1624 2984 1630 2985 1629 2985 1626 2985 1631 2986 1629 2986 1630 2986 1624 2987 1629 2987 1613 2987 1627 2988 1632 2988 1365 2988 1365 2989 1632 2989 1369 2989 1369 2990 1632 2990 1370 2990 1617 2991 1633 2991 1622 2991 1628 2992 1633 2992 1617 2992 1634 2993 1635 2993 1631 2993 1636 2994 1635 2994 1634 2994 1631 2995 1635 2995 1629 2995 1618 2996 1635 2996 1623 2996 1623 2997 1635 2997 1628 2997 1629 2998 1635 2998 1618 2998 1632 2999 1637 2999 1370 2999 1370 3000 1637 3000 1374 3000 1374 3001 1637 3001 1375 3001 1622 3002 1638 3002 1627 3002 1633 3003 1638 3003 1622 3003 1636 3004 1639 3004 1635 3004 1635 3005 1639 3005 1628 3005 1640 3006 1639 3006 1636 3006 1641 3007 1639 3007 1640 3007 1628 3008 1639 3008 1633 3008 1637 3009 1642 3009 1375 3009 1375 3010 1642 3010 1379 3010 1379 3011 1642 3011 1380 3011 1627 3012 1643 3012 1632 3012 1638 3013 1643 3013 1627 3013 1644 3014 1645 3014 1641 3014 1646 3015 1645 3015 1644 3015 1641 3016 1645 3016 1639 3016 1639 3017 1645 3017 1633 3017 1642 3018 1647 3018 1380 3018 1380 3019 1647 3019 1384 3019 1384 3020 1647 3020 1385 3020 1643 3021 1648 3021 1632 3021 1632 3022 1648 3022 1637 3022 1638 3023 1649 3023 1643 3023 1633 3024 1649 3024 1638 3024 1650 3025 1649 3025 1646 3025 1651 3026 1649 3026 1650 3026 1645 3027 1649 3027 1633 3027 1646 3028 1649 3028 1645 3028 1647 3029 1652 3029 1385 3029 1385 3030 1652 3030 1389 3030 1389 3031 1652 3031 1390 3031 1637 3032 1653 3032 1642 3032 1648 3033 1653 3033 1637 3033 1654 3034 1655 3034 1651 3034 1656 3035 1655 3035 1654 3035 1651 3036 1655 3036 1649 3036 1643 3037 1655 3037 1648 3037 1649 3038 1655 3038 1643 3038 1652 3039 1657 3039 1390 3039 1390 3040 1657 3040 1393 3040 1393 3041 1657 3041 1395 3041 1642 3042 1658 3042 1647 3042 1647 3043 1658 3043 1652 3043 1653 3044 1658 3044 1642 3044 1648 3045 1659 3045 1653 3045 1660 3046 1659 3046 1656 3046 1661 3047 1659 3047 1660 3047 1656 3048 1659 3048 1655 3048 1655 3049 1659 3049 1648 3049 1657 3050 1662 3050 1395 3050 1395 3051 1662 3051 1399 3051 1399 3052 1662 3052 1400 3052 1658 3053 1663 3053 1652 3053 1659 3054 1664 3054 1653 3054 1665 3055 1664 3055 1661 3055 1666 3056 1664 3056 1665 3056 1661 3057 1664 3057 1659 3057 1662 3058 1667 3058 1400 3058 1400 3059 1667 3059 1404 3059 1404 3060 1667 3060 1405 3060 1663 3061 1668 3061 1652 3061 1652 3062 1668 3062 1657 3062 1664 3063 1669 3063 1653 3063 1653 3064 1669 3064 1658 3064 1670 3065 1669 3065 1666 3065 1671 3066 1669 3066 1670 3066 1658 3067 1669 3067 1663 3067 1666 3068 1669 3068 1664 3068 1667 3069 1672 3069 1405 3069 1405 3070 1672 3070 1409 3070 1409 3071 1672 3071 1410 3071 1668 3072 1673 3072 1657 3072 1657 3073 1673 3073 1662 3073 1669 3074 1674 3074 1663 3074 1675 3075 1674 3075 1671 3075 1676 3076 1674 3076 1675 3076 1671 3077 1674 3077 1669 3077 1672 3078 1677 3078 1410 3078 1410 3079 1677 3079 1414 3079 1414 3080 1677 3080 1415 3080 1673 3081 1678 3081 1662 3081 1662 3082 1678 3082 1667 3082 1663 3083 1679 3083 1668 3083 1668 3084 1679 3084 1673 3084 1674 3085 1679 3085 1663 3085 1676 3086 1679 3086 1674 3086 1680 3087 1679 3087 1676 3087 1681 3088 1679 3088 1680 3088 1415 3089 1682 3089 1418 3089 1677 3090 1682 3090 1415 3090 1418 3091 1682 3091 1420 3091 1678 3092 1683 3092 1667 3092 1667 3093 1683 3093 1672 3093 1679 3094 1684 3094 1673 3094 1681 3095 1684 3095 1679 3095 1685 3096 1684 3096 1681 3096 1686 3097 1684 3097 1685 3097 1682 3098 1687 3098 1420 3098 1420 3099 1687 3099 1424 3099 1424 3100 1687 3100 1425 3100 1672 3101 1688 3101 1677 3101 1683 3102 1688 3102 1672 3102 1686 3103 1689 3103 1684 3103 1673 3104 1689 3104 1678 3104 1690 3105 1689 3105 1686 3105 1691 3106 1689 3106 1690 3106 1678 3107 1689 3107 1683 3107 1684 3108 1689 3108 1673 3108 1687 3109 1692 3109 1425 3109 1425 3110 1692 3110 1428 3110 1428 3111 1692 3111 1430 3111 1682 3112 1693 3112 1687 3112 1688 3113 1693 3113 1677 3113 1677 3114 1693 3114 1682 3114 1689 3115 1694 3115 1683 3115 1691 3116 1694 3116 1689 3116 1695 3117 1694 3117 1691 3117 1696 3118 1694 3118 1695 3118 1692 3119 1697 3119 1430 3119 1430 3120 1697 3120 1434 3120 1434 3121 1697 3121 1435 3121 1693 3122 1698 3122 1687 3122 1696 3123 1699 3123 1694 3123 1694 3124 1699 3124 1683 3124 1700 3125 1699 3125 1696 3125 1701 3126 1699 3126 1700 3126 1683 3127 1699 3127 1688 3127 1697 3128 1702 3128 1435 3128 1435 3129 1702 3129 1439 3129 1439 3130 1702 3130 1440 3130 1687 3131 1703 3131 1692 3131 1698 3132 1703 3132 1687 3132 1704 3133 1705 3133 1701 3133 1706 3134 1705 3134 1704 3134 1688 3135 1705 3135 1693 3135 1693 3136 1705 3136 1698 3136 1699 3137 1705 3137 1688 3137 1701 3138 1705 3138 1699 3138 1702 3139 1707 3139 1440 3139 1440 3140 1707 3140 1444 3140 1444 3141 1707 3141 1445 3141 1692 3142 1708 3142 1697 3142 1703 3143 1708 3143 1692 3143 1709 3144 1710 3144 1706 3144 1711 3145 1710 3145 1709 3145 1706 3146 1710 3146 1705 3146 1705 3147 1710 3147 1698 3147 1445 3148 1712 3148 1449 3148 1449 3149 1712 3149 1450 3149 1707 3150 1712 3150 1445 3150 1697 3151 1713 3151 1702 3151 1708 3152 1713 3152 1697 3152 1714 3153 1715 3153 1711 3153 1716 3154 1715 3154 1714 3154 1711 3155 1715 3155 1710 3155 1698 3156 1715 3156 1703 3156 1703 3157 1715 3157 1708 3157 1710 3158 1715 3158 1698 3158 1450 3159 1717 3159 1454 3159 1454 3160 1717 3160 1455 3160 1712 3161 1717 3161 1450 3161 1702 3162 1718 3162 1707 3162 1707 3163 1718 3163 1712 3163 1713 3164 1718 3164 1702 3164 1708 3165 1719 3165 1713 3165 1715 3166 1719 3166 1708 3166 1720 3167 1719 3167 1716 3167 1721 3168 1719 3168 1720 3168 1716 3169 1719 3169 1715 3169 1455 3170 1722 3170 1459 3170 1459 3171 1722 3171 1460 3171 1717 3172 1722 3172 1455 3172 1712 3173 1723 3173 1717 3173 1718 3174 1723 3174 1712 3174 1719 3175 1724 3175 1713 3175 1713 3176 1724 3176 1718 3176 1721 3177 1724 3177 1719 3177 1725 3178 1724 3178 1721 3178 1726 3179 1724 3179 1725 3179 1460 3180 1727 3180 1464 3180 1464 3181 1727 3181 1465 3181 1722 3182 1727 3182 1460 3182 1723 3183 1728 3183 1717 3183 1724 3184 1729 3184 1718 3184 1726 3185 1729 3185 1724 3185 1730 3186 1729 3186 1726 3186 1731 3187 1729 3187 1730 3187 1465 3188 1732 3188 1469 3188 1469 3189 1732 3189 1470 3189 1727 3190 1732 3190 1465 3190 1717 3191 1733 3191 1722 3191 1728 3192 1733 3192 1717 3192 1722 3193 1733 3193 1727 3193 1729 3194 1734 3194 1718 3194 1731 3195 1734 3195 1729 3195 1735 3196 1734 3196 1731 3196 1736 3197 1734 3197 1735 3197 1718 3198 1734 3198 1723 3198 1470 3199 1737 3199 1474 3199 1474 3200 1737 3200 1475 3200 1732 3201 1737 3201 1470 3201 1733 3202 1738 3202 1727 3202 1723 3203 1739 3203 1728 3203 1734 3204 1739 3204 1723 3204 1736 3205 1739 3205 1734 3205 1728 3206 1739 3206 1733 3206 1740 3207 1739 3207 1736 3207 1741 3208 1739 3208 1740 3208 1475 3209 1742 3209 1479 3209 1479 3210 1742 3210 1480 3210 1737 3211 1742 3211 1475 3211 1727 3212 1743 3212 1732 3212 1732 3213 1743 3213 1737 3213 1738 3214 1743 3214 1727 3214 1739 3215 1744 3215 1733 3215 1741 3216 1744 3216 1739 3216 1745 3217 1744 3217 1741 3217 1746 3218 1744 3218 1745 3218 1480 3219 1747 3219 1484 3219 1484 3220 1747 3220 1485 3220 1742 3221 1747 3221 1480 3221 1743 3222 1748 3222 1737 3222 1733 3223 1749 3223 1738 3223 1744 3224 1749 3224 1733 3224 1746 3225 1749 3225 1744 3225 1750 3226 1749 3226 1746 3226 1751 3227 1749 3227 1750 3227 1485 3228 1752 3228 1489 3228 1489 3229 1752 3229 1490 3229 1747 3230 1752 3230 1485 3230 1737 3231 1753 3231 1742 3231 1748 3232 1753 3232 1737 3232 1742 3233 1753 3233 1747 3233 1738 3234 1754 3234 1743 3234 1743 3235 1754 3235 1748 3235 1749 3236 1754 3236 1738 3236 1751 3237 1754 3237 1749 3237 1755 3238 1754 3238 1751 3238 1756 3239 1754 3239 1755 3239 1490 3240 1757 3240 1494 3240 1494 3241 1757 3241 1495 3241 1752 3242 1757 3242 1490 3242 1753 3243 1758 3243 1747 3243 1754 3244 1759 3244 1748 3244 1760 3245 1759 3245 1756 3245 1761 3246 1759 3246 1760 3246 1756 3247 1759 3247 1754 3247 1495 3248 1762 3248 1499 3248 1499 3249 1762 3249 1500 3249 1757 3250 1762 3250 1495 3250 1747 3251 1763 3251 1752 3251 1758 3252 1763 3252 1747 3252 1748 3253 1764 3253 1753 3253 1759 3254 1764 3254 1748 3254 1765 3255 1764 3255 1761 3255 1766 3256 1764 3256 1765 3256 1761 3257 1764 3257 1759 3257 1500 3258 1767 3258 1504 3258 1504 3259 1767 3259 1505 3259 1762 3260 1767 3260 1500 3260 1752 3261 1768 3261 1757 3261 1763 3262 1768 3262 1752 3262 1766 3263 1769 3263 1764 3263 1753 3264 1769 3264 1758 3264 1758 3265 1769 3265 1763 3265 1770 3266 1769 3266 1766 3266 1771 3267 1769 3267 1770 3267 1764 3268 1769 3268 1753 3268 1505 3269 1772 3269 1509 3269 1509 3270 1772 3270 1510 3270 1767 3271 1772 3271 1505 3271 1757 3272 1773 3272 1762 3272 1762 3273 1773 3273 1767 3273 1768 3274 1773 3274 1757 3274 1771 3275 1774 3275 1769 3275 1769 3276 1774 3276 1763 3276 1775 3277 1774 3277 1771 3277 1776 3278 1774 3278 1775 3278 1510 3279 1777 3279 1514 3279 1514 3280 1777 3280 1515 3280 1772 3281 1777 3281 1510 3281 1773 3282 1778 3282 1767 3282 1776 3283 1779 3283 1774 3283 1774 3284 1779 3284 1763 3284 1780 3285 1779 3285 1776 3285 1781 3286 1779 3286 1780 3286 1763 3287 1779 3287 1768 3287 1777 3288 1782 3288 1515 3288 1515 3289 1782 3289 1520 3289 1520 3290 1782 3290 1518 3290 1767 3291 1783 3291 1772 3291 1778 3292 1783 3292 1767 3292 1768 3293 1784 3293 1773 3293 1779 3294 1784 3294 1768 3294 1781 3295 1784 3295 1779 3295 1785 3296 1784 3296 1781 3296 1786 3297 1784 3297 1785 3297 1782 3298 1787 3298 1518 3298 1518 3299 1787 3299 1523 3299 1523 3300 1787 3300 1525 3300 1777 3301 1788 3301 1782 3301 1783 3302 1788 3302 1772 3302 1772 3303 1788 3303 1777 3303 1784 3304 1789 3304 1773 3304 1786 3305 1789 3305 1784 3305 1773 3306 1789 3306 1778 3306 1790 3307 1789 3307 1786 3307 1791 3308 1789 3308 1790 3308 1787 3309 1792 3309 1525 3309 1525 3310 1792 3310 1528 3310 1528 3311 1792 3311 1530 3311 1788 3312 1793 3312 1782 3312 1778 3313 1794 3313 1783 3313 1791 3314 1794 3314 1789 3314 1789 3315 1794 3315 1778 3315 1795 3316 1794 3316 1791 3316 1796 3317 1794 3317 1795 3317 1792 3318 1797 3318 1530 3318 1530 3319 1797 3319 1533 3319 1533 3320 1797 3320 1535 3320 1782 3321 1798 3321 1787 3321 1793 3322 1798 3322 1782 3322 1787 3323 1798 3323 1792 3323 1783 3324 1799 3324 1788 3324 1794 3325 1799 3325 1783 3325 1788 3326 1799 3326 1793 3326 1796 3327 1799 3327 1794 3327 1800 3328 1799 3328 1796 3328 1801 3329 1799 3329 1800 3329 1797 3330 1802 3330 1535 3330 1535 3331 1802 3331 1539 3331 1539 3332 1802 3332 1540 3332 1792 3333 1803 3333 1797 3333 1798 3334 1803 3334 1792 3334 1804 3335 1805 3335 1806 3335 1799 3336 1805 3336 1793 3336 1793 3337 1805 3337 1798 3337 1801 3338 1805 3338 1799 3338 1806 3339 1805 3339 1801 3339 1802 3340 1807 3340 1540 3340 1540 3341 1807 3341 1544 3341 1544 3342 1807 3342 1545 3342 1803 3343 1808 3343 1797 3343 1809 3344 1810 3344 1804 3344 1811 3345 1810 3345 1809 3345 1804 3346 1810 3346 1805 3346 1805 3347 1810 3347 1798 3347 1545 3348 1812 3348 1549 3348 1549 3349 1812 3349 1550 3349 1807 3350 1812 3350 1545 3350 1797 3351 1813 3351 1802 3351 1808 3352 1813 3352 1797 3352 1814 3353 1815 3353 1811 3353 1816 3354 1815 3354 1814 3354 1798 3355 1815 3355 1803 3355 1811 3356 1815 3356 1810 3356 1810 3357 1815 3357 1798 3357 1550 3358 1817 3358 1553 3358 1553 3359 1817 3359 1555 3359 1812 3360 1817 3360 1550 3360 1802 3361 1818 3361 1807 3361 1813 3362 1818 3362 1802 3362 1819 3363 1820 3363 1816 3363 1821 3364 1820 3364 1819 3364 1816 3365 1820 3365 1815 3365 1815 3366 1820 3366 1803 3366 1803 3367 1820 3367 1808 3367 1555 3368 1822 3368 1558 3368 1558 3369 1822 3369 1560 3369 1817 3370 1822 3370 1555 3370 1807 3371 1823 3371 1812 3371 1818 3372 1823 3372 1807 3372 1812 3373 1823 3373 1817 3373 1820 3374 1824 3374 1808 3374 1825 3375 1824 3375 1821 3375 1826 3376 1824 3376 1825 3376 1821 3377 1824 3377 1820 3377 1808 3378 1824 3378 1813 3378 1813 3379 1824 3379 1818 3379 1560 3380 1827 3380 1562 3380 1562 3381 1827 3381 1564 3381 1822 3382 1827 3382 1560 3382 1823 3383 1828 3383 1817 3383 1817 3384 1828 3384 1822 3384 1829 3385 1830 3385 1826 3385 1831 3386 1830 3386 1829 3386 1826 3387 1830 3387 1824 3387 1824 3388 1830 3388 1818 3388 1564 3389 1832 3389 1566 3389 1566 3390 1832 3390 1568 3390 1827 3391 1832 3391 1564 3391 1828 3392 1833 3392 1822 3392 1818 3393 1834 3393 1823 3393 1830 3394 1834 3394 1818 3394 1835 3395 1834 3395 1831 3395 1836 3396 1834 3396 1835 3396 1831 3397 1834 3397 1830 3397 1832 3398 1837 3398 1568 3398 1568 3399 1837 3399 1569 3399 1569 3400 1837 3400 1571 3400 1822 3401 1838 3401 1827 3401 1827 3402 1838 3402 1832 3402 1833 3403 1838 3403 1822 3403 1823 3404 1839 3404 1828 3404 1840 3405 1839 3405 1836 3405 1841 3406 1839 3406 1840 3406 1834 3407 1839 3407 1823 3407 1836 3408 1839 3408 1834 3408 1837 3409 1842 3409 1571 3409 1574 3410 1842 3410 1588 3410 1571 3411 1842 3411 1572 3411 1572 3412 1842 3412 1574 3412 1838 3413 1843 3413 1832 3413 1844 3414 1845 3414 1841 3414 1846 3415 1845 3415 1844 3415 1841 3416 1845 3416 1839 3416 1828 3417 1845 3417 1833 3417 1839 3418 1845 3418 1828 3418 1833 3419 1845 3419 1838 3419 1832 3420 1847 3420 1837 3420 1843 3421 1847 3421 1832 3421 1848 3422 1849 3422 1846 3422 1850 3423 1849 3423 1848 3423 1845 3424 1849 3424 1838 3424 1846 3425 1849 3425 1845 3425 1847 3426 1851 3426 1837 3426 1837 3427 1851 3427 1842 3427 1842 3428 1851 3428 1588 3428 1588 3429 1851 3429 1852 3429 1850 3430 1853 3430 1849 3430 1854 3431 1853 3431 1850 3431 1855 3432 1853 3432 1854 3432 1838 3433 1853 3433 1843 3433 1849 3434 1853 3434 1838 3434 1843 3435 1853 3435 1847 3435 1856 3436 1857 3436 1855 3436 1858 3437 1857 3437 1856 3437 1855 3438 1857 3438 1853 3438 1853 3439 1857 3439 1847 3439 1859 3440 1860 3440 1858 3440 1861 3441 1860 3441 1859 3441 1858 3442 1860 3442 1857 3442 1847 3443 1860 3443 1851 3443 1851 3444 1860 3444 1852 3444 1852 3445 1860 3445 1602 3445 1857 3446 1860 3446 1847 3446 1602 3447 1860 3447 1861 3447 1574 3448 1588 3448 1285 3448 1861 3449 1600 3449 1602 3449 1271 3450 1862 3450 1269 3450 1269 3451 1862 3451 1272 3451 1588 3452 1862 3452 1271 3452 1862 3453 1863 3453 1272 3453 1272 3454 1863 3454 1277 3454 1277 3455 1863 3455 1279 3455 1863 3456 1864 3456 1279 3456 1279 3457 1864 3457 1282 3457 1282 3458 1864 3458 1284 3458 1588 3459 1865 3459 1862 3459 1852 3460 1865 3460 1588 3460 1284 3461 1866 3461 1288 3461 1288 3462 1866 3462 1290 3462 1864 3463 1866 3463 1284 3463 1865 3464 1867 3464 1862 3464 1862 3465 1867 3465 1863 3465 1866 3466 1868 3466 1290 3466 1290 3467 1868 3467 1293 3467 1293 3468 1868 3468 1295 3468 1863 3469 1869 3469 1864 3469 1867 3470 1869 3470 1863 3470 1601 3471 1870 3471 1602 3471 1871 3472 1870 3472 1601 3472 1872 3473 1870 3473 1871 3473 1602 3474 1870 3474 1852 3474 1852 3475 1870 3475 1865 3475 1868 3476 1873 3476 1295 3476 1295 3477 1873 3477 1298 3477 1298 3478 1873 3478 1300 3478 1869 3479 1874 3479 1864 3479 1864 3480 1874 3480 1866 3480 1875 3481 1876 3481 1872 3481 1877 3482 1876 3482 1875 3482 1872 3483 1876 3483 1870 3483 1865 3484 1876 3484 1867 3484 1867 3485 1876 3485 1869 3485 1870 3486 1876 3486 1865 3486 1873 3487 1878 3487 1300 3487 1300 3488 1878 3488 1303 3488 1303 3489 1878 3489 1305 3489 1866 3490 1879 3490 1868 3490 1874 3491 1879 3491 1866 3491 1868 3492 1879 3492 1873 3492 1877 3493 1880 3493 1876 3493 1881 3494 1880 3494 1877 3494 1882 3495 1880 3495 1881 3495 1876 3496 1880 3496 1869 3496 1305 3497 1579 3497 1308 3497 1308 3498 1579 3498 1310 3498 1878 3499 1579 3499 1305 3499 1879 3500 1584 3500 1873 3500 1880 3501 1883 3501 1869 3501 1884 3502 1883 3502 1882 3502 1885 3503 1883 3503 1884 3503 1869 3504 1883 3504 1874 3504 1882 3505 1883 3505 1880 3505 1579 3506 1580 3506 1310 3506 1310 3507 1580 3507 1313 3507 1313 3508 1580 3508 1315 3508 1584 3509 1587 3509 1873 3509 1873 3510 1587 3510 1878 3510 1886 3511 1887 3511 1885 3511 1888 3512 1887 3512 1886 3512 1879 3513 1887 3513 1584 3513 1874 3514 1887 3514 1879 3514 1883 3515 1887 3515 1874 3515 1885 3516 1887 3516 1883 3516 1315 3517 1575 3517 1319 3517 1319 3518 1575 3518 1320 3518 1580 3519 1575 3519 1315 3519 1587 3520 1577 3520 1878 3520 1878 3521 1577 3521 1579 3521 1889 3522 1583 3522 1888 3522 1581 3523 1583 3523 1889 3523 1887 3524 1583 3524 1584 3524 1888 3525 1583 3525 1887 3525 1320 3526 1576 3526 1324 3526 1324 3527 1576 3527 1325 3527 1751 3528 1890 3528 1891 3528 1750 3529 1892 3529 1890 3529 1750 3530 1890 3530 1751 3530 1755 3531 1751 3531 1891 3531 1755 3532 1891 3532 1893 3532 1746 3533 1892 3533 1750 3533 1756 3534 1755 3534 1893 3534 1756 3535 1893 3535 1894 3535 1756 3536 1894 3536 1895 3536 1745 3537 1892 3537 1746 3537 1745 3538 1896 3538 1892 3538 1760 3539 1756 3539 1895 3539 1741 3540 1896 3540 1745 3540 1741 3541 1897 3541 1896 3541 1761 3542 1760 3542 1895 3542 1761 3543 1895 3543 1898 3543 1740 3544 1897 3544 1741 3544 1740 3545 1899 3545 1897 3545 1765 3546 1761 3546 1898 3546 1765 3547 1898 3547 1900 3547 1736 3548 1899 3548 1740 3548 1736 3549 1901 3549 1902 3549 1736 3550 1902 3550 1899 3550 1766 3551 1765 3551 1900 3551 1766 3552 1900 3552 1903 3552 1735 3553 1901 3553 1736 3553 1735 3554 1904 3554 1901 3554 1770 3555 1766 3555 1903 3555 1770 3556 1903 3556 1905 3556 1731 3557 1904 3557 1735 3557 1771 3558 1770 3558 1905 3558 1771 3559 1905 3559 1906 3559 1771 3560 1906 3560 1907 3560 1730 3561 1904 3561 1731 3561 1730 3562 1908 3562 1909 3562 1730 3563 1909 3563 1904 3563 1775 3564 1771 3564 1907 3564 1726 3565 1908 3565 1730 3565 1776 3566 1775 3566 1907 3566 1776 3567 1907 3567 1910 3567 1725 3568 1908 3568 1726 3568 1725 3569 1911 3569 1908 3569 1780 3570 1776 3570 1910 3570 1780 3571 1910 3571 1912 3571 1721 3572 1911 3572 1725 3572 1721 3573 1913 3573 1911 3573 1781 3574 1780 3574 1912 3574 1781 3575 1912 3575 1914 3575 1781 3576 1914 3576 1915 3576 1720 3577 1916 3577 1917 3577 1720 3578 1917 3578 1913 3578 1720 3579 1913 3579 1721 3579 1785 3580 1781 3580 1915 3580 1716 3581 1918 3581 1916 3581 1716 3582 1916 3582 1720 3582 1786 3583 1785 3583 1915 3583 1786 3584 1915 3584 1919 3584 1714 3585 1918 3585 1716 3585 1790 3586 1786 3586 1919 3586 1790 3587 1919 3587 1920 3587 1711 3588 1918 3588 1714 3588 1711 3589 1921 3589 1918 3589 1791 3590 1790 3590 1920 3590 1791 3591 1920 3591 1922 3591 1709 3592 1923 3592 1921 3592 1709 3593 1921 3593 1711 3593 1795 3594 1791 3594 1922 3594 1795 3595 1922 3595 1924 3595 1706 3596 1925 3596 1923 3596 1706 3597 1923 3597 1709 3597 1796 3598 1924 3598 1926 3598 1796 3599 1795 3599 1924 3599 1704 3600 1927 3600 1925 3600 1704 3601 1925 3601 1706 3601 1800 3602 1796 3602 1926 3602 1800 3603 1926 3603 1928 3603 1701 3604 1927 3604 1704 3604 1701 3605 1929 3605 1927 3605 1801 3606 1800 3606 1928 3606 1801 3607 1928 3607 1930 3607 1700 3608 1929 3608 1701 3608 1700 3609 1931 3609 1929 3609 1806 3610 1932 3610 1933 3610 1806 3611 1801 3611 1930 3611 1806 3612 1930 3612 1932 3612 1696 3613 1931 3613 1700 3613 1696 3614 1934 3614 1931 3614 1804 3615 1806 3615 1933 3615 1695 3616 1934 3616 1696 3616 1695 3617 1935 3617 1934 3617 1809 3618 1933 3618 1936 3618 1809 3619 1804 3619 1933 3619 1691 3620 1935 3620 1695 3620 1691 3621 1937 3621 1935 3621 1811 3622 1936 3622 1938 3622 1811 3623 1809 3623 1936 3623 1690 3624 1937 3624 1691 3624 1690 3625 1939 3625 1937 3625 1814 3626 1938 3626 1940 3626 1814 3627 1811 3627 1938 3627 1686 3628 1941 3628 1939 3628 1686 3629 1939 3629 1690 3629 1816 3630 1940 3630 1942 3630 1816 3631 1814 3631 1940 3631 1685 3632 1943 3632 1944 3632 1685 3633 1944 3633 1941 3633 1685 3634 1941 3634 1686 3634 1819 3635 1942 3635 1945 3635 1819 3636 1816 3636 1942 3636 1681 3637 1943 3637 1685 3637 1821 3638 1945 3638 1946 3638 1821 3639 1819 3639 1945 3639 1947 3640 1821 3640 1946 3640 1680 3641 1948 3641 1943 3641 1680 3642 1943 3642 1681 3642 1825 3643 1821 3643 1947 3643 1676 3644 1949 3644 1948 3644 1676 3645 1948 3645 1680 3645 1826 3646 1947 3646 1950 3646 1826 3647 1825 3647 1947 3647 1951 3648 1949 3648 1676 3648 1675 3649 1951 3649 1676 3649 1829 3650 1950 3650 1952 3650 1829 3651 1826 3651 1950 3651 1953 3652 1951 3652 1675 3652 1953 3653 1675 3653 1671 3653 1954 3654 1829 3654 1952 3654 1954 3655 1831 3655 1829 3655 1955 3656 1953 3656 1671 3656 1955 3657 1671 3657 1670 3657 1956 3658 1835 3658 1831 3658 1956 3659 1831 3659 1954 3659 1957 3660 1955 3660 1670 3660 1957 3661 1670 3661 1666 3661 1958 3662 1835 3662 1956 3662 1958 3663 1836 3663 1835 3663 1840 3664 1836 3664 1958 3664 1959 3665 1957 3665 1666 3665 1959 3666 1666 3666 1665 3666 1960 3667 1840 3667 1958 3667 1961 3668 1959 3668 1665 3668 1961 3669 1665 3669 1661 3669 1962 3670 1840 3670 1960 3670 1962 3671 1841 3671 1840 3671 1963 3672 1961 3672 1661 3672 1963 3673 1660 3673 1656 3673 1963 3674 1661 3674 1660 3674 1964 3675 1844 3675 1841 3675 1964 3676 1846 3676 1844 3676 1964 3677 1841 3677 1962 3677 1965 3678 1963 3678 1656 3678 1966 3679 1848 3679 1846 3679 1966 3680 1846 3680 1964 3680 1967 3681 1965 3681 1656 3681 1967 3682 1656 3682 1654 3682 1968 3683 1850 3683 1848 3683 1968 3684 1848 3684 1966 3684 1969 3685 1654 3685 1651 3685 1969 3686 1967 3686 1654 3686 1970 3687 1850 3687 1968 3687 1971 3688 1650 3688 1646 3688 1971 3689 1651 3689 1650 3689 1971 3690 1969 3690 1651 3690 1972 3691 1854 3691 1850 3691 1972 3692 1850 3692 1970 3692 1973 3693 1971 3693 1646 3693 1974 3694 1855 3694 1854 3694 1974 3695 1854 3695 1972 3695 1975 3696 1973 3696 1646 3696 1975 3697 1644 3697 1641 3697 1975 3698 1646 3698 1644 3698 1976 3699 1856 3699 1855 3699 1976 3700 1855 3700 1974 3700 1977 3701 1975 3701 1641 3701 1978 3702 1858 3702 1856 3702 1978 3703 1856 3703 1976 3703 1979 3704 1977 3704 1641 3704 1979 3705 1641 3705 1640 3705 1980 3706 1859 3706 1858 3706 1980 3707 1858 3707 1978 3707 1981 3708 1979 3708 1640 3708 1981 3709 1636 3709 1634 3709 1981 3710 1640 3710 1636 3710 1982 3711 1859 3711 1980 3711 1982 3712 1861 3712 1859 3712 1983 3713 1981 3713 1634 3713 1984 3714 1861 3714 1982 3714 1984 3715 1600 3715 1861 3715 1985 3716 1983 3716 1634 3716 1985 3717 1634 3717 1631 3717 1986 3718 1601 3718 1600 3718 1986 3719 1871 3719 1601 3719 1986 3720 1600 3720 1984 3720 1987 3721 1630 3721 1626 3721 1987 3722 1631 3722 1630 3722 1987 3723 1985 3723 1631 3723 1988 3724 1871 3724 1986 3724 1989 3725 1987 3725 1626 3725 1990 3726 1872 3726 1871 3726 1990 3727 1875 3727 1872 3727 1990 3728 1871 3728 1988 3728 1991 3729 1989 3729 1626 3729 1991 3730 1626 3730 1625 3730 1992 3731 1875 3731 1990 3731 1993 3732 1991 3732 1625 3732 1993 3733 1625 3733 1621 3733 1994 3734 1877 3734 1875 3734 1994 3735 1881 3735 1877 3735 1994 3736 1875 3736 1992 3736 1995 3737 1993 3737 1621 3737 1995 3738 1621 3738 1620 3738 1996 3739 1882 3739 1881 3739 1996 3740 1881 3740 1994 3740 1997 3741 1995 3741 1620 3741 1997 3742 1620 3742 1616 3742 1998 3743 1882 3743 1996 3743 1999 3744 1997 3744 1616 3744 1999 3745 1615 3745 1611 3745 1999 3746 1616 3746 1615 3746 2000 3747 1884 3747 1882 3747 2000 3748 1882 3748 1998 3748 2001 3749 1999 3749 1611 3749 2001 3750 1611 3750 1609 3750 2002 3751 1884 3751 2000 3751 2002 3752 1885 3752 1884 3752 2003 3753 2001 3753 1609 3753 2004 3754 1885 3754 2002 3754 2004 3755 1886 3755 1885 3755 2005 3756 2003 3756 1609 3756 2005 3757 1609 3757 1606 3757 2006 3758 1888 3758 1886 3758 2006 3759 1886 3759 2004 3759 2007 3760 2005 3760 1606 3760 2007 3761 1606 3761 1605 3761 2008 3762 1889 3762 1888 3762 2008 3763 1888 3763 2006 3763 2009 3764 2007 3764 1605 3764 2009 3765 1605 3765 1598 3765 2010 3766 1889 3766 2008 3766 2010 3767 1581 3767 1889 3767 2011 3768 2009 3768 1598 3768 2011 3769 1598 3769 1596 3769 2012 3770 1585 3770 1581 3770 2012 3771 1581 3771 2010 3771 2013 3772 1593 3772 1591 3772 2013 3773 1596 3773 1593 3773 2013 3774 2011 3774 1596 3774 2014 3775 1586 3775 1585 3775 2014 3776 1585 3776 2012 3776 2015 3777 2013 3777 1591 3777 2015 3778 1591 3778 1586 3778 2015 3779 1586 3779 2014 3779 1986 3780 2016 3780 2017 3780 1986 3781 1984 3781 2016 3781 1988 3782 2017 3782 2018 3782 1988 3783 1986 3783 2017 3783 1990 3784 2018 3784 2019 3784 1990 3785 2019 3785 2020 3785 1990 3786 1988 3786 2018 3786 1992 3787 1990 3787 2020 3787 1994 3788 2020 3788 2021 3788 1994 3789 2021 3789 2022 3789 1994 3790 1992 3790 2020 3790 1996 3791 1994 3791 2022 3791 1998 3792 2022 3792 2023 3792 1998 3793 1996 3793 2022 3793 2000 3794 2023 3794 2024 3794 2000 3795 1998 3795 2023 3795 2002 3796 2024 3796 2025 3796 2002 3797 2025 3797 2026 3797 2002 3798 2000 3798 2024 3798 2004 3799 2002 3799 2026 3799 2006 3800 2004 3800 2026 3800 2006 3801 2026 3801 2027 3801 2008 3802 2006 3802 2027 3802 2008 3803 2027 3803 2028 3803 2010 3804 2008 3804 2028 3804 2010 3805 2028 3805 2029 3805 2012 3806 2029 3806 2030 3806 2012 3807 2010 3807 2029 3807 2012 3808 2030 3808 2031 3808 2014 3809 2012 3809 2031 3809 2015 3810 2014 3810 2031 3810 2015 3811 2031 3811 2032 3811 2013 3812 2032 3812 2033 3812 2013 3813 2015 3813 2032 3813 2011 3814 2033 3814 2034 3814 2011 3815 2013 3815 2033 3815 2009 3816 2034 3816 2035 3816 2009 3817 2035 3817 2036 3817 2009 3818 2011 3818 2034 3818 2007 3819 2009 3819 2036 3819 2005 3820 2036 3820 2037 3820 2005 3821 2037 3821 2038 3821 2005 3822 2007 3822 2036 3822 2003 3823 2038 3823 2039 3823 2003 3824 2005 3824 2038 3824 2001 3825 2039 3825 2040 3825 2001 3826 2003 3826 2039 3826 1999 3827 2040 3827 2041 3827 1999 3828 2001 3828 2040 3828 1997 3829 2041 3829 2042 3829 1997 3830 1999 3830 2041 3830 1995 3831 1997 3831 2042 3831 1993 3832 2042 3832 2043 3832 1993 3833 1995 3833 2042 3833 1991 3834 2043 3834 2044 3834 1991 3835 1993 3835 2043 3835 1989 3836 2044 3836 2045 3836 1989 3837 1991 3837 2044 3837 1987 3838 2045 3838 2046 3838 1987 3839 1989 3839 2045 3839 1985 3840 2046 3840 2047 3840 1985 3841 1987 3841 2046 3841 1983 3842 2047 3842 2048 3842 1983 3843 2048 3843 2049 3843 1983 3844 1985 3844 2047 3844 1981 3845 1983 3845 2049 3845 1979 3846 2049 3846 2050 3846 1979 3847 1981 3847 2049 3847 1977 3848 2050 3848 2051 3848 1977 3849 1979 3849 2050 3849 1975 3850 2051 3850 2052 3850 1975 3851 1977 3851 2051 3851 1973 3852 2052 3852 2053 3852 1973 3853 2053 3853 2054 3853 1973 3854 1975 3854 2052 3854 1971 3855 1973 3855 2054 3855 1969 3856 1971 3856 2054 3856 1969 3857 2054 3857 2055 3857 1969 3858 2055 3858 2056 3858 1967 3859 1969 3859 2056 3859 1965 3860 1967 3860 2056 3860 1965 3861 2056 3861 2057 3861 1963 3862 1965 3862 2057 3862 1963 3863 2057 3863 2058 3863 1963 3864 2058 3864 2059 3864 1961 3865 1963 3865 2059 3865 1959 3866 1961 3866 2059 3866 1959 3867 2059 3867 2060 3867 1959 3868 2060 3868 2061 3868 1957 3869 1959 3869 2061 3869 1955 3870 1957 3870 2061 3870 1955 3871 2061 3871 2062 3871 1955 3872 2062 3872 2063 3872 1953 3873 1955 3873 2063 3873 1951 3874 2063 3874 2064 3874 1951 3875 1953 3875 2063 3875 1949 3876 2064 3876 2065 3876 1949 3877 1951 3877 2064 3877 1948 3878 2065 3878 2066 3878 1948 3879 1949 3879 2065 3879 1943 3880 2066 3880 2067 3880 1943 3881 2067 3881 2068 3881 1943 3882 1948 3882 2066 3882 1944 3883 1943 3883 2068 3883 1941 3884 2068 3884 2069 3884 1941 3885 1944 3885 2068 3885 1939 3886 2069 3886 2070 3886 1939 3887 2070 3887 2071 3887 1939 3888 1941 3888 2069 3888 1937 3889 2071 3889 2072 3889 1937 3890 1939 3890 2071 3890 1935 3891 1937 3891 2072 3891 1934 3892 2072 3892 2073 3892 1934 3893 1935 3893 2072 3893 1931 3894 2073 3894 2074 3894 1931 3895 1934 3895 2073 3895 1929 3896 2074 3896 2075 3896 1929 3897 1931 3897 2074 3897 1927 3898 2075 3898 2076 3898 1927 3899 2076 3899 2077 3899 1927 3900 1929 3900 2075 3900 1925 3901 1927 3901 2077 3901 1923 3902 1925 3902 2077 3902 1923 3903 2077 3903 2078 3903 1921 3904 1923 3904 2078 3904 1921 3905 2078 3905 2079 3905 1918 3906 1921 3906 2079 3906 1918 3907 2079 3907 2080 3907 1916 3908 1918 3908 2080 3908 1916 3909 2080 3909 2081 3909 1917 3910 1916 3910 2081 3910 1917 3911 2081 3911 2082 3911 1917 3912 2082 3912 2083 3912 1913 3913 1917 3913 2083 3913 1911 3914 1913 3914 2083 3914 1911 3915 2083 3915 2084 3915 1908 3916 1911 3916 2084 3916 1908 3917 2084 3917 2085 3917 1909 3918 1908 3918 2085 3918 1909 3919 2085 3919 2086 3919 1904 3920 1909 3920 2086 3920 1904 3921 2086 3921 2087 3921 1901 3922 1904 3922 2087 3922 1901 3923 2087 3923 2088 3923 1901 3924 2088 3924 2089 3924 1902 3925 1901 3925 2089 3925 1899 3926 1902 3926 2089 3926 1899 3927 2089 3927 2090 3927 1897 3928 1899 3928 2090 3928 1897 3929 2090 3929 2091 3929 1896 3930 1897 3930 2091 3930 1896 3931 2091 3931 2092 3931 1896 3932 2092 3932 2093 3932 1892 3933 1896 3933 2093 3933 1892 3934 2093 3934 2094 3934 1890 3935 1892 3935 2094 3935 1891 3936 1890 3936 2094 3936 1891 3937 2094 3937 2095 3937 1891 3938 2095 3938 2096 3938 1893 3939 1891 3939 2096 3939 1894 3940 1893 3940 2096 3940 1894 3941 2096 3941 2097 3941 1894 3942 2097 3942 2098 3942 1895 3943 1894 3943 2098 3943 1898 3944 2098 3944 2099 3944 1898 3945 1895 3945 2098 3945 1900 3946 2099 3946 2100 3946 1900 3947 2100 3947 2101 3947 1900 3948 1898 3948 2099 3948 1903 3949 1900 3949 2101 3949 1905 3950 2101 3950 2102 3950 1905 3951 1903 3951 2101 3951 1906 3952 2102 3952 2103 3952 1906 3953 2103 3953 2104 3953 1906 3954 1905 3954 2102 3954 1907 3955 1906 3955 2104 3955 1907 3956 2104 3956 2105 3956 1910 3957 1907 3957 2105 3957 1910 3958 2105 3958 2106 3958 1912 3959 1910 3959 2106 3959 1914 3960 1912 3960 2106 3960 1914 3961 2106 3961 2107 3961 1914 3962 2107 3962 2108 3962 1915 3963 1914 3963 2108 3963 1915 3964 2108 3964 2109 3964 1919 3965 1915 3965 2109 3965 1920 3966 1919 3966 2109 3966 1920 3967 2109 3967 2110 3967 1922 3968 1920 3968 2110 3968 1922 3969 2110 3969 2111 3969 1922 3970 2111 3970 2112 3970 1924 3971 1922 3971 2112 3971 1924 3972 2112 3972 2113 3972 1926 3973 1924 3973 2113 3973 1928 3974 1926 3974 2113 3974 1928 3975 2113 3975 2114 3975 1930 3976 1928 3976 2114 3976 1930 3977 2114 3977 2115 3977 1930 3978 2115 3978 2116 3978 1932 3979 2116 3979 2117 3979 1932 3980 1930 3980 2116 3980 1933 3981 2117 3981 2118 3981 1933 3982 1932 3982 2117 3982 1936 3983 1933 3983 2118 3983 1938 3984 2118 3984 2119 3984 1938 3985 1936 3985 2118 3985 1940 3986 2119 3986 2120 3986 1940 3987 2120 3987 2121 3987 1940 3988 1938 3988 2119 3988 1942 3989 1940 3989 2121 3989 1945 3990 2121 3990 2122 3990 1945 3991 2122 3991 2123 3991 1945 3992 1942 3992 2121 3992 1946 3993 2123 3993 2124 3993 1946 3994 1945 3994 2123 3994 1947 3995 1946 3995 2124 3995 1950 3996 2124 3996 2125 3996 1950 3997 2125 3997 2126 3997 1950 3998 1947 3998 2124 3998 1952 3999 1950 3999 2126 3999 1954 4000 2126 4000 2127 4000 1954 4001 1952 4001 2126 4001 1956 4002 1954 4002 2127 4002 1956 4003 2127 4003 2128 4003 1956 4004 2128 4004 2129 4004 1958 4005 1956 4005 2129 4005 1960 4006 2129 4006 2130 4006 1960 4007 2130 4007 2131 4007 1960 4008 1958 4008 2129 4008 1962 4009 2131 4009 2132 4009 1962 4010 1960 4010 2131 4010 1964 4011 1962 4011 2132 4011 1964 4012 2132 4012 2133 4012 1966 4013 1964 4013 2133 4013 1968 4014 2133 4014 2134 4014 1968 4015 1966 4015 2133 4015 1970 4016 2134 4016 2135 4016 1970 4017 2135 4017 2136 4017 1970 4018 1968 4018 2134 4018 1972 4019 1970 4019 2136 4019 1974 4020 2136 4020 2137 4020 1974 4021 2137 4021 2138 4021 1974 4022 1972 4022 2136 4022 1976 4023 2138 4023 2139 4023 1976 4024 1974 4024 2138 4024 1978 4025 2139 4025 2140 4025 1978 4026 1976 4026 2139 4026 1980 4027 1978 4027 2140 4027 1982 4028 2140 4028 2141 4028 1982 4029 1980 4029 2140 4029 1984 4030 2141 4030 2016 4030 1984 4031 1982 4031 2141 4031 2095 4032 2142 4032 2143 4032 2094 4033 2142 4033 2095 4033 2096 4034 2143 4034 2144 4034 2096 4035 2095 4035 2143 4035 2093 4036 2142 4036 2094 4036 2093 4037 2145 4037 2142 4037 2097 4038 2096 4038 2144 4038 2097 4039 2144 4039 2146 4039 2097 4040 2146 4040 2147 4040 2092 4041 2145 4041 2093 4041 2092 4042 2148 4042 2149 4042 2092 4043 2149 4043 2145 4043 2098 4044 2097 4044 2147 4044 2091 4045 2148 4045 2092 4045 2099 4046 2098 4046 2147 4046 2099 4047 2147 4047 2150 4047 2090 4048 2151 4048 2152 4048 2090 4049 2152 4049 2148 4049 2090 4050 2148 4050 2091 4050 2100 4051 2099 4051 2150 4051 2100 4052 2150 4052 2153 4052 2100 4053 2153 4053 2154 4053 2089 4054 2151 4054 2090 4054 2101 4055 2100 4055 2154 4055 2088 4056 2151 4056 2089 4056 2088 4057 2155 4057 2151 4057 2102 4058 2101 4058 2154 4058 2102 4059 2154 4059 2156 4059 2087 4060 2155 4060 2088 4060 2087 4061 2157 4061 2155 4061 2103 4062 2102 4062 2156 4062 2103 4063 2156 4063 2158 4063 2103 4064 2158 4064 2159 4064 2086 4065 2157 4065 2087 4065 2086 4066 2160 4066 2157 4066 2104 4067 2159 4067 2161 4067 2104 4068 2103 4068 2159 4068 2085 4069 2160 4069 2086 4069 2085 4070 2162 4070 2160 4070 2105 4071 2104 4071 2161 4071 2084 4072 2162 4072 2085 4072 2084 4073 2163 4073 2162 4073 2106 4074 2105 4074 2161 4074 2106 4075 2161 4075 2164 4075 2106 4076 2164 4076 2165 4076 2083 4077 2163 4077 2084 4077 2083 4078 2166 4078 2163 4078 2107 4079 2106 4079 2165 4079 2082 4080 2167 4080 2168 4080 2082 4081 2168 4081 2166 4081 2082 4082 2166 4082 2083 4082 2108 4083 2107 4083 2165 4083 2108 4084 2165 4084 2169 4084 2081 4085 2167 4085 2082 4085 2109 4086 2108 4086 2169 4086 2109 4087 2169 4087 2170 4087 2109 4088 2170 4088 2171 4088 2080 4089 2172 4089 2167 4089 2080 4090 2167 4090 2081 4090 2110 4091 2109 4091 2171 4091 2079 4092 2172 4092 2080 4092 2079 4093 2173 4093 2174 4093 2079 4094 2174 4094 2172 4094 2111 4095 2110 4095 2171 4095 2111 4096 2171 4096 2175 4096 2078 4097 2173 4097 2079 4097 2112 4098 2111 4098 2175 4098 2112 4099 2175 4099 2176 4099 2112 4100 2176 4100 2177 4100 2077 4101 2173 4101 2078 4101 2077 4102 2178 4102 2173 4102 2113 4103 2112 4103 2177 4103 2076 4104 2178 4104 2077 4104 2076 4105 2179 4105 2178 4105 2114 4106 2113 4106 2177 4106 2114 4107 2177 4107 2180 4107 2114 4108 2180 4108 2181 4108 2075 4109 2182 4109 2183 4109 2075 4110 2183 4110 2179 4110 2075 4111 2179 4111 2076 4111 2115 4112 2114 4112 2181 4112 2115 4113 2181 4113 2184 4113 2074 4114 2182 4114 2075 4114 2116 4115 2115 4115 2184 4115 2073 4116 2185 4116 2182 4116 2073 4117 2182 4117 2074 4117 2117 4118 2184 4118 2186 4118 2117 4119 2116 4119 2184 4119 2072 4120 2185 4120 2073 4120 2072 4121 2187 4121 2188 4121 2072 4122 2188 4122 2185 4122 2118 4123 2186 4123 2189 4123 2118 4124 2117 4124 2186 4124 2071 4125 2187 4125 2072 4125 2119 4126 2189 4126 2190 4126 2119 4127 2118 4127 2189 4127 2070 4128 2187 4128 2071 4128 2070 4129 2191 4129 2187 4129 2120 4130 2190 4130 2192 4130 2120 4131 2119 4131 2190 4131 2069 4132 2191 4132 2070 4132 2069 4133 2193 4133 2191 4133 2121 4134 2192 4134 2194 4134 2121 4135 2120 4135 2192 4135 2068 4136 2193 4136 2069 4136 2068 4137 2195 4137 2193 4137 2122 4138 2194 4138 2196 4138 2122 4139 2121 4139 2194 4139 2067 4140 2197 4140 2195 4140 2067 4141 2195 4141 2068 4141 2198 4142 2197 4142 2067 4142 2123 4143 2196 4143 2199 4143 2123 4144 2122 4144 2196 4144 2066 4145 2198 4145 2067 4145 2124 4146 2199 4146 2200 4146 2124 4147 2123 4147 2199 4147 2065 4148 2201 4148 2198 4148 2065 4149 2198 4149 2066 4149 2202 4150 2124 4150 2200 4150 2125 4151 2124 4151 2202 4151 2064 4152 2201 4152 2065 4152 2064 4153 2203 4153 2201 4153 2126 4154 2202 4154 2204 4154 2126 4155 2125 4155 2202 4155 2205 4156 2064 4156 2063 4156 2205 4157 2203 4157 2064 4157 2206 4158 2126 4158 2204 4158 2206 4159 2127 4159 2126 4159 2207 4160 2205 4160 2063 4160 2207 4161 2063 4161 2062 4161 2128 4162 2127 4162 2206 4162 2208 4163 2128 4163 2206 4163 2129 4164 2128 4164 2208 4164 2209 4165 2062 4165 2061 4165 2209 4166 2207 4166 2062 4166 2060 4167 2209 4167 2061 4167 2210 4168 2129 4168 2208 4168 2211 4169 2209 4169 2060 4169 2212 4170 2129 4170 2210 4170 2212 4171 2130 4171 2129 4171 2212 4172 2131 4172 2130 4172 2213 4173 2211 4173 2060 4173 2213 4174 2060 4174 2059 4174 2214 4175 2131 4175 2212 4175 2215 4176 2213 4176 2059 4176 2215 4177 2059 4177 2058 4177 2216 4178 2132 4178 2131 4178 2216 4179 2133 4179 2132 4179 2216 4180 2131 4180 2214 4180 2217 4181 2215 4181 2058 4181 2217 4182 2058 4182 2057 4182 2218 4183 2133 4183 2216 4183 2219 4184 2217 4184 2057 4184 2219 4185 2056 4185 2055 4185 2219 4186 2057 4186 2056 4186 2220 4187 2134 4187 2133 4187 2220 4188 2133 4188 2218 4188 2221 4189 2219 4189 2055 4189 2222 4190 2135 4190 2134 4190 2222 4191 2136 4191 2135 4191 2222 4192 2134 4192 2220 4192 2223 4193 2055 4193 2054 4193 2223 4194 2221 4194 2055 4194 2224 4195 2136 4195 2222 4195 2225 4196 2054 4196 2053 4196 2225 4197 2223 4197 2054 4197 2226 4198 2137 4198 2136 4198 2226 4199 2136 4199 2224 4199 2227 4200 2053 4200 2052 4200 2227 4201 2225 4201 2053 4201 2228 4202 2138 4202 2137 4202 2228 4203 2137 4203 2226 4203 2229 4204 2051 4204 2050 4204 2229 4205 2052 4205 2051 4205 2229 4206 2227 4206 2052 4206 2230 4207 2139 4207 2138 4207 2230 4208 2140 4208 2139 4208 2230 4209 2138 4209 2228 4209 2231 4210 2229 4210 2050 4210 2232 4211 2140 4211 2230 4211 2233 4212 2231 4212 2050 4212 2233 4213 2049 4213 2048 4213 2233 4214 2050 4214 2049 4214 2234 4215 2140 4215 2232 4215 2234 4216 2141 4216 2140 4216 2235 4217 2233 4217 2048 4217 2236 4218 2017 4218 2016 4218 2236 4219 2141 4219 2234 4219 2236 4220 2016 4220 2141 4220 2237 4221 2235 4221 2048 4221 2237 4222 2047 4222 2046 4222 2237 4223 2048 4223 2047 4223 2238 4224 2017 4224 2236 4224 2238 4225 2018 4225 2017 4225 2239 4226 2237 4226 2046 4226 2240 4227 2018 4227 2238 4227 2241 4228 2046 4228 2045 4228 2241 4229 2239 4229 2046 4229 2242 4230 2019 4230 2018 4230 2242 4231 2020 4231 2019 4231 2242 4232 2018 4232 2240 4232 2243 4233 2045 4233 2044 4233 2243 4234 2241 4234 2045 4234 2244 4235 2021 4235 2020 4235 2244 4236 2020 4236 2242 4236 2245 4237 2243 4237 2044 4237 2245 4238 2044 4238 2043 4238 2246 4239 2021 4239 2244 4239 2247 4240 2245 4240 2043 4240 2247 4241 2043 4241 2042 4241 2248 4242 2021 4242 2246 4242 2248 4243 2022 4243 2021 4243 2248 4244 2023 4244 2022 4244 2249 4245 2247 4245 2042 4245 2249 4246 2042 4246 2041 4246 2250 4247 2023 4247 2248 4247 2251 4248 2249 4248 2041 4248 2251 4249 2040 4249 2039 4249 2251 4250 2041 4250 2040 4250 2252 4251 2023 4251 2250 4251 2252 4252 2024 4252 2023 4252 2253 4253 2251 4253 2039 4253 2254 4254 2025 4254 2024 4254 2254 4255 2026 4255 2025 4255 2254 4256 2024 4256 2252 4256 2255 4257 2038 4257 2037 4257 2255 4258 2039 4258 2038 4258 2255 4259 2253 4259 2039 4259 2256 4260 2026 4260 2254 4260 2257 4261 2255 4261 2037 4261 2258 4262 2026 4262 2256 4262 2258 4263 2027 4263 2026 4263 2259 4264 2257 4264 2037 4264 2259 4265 2036 4265 2035 4265 2259 4266 2037 4266 2036 4266 2260 4267 2028 4267 2027 4267 2260 4268 2029 4268 2028 4268 2260 4269 2027 4269 2258 4269 2261 4270 2259 4270 2035 4270 2262 4271 2029 4271 2260 4271 2263 4272 2261 4272 2035 4272 2263 4273 2035 4273 2034 4273 2264 4274 2029 4274 2262 4274 2264 4275 2030 4275 2029 4275 2265 4276 2034 4276 2033 4276 2265 4277 2263 4277 2034 4277 2266 4278 2031 4278 2030 4278 2266 4279 2030 4279 2264 4279 2267 4280 2032 4280 2031 4280 2267 4281 2033 4281 2032 4281 2267 4282 2265 4282 2033 4282 2267 4283 2031 4283 2266 4283 2238 4284 2268 4284 2269 4284 2238 4285 2269 4285 2270 4285 2238 4286 2236 4286 2268 4286 2240 4287 2238 4287 2270 4287 2242 4288 2270 4288 2271 4288 2242 4289 2271 4289 2272 4289 2242 4290 2240 4290 2270 4290 2244 4291 2242 4291 2272 4291 2246 4292 2272 4292 2273 4292 2246 4293 2244 4293 2272 4293 2248 4294 2273 4294 2274 4294 2248 4295 2246 4295 2273 4295 2250 4296 2274 4296 2275 4296 2250 4297 2275 4297 2276 4297 2250 4298 2248 4298 2274 4298 2252 4299 2250 4299 2276 4299 2254 4300 2276 4300 2277 4300 2254 4301 2252 4301 2276 4301 2256 4302 2277 4302 2278 4302 2256 4303 2278 4303 2279 4303 2256 4304 2254 4304 2277 4304 2258 4305 2256 4305 2279 4305 2260 4306 2258 4306 2279 4306 2260 4307 2279 4307 2280 4307 2260 4308 2280 4308 2281 4308 2262 4309 2260 4309 2281 4309 2264 4310 2281 4310 2282 4310 2264 4311 2262 4311 2281 4311 2266 4312 2282 4312 2283 4312 2266 4313 2264 4313 2282 4313 2267 4314 2283 4314 2284 4314 2267 4315 2284 4315 2285 4315 2267 4316 2266 4316 2283 4316 2265 4317 2267 4317 2285 4317 2263 4318 2285 4318 2286 4318 2263 4319 2265 4319 2285 4319 2261 4320 2286 4320 2287 4320 2261 4321 2263 4321 2286 4321 2259 4322 2287 4322 2288 4322 2259 4323 2261 4323 2287 4323 2257 4324 2288 4324 2289 4324 2257 4325 2259 4325 2288 4325 2255 4326 2289 4326 2290 4326 2255 4327 2257 4327 2289 4327 2253 4328 2290 4328 2291 4328 2253 4329 2255 4329 2290 4329 2251 4330 2291 4330 2292 4330 2251 4331 2292 4331 2293 4331 2251 4332 2253 4332 2291 4332 2249 4333 2251 4333 2293 4333 2247 4334 2293 4334 2294 4334 2247 4335 2249 4335 2293 4335 2245 4336 2294 4336 2295 4336 2245 4337 2247 4337 2294 4337 2243 4338 2295 4338 2296 4338 2243 4339 2245 4339 2295 4339 2241 4340 2296 4340 2297 4340 2241 4341 2297 4341 2298 4341 2241 4342 2243 4342 2296 4342 2239 4343 2298 4343 2299 4343 2239 4344 2241 4344 2298 4344 2237 4345 2239 4345 2299 4345 2235 4346 2299 4346 2300 4346 2235 4347 2300 4347 2301 4347 2235 4348 2237 4348 2299 4348 2233 4349 2235 4349 2301 4349 2231 4350 2301 4350 2302 4350 2231 4351 2233 4351 2301 4351 2229 4352 2302 4352 2303 4352 2229 4353 2231 4353 2302 4353 2227 4354 2303 4354 2304 4354 2227 4355 2304 4355 2305 4355 2227 4356 2229 4356 2303 4356 2225 4357 2227 4357 2305 4357 2223 4358 2225 4358 2305 4358 2223 4359 2305 4359 2306 4359 2221 4360 2223 4360 2306 4360 2221 4361 2306 4361 2307 4361 2221 4362 2307 4362 2308 4362 2219 4363 2221 4363 2308 4363 2219 4364 2308 4364 2309 4364 2217 4365 2219 4365 2309 4365 2215 4366 2217 4366 2309 4366 2215 4367 2309 4367 2310 4367 2213 4368 2215 4368 2310 4368 2213 4369 2310 4369 2311 4369 2213 4370 2311 4370 2312 4370 2211 4371 2213 4371 2312 4371 2209 4372 2211 4372 2312 4372 2209 4373 2312 4373 2313 4373 2209 4374 2313 4374 2314 4374 2207 4375 2209 4375 2314 4375 2205 4376 2207 4376 2314 4376 2205 4377 2314 4377 2315 4377 2203 4378 2315 4378 2316 4378 2203 4379 2205 4379 2315 4379 2201 4380 2316 4380 2317 4380 2201 4381 2203 4381 2316 4381 2198 4382 2317 4382 2318 4382 2198 4383 2201 4383 2317 4383 2197 4384 2318 4384 2319 4384 2197 4385 2319 4385 2320 4385 2197 4386 2198 4386 2318 4386 2195 4387 2197 4387 2320 4387 2193 4388 2320 4388 2321 4388 2193 4389 2195 4389 2320 4389 2191 4390 2321 4390 2322 4390 2191 4391 2322 4391 2323 4391 2191 4392 2193 4392 2321 4392 2187 4393 2323 4393 2324 4393 2187 4394 2191 4394 2323 4394 2188 4395 2187 4395 2324 4395 2185 4396 2324 4396 2325 4396 2185 4397 2188 4397 2324 4397 2182 4398 2325 4398 2326 4398 2182 4399 2326 4399 2327 4399 2182 4400 2185 4400 2325 4400 2183 4401 2327 4401 2328 4401 2183 4402 2182 4402 2327 4402 2179 4403 2183 4403 2328 4403 2178 4404 2328 4404 2329 4404 2178 4405 2179 4405 2328 4405 2173 4406 2329 4406 2330 4406 2173 4407 2178 4407 2329 4407 2174 4408 2173 4408 2330 4408 2174 4409 2330 4409 2331 4409 2172 4410 2174 4410 2331 4410 2172 4411 2331 4411 2332 4411 2172 4412 2332 4412 2333 4412 2167 4413 2172 4413 2333 4413 2167 4414 2333 4414 2334 4414 2168 4415 2167 4415 2334 4415 2166 4416 2168 4416 2334 4416 2166 4417 2334 4417 2335 4417 2163 4418 2166 4418 2335 4418 2163 4419 2335 4419 2336 4419 2163 4420 2336 4420 2337 4420 2162 4421 2163 4421 2337 4421 2162 4422 2337 4422 2338 4422 2160 4423 2162 4423 2338 4423 2157 4424 2160 4424 2338 4424 2157 4425 2338 4425 2339 4425 2155 4426 2157 4426 2339 4426 2155 4427 2339 4427 2340 4427 2155 4428 2340 4428 2341 4428 2151 4429 2155 4429 2341 4429 2152 4430 2151 4430 2341 4430 2152 4431 2341 4431 2342 4431 2152 4432 2342 4432 2343 4432 2148 4433 2152 4433 2343 4433 2148 4434 2343 4434 2344 4434 2149 4435 2148 4435 2344 4435 2145 4436 2149 4436 2344 4436 2145 4437 2344 4437 2345 4437 2142 4438 2145 4438 2345 4438 2142 4439 2345 4439 2346 4439 2142 4440 2346 4440 2347 4440 2143 4441 2142 4441 2347 4441 2144 4442 2143 4442 2347 4442 2144 4443 2347 4443 2348 4443 2146 4444 2144 4444 2348 4444 2146 4445 2348 4445 2349 4445 2147 4446 2146 4446 2349 4446 2147 4447 2349 4447 2350 4447 2150 4448 2350 4448 2351 4448 2150 4449 2147 4449 2350 4449 2153 4450 2351 4450 2352 4450 2153 4451 2150 4451 2351 4451 2154 4452 2352 4452 2353 4452 2154 4453 2153 4453 2352 4453 2156 4454 2353 4454 2354 4454 2156 4455 2154 4455 2353 4455 2158 4456 2156 4456 2354 4456 2158 4457 2354 4457 2355 4457 2159 4458 2158 4458 2355 4458 2159 4459 2355 4459 2356 4459 2161 4460 2159 4460 2356 4460 2161 4461 2356 4461 2357 4461 2161 4462 2357 4462 2358 4462 2164 4463 2161 4463 2358 4463 2164 4464 2358 4464 2359 4464 2165 4465 2164 4465 2359 4465 2169 4466 2165 4466 2359 4466 2169 4467 2359 4467 2360 4467 2170 4468 2169 4468 2360 4468 2170 4469 2360 4469 2361 4469 2171 4470 2170 4470 2361 4470 2171 4471 2361 4471 2362 4471 2175 4472 2171 4472 2362 4472 2175 4473 2362 4473 2363 4473 2176 4474 2175 4474 2363 4474 2176 4475 2363 4475 2364 4475 2177 4476 2176 4476 2364 4476 2177 4477 2364 4477 2365 4477 2180 4478 2177 4478 2365 4478 2180 4479 2365 4479 2366 4479 2180 4480 2366 4480 2367 4480 2181 4481 2180 4481 2367 4481 2184 4482 2368 4482 2369 4482 2184 4483 2181 4483 2367 4483 2184 4484 2367 4484 2368 4484 2186 4485 2184 4485 2369 4485 2189 4486 2369 4486 2370 4486 2189 4487 2186 4487 2369 4487 2190 4488 2370 4488 2371 4488 2190 4489 2189 4489 2370 4489 2192 4490 2371 4490 2372 4490 2192 4491 2372 4491 2373 4491 2192 4492 2190 4492 2371 4492 2194 4493 2192 4493 2373 4493 2196 4494 2373 4494 2374 4494 2196 4495 2194 4495 2373 4495 2199 4496 2374 4496 2375 4496 2199 4497 2196 4497 2374 4497 2200 4498 2375 4498 2376 4498 2200 4499 2376 4499 2377 4499 2200 4500 2199 4500 2375 4500 2202 4501 2200 4501 2377 4501 2204 4502 2377 4502 2378 4502 2204 4503 2202 4503 2377 4503 2206 4504 2378 4504 2379 4504 2206 4505 2379 4505 2380 4505 2206 4506 2204 4506 2378 4506 2208 4507 2380 4507 2381 4507 2208 4508 2206 4508 2380 4508 2210 4509 2208 4509 2381 4509 2212 4510 2381 4510 2382 4510 2212 4511 2382 4511 2383 4511 2212 4512 2210 4512 2381 4512 2214 4513 2212 4513 2383 4513 2216 4514 2214 4514 2383 4514 2216 4515 2383 4515 2384 4515 2218 4516 2384 4516 2385 4516 2218 4517 2385 4517 2386 4517 2218 4518 2216 4518 2384 4518 2220 4519 2218 4519 2386 4519 2222 4520 2386 4520 2387 4520 2222 4521 2387 4521 2388 4521 2222 4522 2220 4522 2386 4522 2224 4523 2222 4523 2388 4523 2226 4524 2388 4524 2389 4524 2226 4525 2389 4525 2390 4525 2226 4526 2224 4526 2388 4526 2228 4527 2226 4527 2390 4527 2230 4528 2390 4528 2391 4528 2230 4529 2228 4529 2390 4529 2232 4530 2391 4530 2392 4530 2232 4531 2392 4531 2393 4531 2232 4532 2230 4532 2391 4532 2234 4533 2232 4533 2393 4533 2236 4534 2393 4534 2268 4534 2236 4535 2234 4535 2393 4535 2394 4536 2316 4536 2315 4536 2394 4537 2317 4537 2316 4537 2394 4538 2315 4538 2395 4538 2396 4539 2315 4539 2314 4539 2396 4540 2395 4540 2315 4540 2397 4541 2317 4541 2394 4541 2398 4542 2313 4542 2312 4542 2398 4543 2314 4543 2313 4543 2398 4544 2396 4544 2314 4544 2399 4545 2318 4545 2317 4545 2399 4546 2317 4546 2397 4546 2400 4547 2398 4547 2312 4547 2401 4548 2318 4548 2399 4548 2401 4549 2319 4549 2318 4549 2402 4550 2311 4550 2310 4550 2402 4551 2312 4551 2311 4551 2402 4552 2400 4552 2312 4552 2403 4553 2320 4553 2319 4553 2403 4554 2319 4554 2401 4554 2404 4555 2402 4555 2310 4555 2405 4556 2321 4556 2320 4556 2405 4557 2320 4557 2403 4557 2406 4558 2404 4558 2310 4558 2406 4559 2310 4559 2309 4559 2407 4560 2321 4560 2405 4560 2407 4561 2322 4561 2321 4561 2408 4562 2406 4562 2309 4562 2408 4563 2309 4563 2308 4563 2409 4564 2323 4564 2322 4564 2409 4565 2324 4565 2323 4565 2409 4566 2322 4566 2407 4566 2410 4567 2308 4567 2307 4567 2410 4568 2408 4568 2308 4568 2411 4569 2325 4569 2324 4569 2411 4570 2324 4570 2409 4570 2412 4571 2307 4571 2306 4571 2412 4572 2410 4572 2307 4572 2413 4573 2326 4573 2325 4573 2413 4574 2325 4574 2411 4574 2414 4575 2412 4575 2306 4575 2414 4576 2305 4576 2304 4576 2414 4577 2306 4577 2305 4577 2415 4578 2326 4578 2413 4578 2416 4579 2414 4579 2304 4579 2417 4580 2327 4580 2326 4580 2417 4581 2328 4581 2327 4581 2417 4582 2326 4582 2415 4582 2418 4583 2304 4583 2303 4583 2418 4584 2416 4584 2304 4584 2419 4585 2328 4585 2417 4585 2420 4586 2418 4586 2303 4586 2420 4587 2302 4587 2301 4587 2420 4588 2303 4588 2302 4588 2421 4589 2329 4589 2328 4589 2421 4590 2330 4590 2329 4590 2421 4591 2328 4591 2419 4591 2422 4592 2420 4592 2301 4592 2423 4593 2330 4593 2421 4593 2424 4594 2301 4594 2300 4594 2424 4595 2422 4595 2301 4595 2425 4596 2331 4596 2330 4596 2425 4597 2330 4597 2423 4597 2426 4598 2300 4598 2299 4598 2426 4599 2424 4599 2300 4599 2427 4600 2332 4600 2331 4600 2427 4601 2331 4601 2425 4601 2428 4602 2299 4602 2298 4602 2428 4603 2426 4603 2299 4603 2429 4604 2333 4604 2332 4604 2429 4605 2332 4605 2427 4605 2430 4606 2297 4606 2296 4606 2430 4607 2298 4607 2297 4607 2430 4608 2428 4608 2298 4608 2431 4609 2333 4609 2429 4609 2431 4610 2334 4610 2333 4610 2432 4611 2430 4611 2296 4611 2433 4612 2335 4612 2334 4612 2433 4613 2334 4613 2431 4613 2434 4614 2296 4614 2295 4614 2434 4615 2432 4615 2296 4615 2435 4616 2335 4616 2433 4616 2435 4617 2336 4617 2335 4617 2436 4618 2434 4618 2295 4618 2436 4619 2295 4619 2294 4619 2437 4620 2336 4620 2435 4620 2437 4621 2337 4621 2336 4621 2438 4622 2294 4622 2293 4622 2438 4623 2436 4623 2294 4623 2439 4624 2337 4624 2437 4624 2439 4625 2338 4625 2337 4625 2440 4626 2293 4626 2292 4626 2440 4627 2438 4627 2293 4627 2441 4628 2338 4628 2439 4628 2441 4629 2339 4629 2338 4629 2442 4630 2292 4630 2291 4630 2442 4631 2440 4631 2292 4631 2443 4632 2339 4632 2441 4632 2443 4633 2340 4633 2339 4633 2444 4634 2290 4634 2289 4634 2444 4635 2291 4635 2290 4635 2444 4636 2442 4636 2291 4636 2445 4637 2340 4637 2443 4637 2445 4638 2341 4638 2340 4638 2446 4639 2444 4639 2289 4639 2447 4640 2341 4640 2445 4640 2447 4641 2342 4641 2341 4641 2448 4642 2289 4642 2288 4642 2448 4643 2446 4643 2289 4643 2287 4644 2448 4644 2288 4644 2449 4645 2342 4645 2447 4645 2449 4646 2343 4646 2342 4646 2450 4647 2448 4647 2287 4647 2451 4648 2343 4648 2449 4648 2451 4649 2344 4649 2343 4649 2452 4650 2287 4650 2286 4650 2452 4651 2450 4651 2287 4651 2453 4652 2345 4652 2344 4652 2453 4653 2344 4653 2451 4653 2454 4654 2286 4654 2285 4654 2454 4655 2452 4655 2286 4655 2346 4656 2345 4656 2453 4656 2455 4657 2346 4657 2453 4657 2456 4658 2285 4658 2284 4658 2456 4659 2454 4659 2285 4659 2457 4660 2346 4660 2455 4660 2347 4661 2346 4661 2457 4661 2458 4662 2456 4662 2284 4662 2283 4663 2458 4663 2284 4663 2348 4664 2457 4664 2459 4664 2348 4665 2347 4665 2457 4665 2282 4666 2458 4666 2283 4666 2282 4667 2460 4667 2458 4667 2349 4668 2459 4668 2461 4668 2349 4669 2348 4669 2459 4669 2462 4670 2349 4670 2461 4670 2281 4671 2460 4671 2282 4671 2281 4672 2463 4672 2460 4672 2350 4673 2349 4673 2462 4673 2464 4674 2350 4674 2462 4674 2280 4675 2463 4675 2281 4675 2280 4676 2465 4676 2463 4676 2351 4677 2350 4677 2464 4677 2279 4678 2466 4678 2465 4678 2279 4679 2465 4679 2280 4679 2352 4680 2464 4680 2467 4680 2352 4681 2351 4681 2464 4681 2278 4682 2468 4682 2466 4682 2278 4683 2466 4683 2279 4683 2353 4684 2467 4684 2469 4684 2353 4685 2352 4685 2467 4685 2277 4686 2468 4686 2278 4686 2277 4687 2470 4687 2471 4687 2277 4688 2471 4688 2468 4688 2354 4689 2469 4689 2472 4689 2354 4690 2353 4690 2469 4690 2276 4691 2473 4691 2470 4691 2276 4692 2470 4692 2277 4692 2355 4693 2472 4693 2474 4693 2355 4694 2354 4694 2472 4694 2275 4695 2473 4695 2276 4695 2356 4696 2474 4696 2475 4696 2356 4697 2355 4697 2474 4697 2274 4698 2476 4698 2473 4698 2274 4699 2473 4699 2275 4699 2357 4700 2475 4700 2477 4700 2357 4701 2356 4701 2475 4701 2273 4702 2478 4702 2476 4702 2273 4703 2476 4703 2274 4703 2358 4704 2477 4704 2479 4704 2358 4705 2357 4705 2477 4705 2272 4706 2480 4706 2478 4706 2272 4707 2478 4707 2273 4707 2359 4708 2479 4708 2481 4708 2359 4709 2358 4709 2479 4709 2271 4710 2482 4710 2480 4710 2271 4711 2480 4711 2272 4711 2360 4712 2359 4712 2481 4712 2360 4713 2481 4713 2483 4713 2270 4714 2484 4714 2482 4714 2270 4715 2482 4715 2271 4715 2361 4716 2483 4716 2485 4716 2361 4717 2485 4717 2486 4717 2361 4718 2360 4718 2483 4718 2269 4719 2484 4719 2270 4719 2269 4720 2487 4720 2484 4720 2362 4721 2486 4721 2488 4721 2362 4722 2361 4722 2486 4722 2268 4723 2487 4723 2269 4723 2268 4724 2489 4724 2487 4724 2268 4725 2490 4725 2489 4725 2363 4726 2362 4726 2488 4726 2393 4727 2490 4727 2268 4727 2364 4728 2488 4728 2491 4728 2364 4729 2363 4729 2488 4729 2392 4730 2492 4730 2493 4730 2392 4731 2493 4731 2490 4731 2392 4732 2490 4732 2393 4732 2365 4733 2491 4733 2494 4733 2365 4734 2494 4734 2495 4734 2365 4735 2364 4735 2491 4735 2391 4736 2492 4736 2392 4736 2366 4737 2365 4737 2495 4737 2390 4738 2492 4738 2391 4738 2390 4739 2496 4739 2497 4739 2390 4740 2497 4740 2492 4740 2367 4741 2495 4741 2498 4741 2367 4742 2498 4742 2499 4742 2367 4743 2366 4743 2495 4743 2389 4744 2496 4744 2390 4744 2368 4745 2367 4745 2499 4745 2388 4746 2496 4746 2389 4746 2388 4747 2500 4747 2496 4747 2369 4748 2368 4748 2499 4748 2369 4749 2499 4749 2501 4749 2387 4750 2500 4750 2388 4750 2387 4751 2502 4751 2500 4751 2370 4752 2501 4752 2503 4752 2370 4753 2369 4753 2501 4753 2386 4754 2502 4754 2387 4754 2386 4755 2504 4755 2502 4755 2371 4756 2370 4756 2503 4756 2371 4757 2503 4757 2505 4757 2371 4758 2505 4758 2506 4758 2385 4759 2504 4759 2386 4759 2385 4760 2507 4760 2508 4760 2385 4761 2508 4761 2504 4761 2372 4762 2371 4762 2506 4762 2384 4763 2507 4763 2385 4763 2373 4764 2372 4764 2506 4764 2373 4765 2506 4765 2509 4765 2383 4766 2510 4766 2507 4766 2383 4767 2507 4767 2384 4767 2374 4768 2509 4768 2511 4768 2374 4769 2373 4769 2509 4769 2382 4770 2510 4770 2383 4770 2382 4771 2512 4771 2513 4771 2382 4772 2513 4772 2510 4772 2375 4773 2374 4773 2511 4773 2375 4774 2511 4774 2514 4774 2375 4775 2514 4775 2515 4775 2381 4776 2512 4776 2382 4776 2376 4777 2375 4777 2515 4777 2380 4778 2516 4778 2517 4778 2380 4779 2517 4779 2512 4779 2380 4780 2512 4780 2381 4780 2377 4781 2376 4781 2515 4781 2377 4782 2515 4782 2518 4782 2377 4783 2518 4783 2519 4783 2379 4784 2516 4784 2380 4784 2378 4785 2519 4785 2516 4785 2378 4786 2377 4786 2519 4786 2378 4787 2516 4787 2379 4787 2487 4788 189 4788 184 4788 2487 4789 2489 4789 189 4789 2484 4790 184 4790 180 4790 2484 4791 2487 4791 184 4791 2482 4792 180 4792 178 4792 2482 4793 2484 4793 180 4793 2480 4794 178 4794 172 4794 2480 4795 172 4795 169 4795 2480 4796 2482 4796 178 4796 2478 4797 2480 4797 169 4797 2476 4798 169 4798 166 4798 2476 4799 2478 4799 169 4799 2473 4800 166 4800 160 4800 2473 4801 2476 4801 166 4801 2470 4802 160 4802 158 4802 2470 4803 2473 4803 160 4803 2471 4804 158 4804 152 4804 2471 4805 152 4805 149 4805 2471 4806 2470 4806 158 4806 2468 4807 2471 4807 149 4807 2466 4808 2468 4808 149 4808 2466 4809 149 4809 144 4809 2465 4810 2466 4810 144 4810 2465 4811 144 4811 140 4811 2463 4812 2465 4812 140 4812 2463 4813 140 4813 136 4813 2463 4814 136 4814 133 4814 2460 4815 2463 4815 133 4815 2458 4816 133 4816 128 4816 2458 4817 2460 4817 133 4817 2456 4818 128 4818 124 4818 2456 4819 2458 4819 128 4819 2454 4820 124 4820 121 4820 2454 4821 2456 4821 124 4821 2452 4822 121 4822 117 4822 2452 4823 2454 4823 121 4823 2450 4824 117 4824 113 4824 2450 4825 2452 4825 117 4825 2448 4826 113 4826 108 4826 2448 4827 2450 4827 113 4827 2446 4828 108 4828 104 4828 2446 4829 2448 4829 108 4829 2444 4830 104 4830 101 4830 2444 4831 2446 4831 104 4831 2442 4832 101 4832 94 4832 2442 4833 2444 4833 101 4833 2440 4834 94 4834 93 4834 2440 4835 2442 4835 94 4835 2438 4836 93 4836 89 4836 2438 4837 2440 4837 93 4837 2436 4838 89 4838 85 4838 2436 4839 85 4839 81 4839 2436 4840 2438 4840 89 4840 2434 4841 2436 4841 81 4841 2432 4842 81 4842 78 4842 2432 4843 2434 4843 81 4843 2430 4844 78 4844 74 4844 2430 4845 2432 4845 78 4845 2428 4846 74 4846 69 4846 2428 4847 2430 4847 74 4847 2426 4848 69 4848 62 4848 2426 4849 2428 4849 69 4849 2424 4850 62 4850 58 4850 2424 4851 58 4851 54 4851 2424 4852 2426 4852 62 4852 2422 4853 2424 4853 54 4853 2420 4854 54 4854 51 4854 2420 4855 2422 4855 54 4855 2418 4856 51 4856 46 4856 2418 4857 2420 4857 51 4857 2416 4858 46 4858 42 4858 2416 4859 42 4859 41 4859 2416 4860 2418 4860 46 4860 2414 4861 2416 4861 41 4861 2412 4862 2414 4862 41 4862 2412 4863 41 4863 34 4863 2410 4864 2412 4864 34 4864 2410 4865 34 4865 33 4865 2408 4866 2410 4866 33 4866 2408 4867 33 4867 29 4867 2406 4868 2408 4868 29 4868 2406 4869 29 4869 26 4869 2404 4870 2406 4870 26 4870 2404 4871 26 4871 18 4871 2402 4872 2404 4872 18 4872 2402 4873 18 4873 17 4873 2400 4874 2402 4874 17 4874 2400 4875 17 4875 10 4875 2398 4876 2400 4876 10 4876 2398 4877 10 4877 9 4877 2398 4878 9 4878 2 4878 2396 4879 2398 4879 2 4879 2396 4880 2 4880 1 4880 2395 4881 2396 4881 1 4881 2394 4882 1 4882 3 4882 2394 4883 2395 4883 1 4883 2397 4884 3 4884 7 4884 2397 4885 2394 4885 3 4885 2399 4886 7 4886 12 4886 2399 4887 12 4887 13 4887 2399 4888 2397 4888 7 4888 2401 4889 2399 4889 13 4889 2403 4890 13 4890 20 4890 2403 4891 2401 4891 13 4891 2405 4892 20 4892 23 4892 2405 4893 2403 4893 20 4893 2407 4894 23 4894 24 4894 2407 4895 2405 4895 23 4895 2409 4896 24 4896 31 4896 2409 4897 2407 4897 24 4897 2411 4898 31 4898 36 4898 2411 4899 36 4899 37 4899 2411 4900 2409 4900 31 4900 2413 4901 2411 4901 37 4901 2415 4902 37 4902 44 4902 2415 4903 2413 4903 37 4903 2417 4904 44 4904 48 4904 2417 4905 2415 4905 44 4905 2419 4906 48 4906 49 4906 2419 4907 2417 4907 48 4907 2421 4908 49 4908 56 4908 2421 4909 2419 4909 49 4909 2423 4910 56 4910 60 4910 2423 4911 2421 4911 56 4911 2425 4912 2423 4912 60 4912 2425 4913 60 4913 64 4913 2427 4914 2425 4914 64 4914 2427 4915 64 4915 67 4915 2429 4916 2427 4916 67 4916 2429 4917 67 4917 71 4917 2429 4918 71 4918 72 4918 2431 4919 2429 4919 72 4919 2433 4920 2431 4920 72 4920 2433 4921 72 4921 76 4921 2435 4922 2433 4922 76 4922 2435 4923 76 4923 83 4923 2435 4924 83 4924 87 4924 2437 4925 2435 4925 87 4925 2439 4926 2437 4926 87 4926 2439 4927 87 4927 91 4927 2439 4928 91 4928 96 4928 2441 4929 2439 4929 96 4929 2441 4930 96 4930 97 4930 2443 4931 2441 4931 97 4931 2445 4932 2443 4932 97 4932 2445 4933 97 4933 103 4933 2445 4934 103 4934 107 4934 2447 4935 2445 4935 107 4935 2447 4936 107 4936 111 4936 2449 4937 2447 4937 111 4937 2451 4938 2449 4938 111 4938 2451 4939 111 4939 114 4939 2453 4940 2451 4940 114 4940 2453 4941 114 4941 119 4941 2453 4942 119 4942 122 4942 2455 4943 2453 4943 122 4943 2457 4944 2455 4944 122 4944 2457 4945 122 4945 126 4945 2457 4946 126 4946 130 4946 2459 4947 2457 4947 130 4947 2459 4948 130 4948 135 4948 2461 4949 2459 4949 135 4949 2461 4950 135 4950 138 4950 2462 4951 2461 4951 138 4951 2464 4952 138 4952 142 4952 2464 4953 142 4953 147 4953 2464 4954 2462 4954 138 4954 2467 4955 147 4955 151 4955 2467 4956 2464 4956 147 4956 2469 4957 2467 4957 151 4957 2472 4958 151 4958 155 4958 2472 4959 2469 4959 151 4959 2474 4960 155 4960 159 4960 2474 4961 2472 4961 155 4961 2475 4962 2474 4962 159 4962 2475 4963 159 4963 163 4963 2475 4964 163 4964 168 4964 2477 4965 2475 4965 168 4965 2479 4966 2477 4966 168 4966 2479 4967 168 4967 170 4967 2479 4968 170 4968 175 4968 2481 4969 2479 4969 175 4969 2483 4970 2481 4970 175 4970 2483 4971 175 4971 179 4971 2485 4972 2483 4972 179 4972 2485 4973 179 4973 182 4973 2486 4974 2485 4974 182 4974 2486 4975 182 4975 186 4975 2486 4976 186 4976 191 4976 2488 4977 2486 4977 191 4977 2491 4978 2488 4978 191 4978 2491 4979 191 4979 194 4979 2491 4980 194 4980 199 4980 2494 4981 2491 4981 199 4981 2495 4982 2494 4982 199 4982 2495 4983 199 4983 202 4983 2498 4984 2495 4984 202 4984 2498 4985 202 4985 206 4985 2499 4986 2498 4986 206 4986 2499 4987 206 4987 210 4987 2501 4988 210 4988 214 4988 2501 4989 2499 4989 210 4989 2503 4990 214 4990 218 4990 2503 4991 2501 4991 214 4991 2505 4992 218 4992 222 4992 2505 4993 2503 4993 218 4993 2506 4994 222 4994 227 4994 2506 4995 227 4995 231 4995 2506 4996 2505 4996 222 4996 2509 4997 2506 4997 231 4997 2511 4998 231 4998 234 4998 2511 4999 2509 4999 231 4999 2514 5000 234 5000 239 5000 2514 5001 2511 5001 234 5001 2515 5002 239 5002 243 5002 2515 5003 2514 5003 239 5003 2518 5004 243 5004 247 5004 2518 5005 247 5005 250 5005 2518 5006 2515 5006 243 5006 2519 5007 250 5007 248 5007 2519 5008 2518 5008 250 5008 2516 5009 2519 5009 248 5009 2517 5010 248 5010 245 5010 2517 5011 2516 5011 248 5011 2512 5012 2517 5012 245 5012 2512 5013 245 5013 241 5013 2513 5014 2512 5014 241 5014 2513 5015 241 5015 237 5015 2510 5016 2513 5016 237 5016 2510 5017 237 5017 233 5017 2507 5018 2510 5018 233 5018 2507 5019 233 5019 229 5019 2508 5020 229 5020 224 5020 2508 5021 224 5021 220 5021 2508 5022 2507 5022 229 5022 2504 5023 220 5023 216 5023 2504 5024 2508 5024 220 5024 2502 5025 2504 5025 216 5025 2500 5026 216 5026 212 5026 2500 5027 2502 5027 216 5027 2496 5028 212 5028 208 5028 2496 5029 208 5029 204 5029 2496 5030 2500 5030 212 5030 2497 5031 204 5031 201 5031 2497 5032 2496 5032 204 5032 2492 5033 201 5033 196 5033 2492 5034 2497 5034 201 5034 2493 5035 2492 5035 196 5035 2490 5036 196 5036 192 5036 2490 5037 2493 5037 196 5037 2489 5038 2490 5038 192 5038 2489 5039 192 5039 189 5039 2520 5040 2521 5040 2522 5040 2523 5041 2521 5041 2520 5041 2522 5042 2524 5042 2525 5042 2521 5043 2524 5043 2522 5043 2525 5044 2526 5044 2527 5044 2524 5045 2526 5045 2525 5045 2527 5046 2528 5046 2529 5046 2529 5047 2528 5047 2530 5047 2526 5048 2528 5048 2527 5048 2528 5049 2531 5049 2530 5049 2530 5050 2532 5050 2533 5050 2531 5051 2532 5051 2530 5051 2533 5052 2534 5052 2535 5052 2535 5053 2534 5053 2536 5053 2532 5054 2534 5054 2533 5054 2534 5055 2537 5055 2536 5055 2536 5056 2538 5056 2539 5056 2539 5057 2538 5057 2540 5057 2537 5058 2538 5058 2536 5058 2538 5059 2541 5059 2540 5059 2541 5060 2542 5060 2540 5060 2540 5061 2542 5061 2543 5061 2542 5062 2544 5062 2543 5062 2543 5063 2544 5063 2545 5063 2544 5064 2546 5064 2545 5064 2545 5065 2546 5065 2547 5065 2547 5066 2548 5066 2549 5066 2546 5067 2548 5067 2547 5067 2549 5068 2550 5068 2551 5068 2548 5069 2550 5069 2549 5069 2551 5070 2552 5070 2553 5070 2550 5071 2552 5071 2551 5071 2553 5072 2554 5072 2555 5072 2552 5073 2554 5073 2553 5073 2555 5074 2556 5074 2557 5074 2554 5075 2556 5075 2555 5075 2557 5076 2558 5076 2559 5076 2556 5077 2558 5077 2557 5077 2559 5078 2560 5078 2561 5078 2558 5079 2560 5079 2559 5079 2561 5080 2562 5080 2563 5080 2560 5081 2562 5081 2561 5081 2563 5082 2564 5082 2565 5082 2565 5083 2564 5083 2566 5083 2562 5084 2564 5084 2563 5084 2564 5085 2567 5085 2566 5085 2566 5086 2568 5086 2569 5086 2567 5087 2568 5087 2566 5087 2569 5088 2570 5088 2571 5088 2568 5089 2570 5089 2569 5089 2571 5090 2572 5090 2573 5090 2573 5091 2572 5091 2574 5091 2570 5092 2572 5092 2571 5092 2574 5093 2575 5093 2576 5093 2572 5094 2575 5094 2574 5094 2575 5095 2577 5095 2576 5095 2576 5096 2578 5096 2579 5096 2579 5097 2578 5097 2580 5097 2577 5098 2578 5098 2576 5098 2578 5099 2581 5099 2580 5099 2580 5100 2582 5100 2583 5100 2583 5101 2582 5101 2584 5101 2581 5102 2582 5102 2580 5102 2582 5103 2585 5103 2584 5103 2584 5104 2586 5104 2587 5104 2585 5105 2586 5105 2584 5105 2587 5106 2588 5106 2589 5106 2586 5107 2588 5107 2587 5107 2589 5108 2590 5108 2591 5108 2591 5109 2590 5109 2592 5109 2588 5110 2590 5110 2589 5110 2590 5111 2593 5111 2592 5111 2593 5112 2594 5112 2592 5112 2592 5113 2594 5113 2595 5113 2594 5114 2596 5114 2595 5114 2595 5115 2596 5115 2597 5115 2597 5116 2596 5116 2598 5116 2596 5117 2599 5117 2598 5117 2599 5118 2600 5118 2598 5118 2598 5119 2600 5119 2601 5119 2601 5120 2600 5120 2602 5120 2600 5121 2603 5121 2602 5121 2603 5122 2604 5122 2602 5122 2602 5123 2604 5123 2605 5123 2605 5124 2604 5124 2606 5124 2604 5125 2607 5125 2606 5125 2606 5126 2607 5126 2608 5126 2607 5127 2609 5127 2608 5127 2609 5128 2610 5128 2608 5128 2608 5129 2610 5129 2611 5129 2610 5130 2612 5130 2611 5130 2611 5131 2612 5131 2613 5131 2612 5132 2614 5132 2613 5132 2613 5133 2614 5133 2615 5133 2615 5134 2616 5134 2617 5134 2614 5135 2616 5135 2615 5135 2617 5136 2618 5136 2619 5136 2616 5137 2618 5137 2617 5137 2619 5138 2620 5138 2621 5138 2618 5139 2620 5139 2619 5139 2621 5140 2622 5140 2623 5140 2620 5141 2622 5141 2621 5141 2623 5142 2624 5142 2625 5142 2622 5143 2624 5143 2623 5143 2625 5144 2626 5144 2627 5144 2624 5145 2626 5145 2625 5145 2627 5146 2628 5146 2629 5146 2626 5147 2628 5147 2627 5147 2629 5148 2630 5148 2631 5148 2628 5149 2630 5149 2629 5149 2631 5150 2632 5150 2633 5150 2633 5151 2632 5151 2634 5151 2630 5152 2632 5152 2631 5152 2632 5153 2635 5153 2634 5153 2634 5154 2636 5154 2637 5154 2635 5155 2636 5155 2634 5155 2637 5156 2638 5156 2639 5156 2636 5157 2638 5157 2637 5157 2639 5158 2640 5158 2641 5158 2638 5159 2640 5159 2639 5159 2641 5160 2642 5160 2643 5160 2640 5161 2642 5161 2641 5161 2643 5162 2644 5162 2645 5162 2642 5163 2644 5163 2643 5163 2644 5164 2646 5164 2645 5164 2645 5165 2646 5165 2647 5165 2646 5166 2648 5166 2647 5166 2647 5167 2648 5167 2649 5167 2648 5168 2650 5168 2649 5168 2649 5169 2650 5169 2651 5169 2650 5170 2652 5170 2651 5170 2651 5171 2652 5171 2653 5171 2652 5172 2654 5172 2653 5172 2653 5173 2654 5173 2655 5173 2655 5174 2654 5174 2656 5174 2654 5175 2657 5175 2656 5175 2657 5176 2658 5176 2656 5176 2656 5177 2658 5177 2659 5177 2659 5178 2658 5178 2660 5178 2658 5179 2661 5179 2660 5179 2661 5180 2662 5180 2660 5180 2660 5181 2662 5181 2663 5181 2662 5182 2664 5182 2663 5182 2663 5183 2664 5183 2665 5183 2664 5184 2666 5184 2665 5184 2665 5185 2666 5185 2667 5185 2667 5186 2666 5186 2668 5186 2666 5187 2669 5187 2668 5187 2669 5188 2670 5188 2668 5188 2668 5189 2670 5189 2671 5189 2670 5190 2672 5190 2671 5190 2671 5191 2672 5191 2673 5191 2672 5192 2674 5192 2673 5192 2673 5193 2674 5193 2675 5193 2675 5194 2674 5194 2676 5194 2674 5195 2677 5195 2676 5195 2676 5196 2677 5196 2678 5196 2677 5197 2679 5197 2678 5197 2679 5198 2680 5198 2678 5198 2678 5199 2680 5199 2681 5199 2680 5200 2682 5200 2681 5200 2681 5201 2682 5201 2683 5201 2682 5202 2684 5202 2683 5202 2683 5203 2684 5203 2685 5203 2685 5204 2686 5204 2687 5204 2687 5205 2686 5205 2688 5205 2684 5206 2686 5206 2685 5206 2686 5207 2689 5207 2688 5207 2688 5208 2689 5208 2690 5208 2689 5209 2691 5209 2690 5209 2690 5210 2692 5210 2693 5210 2693 5211 2692 5211 2694 5211 2691 5212 2692 5212 2690 5212 2692 5213 2695 5213 2694 5213 2695 5214 2696 5214 2694 5214 2694 5215 2696 5215 2697 5215 2696 5216 2698 5216 2697 5216 2697 5217 2698 5217 2699 5217 2698 5218 2700 5218 2699 5218 2699 5219 2700 5219 2701 5219 2700 5220 2702 5220 2701 5220 2701 5221 2702 5221 2703 5221 2702 5222 2704 5222 2703 5222 2703 5223 2704 5223 2705 5223 2705 5224 2704 5224 2706 5224 2704 5225 2707 5225 2706 5225 2707 5226 2708 5226 2706 5226 2706 5227 2708 5227 2709 5227 2709 5228 2708 5228 2710 5228 2708 5229 2711 5229 2710 5229 2711 5230 2712 5230 2710 5230 2710 5231 2712 5231 2713 5231 2713 5232 2712 5232 2714 5232 2712 5233 2715 5233 2714 5233 2715 5234 2716 5234 2714 5234 2714 5235 2716 5235 2717 5235 2716 5236 2718 5236 2717 5236 2717 5237 2718 5237 2719 5237 2719 5238 2718 5238 2720 5238 2718 5239 2721 5239 2720 5239 2720 5240 2722 5240 2723 5240 2721 5241 2722 5241 2720 5241 2723 5242 2724 5242 2725 5242 2722 5243 2724 5243 2723 5243 2725 5244 2726 5244 2727 5244 2724 5245 2726 5245 2725 5245 2727 5246 2728 5246 2729 5246 2726 5247 2728 5247 2727 5247 2729 5248 2730 5248 2731 5248 2728 5249 2730 5249 2729 5249 2731 5250 2732 5250 2733 5250 2730 5251 2732 5251 2731 5251 2733 5252 2734 5252 2735 5252 2732 5253 2734 5253 2733 5253 2735 5254 2736 5254 2737 5254 2734 5255 2736 5255 2735 5255 2737 5256 2738 5256 2739 5256 2736 5257 2738 5257 2737 5257 2739 5258 2740 5258 2741 5258 2738 5259 2740 5259 2739 5259 2741 5260 2742 5260 2743 5260 2740 5261 2742 5261 2741 5261 2743 5262 2744 5262 2745 5262 2742 5263 2744 5263 2743 5263 2744 5264 2746 5264 2745 5264 2745 5265 2746 5265 2747 5265 2746 5266 2748 5266 2747 5266 2747 5267 2748 5267 2749 5267 2748 5268 2750 5268 2749 5268 2749 5269 2750 5269 2751 5269 2750 5270 2752 5270 2751 5270 2751 5271 2752 5271 2753 5271 2753 5272 2754 5272 2755 5272 2752 5273 2754 5273 2753 5273 2755 5274 2756 5274 2757 5274 2754 5275 2756 5275 2755 5275 2757 5276 2758 5276 2759 5276 2756 5277 2758 5277 2757 5277 2759 5278 2760 5278 2761 5278 2758 5279 2760 5279 2759 5279 2761 5280 2762 5280 2763 5280 2760 5281 2762 5281 2761 5281 2763 5282 2764 5282 2765 5282 2762 5283 2764 5283 2763 5283 2765 5284 2766 5284 2767 5284 2764 5285 2766 5285 2765 5285 2767 5286 2768 5286 2769 5286 2769 5287 2768 5287 2770 5287 2766 5288 2768 5288 2767 5288 2768 5289 2771 5289 2770 5289 2770 5290 2771 5290 2520 5290 2771 5291 2523 5291 2520 5291 2677 5292 2772 5292 2773 5292 2677 5293 2773 5293 2774 5293 2677 5294 2774 5294 2679 5294 2680 5295 2774 5295 2775 5295 2680 5296 2679 5296 2774 5296 2674 5297 2772 5297 2677 5297 2682 5298 2680 5298 2775 5298 2682 5299 2775 5299 2776 5299 2672 5300 2772 5300 2674 5300 2672 5301 2777 5301 2778 5301 2672 5302 2778 5302 2772 5302 2684 5303 2682 5303 2776 5303 2684 5304 2776 5304 2779 5304 2684 5305 2779 5305 2780 5305 2670 5306 2777 5306 2672 5306 2686 5307 2684 5307 2780 5307 2669 5308 2781 5308 2777 5308 2669 5309 2777 5309 2670 5309 2689 5310 2686 5310 2780 5310 2689 5311 2780 5311 2782 5311 2689 5312 2782 5312 2783 5312 2666 5313 2781 5313 2669 5313 2666 5314 2784 5314 2781 5314 2691 5315 2689 5315 2783 5315 2664 5316 2784 5316 2666 5316 2664 5317 2785 5317 2786 5317 2664 5318 2786 5318 2784 5318 2692 5319 2691 5319 2783 5319 2692 5320 2783 5320 2787 5320 2692 5321 2787 5321 2788 5321 2662 5322 2785 5322 2664 5322 2695 5323 2692 5323 2788 5323 2661 5324 2785 5324 2662 5324 2661 5325 2789 5325 2785 5325 2696 5326 2695 5326 2788 5326 2696 5327 2788 5327 2790 5327 2658 5328 2789 5328 2661 5328 2658 5329 2791 5329 2789 5329 2698 5330 2696 5330 2790 5330 2698 5331 2790 5331 2792 5331 2698 5332 2792 5332 2793 5332 2657 5333 2791 5333 2658 5333 2657 5334 2794 5334 2791 5334 2700 5335 2793 5335 2795 5335 2700 5336 2698 5336 2793 5336 2654 5337 2796 5337 2797 5337 2654 5338 2797 5338 2794 5338 2654 5339 2794 5339 2657 5339 2702 5340 2700 5340 2795 5340 2652 5341 2796 5341 2654 5341 2704 5342 2702 5342 2795 5342 2704 5343 2795 5343 2798 5343 2704 5344 2798 5344 2799 5344 2650 5345 2800 5345 2796 5345 2650 5346 2796 5346 2652 5346 2707 5347 2704 5347 2799 5347 2648 5348 2801 5348 2800 5348 2648 5349 2800 5349 2650 5349 2708 5350 2707 5350 2799 5350 2708 5351 2799 5351 2802 5351 2646 5352 2803 5352 2801 5352 2646 5353 2801 5353 2648 5353 2711 5354 2708 5354 2802 5354 2711 5355 2802 5355 2804 5355 2644 5356 2803 5356 2646 5356 2644 5357 2805 5357 2803 5357 2712 5358 2804 5358 2806 5358 2712 5359 2711 5359 2804 5359 2642 5360 2805 5360 2644 5360 2642 5361 2807 5361 2805 5361 2715 5362 2712 5362 2806 5362 2715 5363 2806 5363 2808 5363 2640 5364 2807 5364 2642 5364 2640 5365 2809 5365 2807 5365 2716 5366 2715 5366 2808 5366 2716 5367 2808 5367 2810 5367 2638 5368 2809 5368 2640 5368 2638 5369 2811 5369 2809 5369 2718 5370 2716 5370 2810 5370 2718 5371 2810 5371 2812 5371 2636 5372 2811 5372 2638 5372 2636 5373 2813 5373 2814 5373 2636 5374 2814 5374 2811 5374 2721 5375 2718 5375 2812 5375 2721 5376 2812 5376 2815 5376 2635 5377 2813 5377 2636 5377 2722 5378 2815 5378 2816 5378 2722 5379 2816 5379 2817 5379 2722 5380 2721 5380 2815 5380 2632 5381 2813 5381 2635 5381 2632 5382 2818 5382 2813 5382 2724 5383 2817 5383 2819 5383 2724 5384 2722 5384 2817 5384 2630 5385 2818 5385 2632 5385 2630 5386 2820 5386 2818 5386 2726 5387 2724 5387 2819 5387 2628 5388 2820 5388 2630 5388 2628 5389 2821 5389 2820 5389 2728 5390 2819 5390 2822 5390 2728 5391 2726 5391 2819 5391 2626 5392 2821 5392 2628 5392 2626 5393 2823 5393 2821 5393 2730 5394 2822 5394 2824 5394 2730 5395 2824 5395 2825 5395 2730 5396 2728 5396 2822 5396 2624 5397 2826 5397 2827 5397 2624 5398 2827 5398 2823 5398 2624 5399 2823 5399 2626 5399 2732 5400 2730 5400 2825 5400 2622 5401 2826 5401 2624 5401 2734 5402 2825 5402 2828 5402 2734 5403 2732 5403 2825 5403 2620 5404 2829 5404 2826 5404 2620 5405 2826 5405 2622 5405 2736 5406 2828 5406 2830 5406 2736 5407 2734 5407 2828 5407 2618 5408 2831 5408 2829 5408 2618 5409 2829 5409 2620 5409 2738 5410 2830 5410 2832 5410 2738 5411 2736 5411 2830 5411 2616 5412 2833 5412 2831 5412 2616 5413 2831 5413 2618 5413 2740 5414 2832 5414 2834 5414 2740 5415 2738 5415 2832 5415 2614 5416 2833 5416 2616 5416 2835 5417 2833 5417 2614 5417 2742 5418 2740 5418 2834 5418 2836 5419 2742 5419 2834 5419 2612 5420 2835 5420 2614 5420 2837 5421 2835 5421 2612 5421 2838 5422 2742 5422 2836 5422 2838 5423 2744 5423 2742 5423 2839 5424 2837 5424 2612 5424 2839 5425 2612 5425 2610 5425 2840 5426 2744 5426 2838 5426 2840 5427 2746 5427 2744 5427 2840 5428 2748 5428 2746 5428 2841 5429 2839 5429 2610 5429 2841 5430 2610 5430 2609 5430 2842 5431 2748 5431 2840 5431 2843 5432 2841 5432 2609 5432 2843 5433 2609 5433 2607 5433 2844 5434 2748 5434 2842 5434 2844 5435 2750 5435 2748 5435 2844 5436 2752 5436 2750 5436 2845 5437 2843 5437 2607 5437 2845 5438 2607 5438 2604 5438 2846 5439 2752 5439 2844 5439 2847 5440 2845 5440 2604 5440 2847 5441 2604 5441 2603 5441 2848 5442 2754 5442 2752 5442 2848 5443 2752 5443 2846 5443 2849 5444 2847 5444 2603 5444 2849 5445 2603 5445 2600 5445 2850 5446 2756 5446 2754 5446 2850 5447 2754 5447 2848 5447 2851 5448 2600 5448 2599 5448 2851 5449 2849 5449 2600 5449 2852 5450 2758 5450 2756 5450 2852 5451 2756 5451 2850 5451 2853 5452 2599 5452 2596 5452 2853 5453 2851 5453 2599 5453 2854 5454 2760 5454 2758 5454 2854 5455 2762 5455 2760 5455 2854 5456 2758 5456 2852 5456 2855 5457 2596 5457 2594 5457 2855 5458 2853 5458 2596 5458 2856 5459 2762 5459 2854 5459 2857 5460 2855 5460 2594 5460 2857 5461 2594 5461 2593 5461 2858 5462 2764 5462 2762 5462 2858 5463 2766 5463 2764 5463 2858 5464 2762 5464 2856 5464 2859 5465 2857 5465 2593 5465 2859 5466 2593 5466 2590 5466 2860 5467 2766 5467 2858 5467 2861 5468 2859 5468 2590 5468 2861 5469 2590 5469 2588 5469 2862 5470 2766 5470 2860 5470 2862 5471 2768 5471 2766 5471 2863 5472 2861 5472 2588 5472 2863 5473 2588 5473 2586 5473 2864 5474 2768 5474 2862 5474 2864 5475 2771 5475 2768 5475 2865 5476 2863 5476 2586 5476 2865 5477 2586 5477 2585 5477 2866 5478 2521 5478 2523 5478 2866 5479 2523 5479 2771 5479 2866 5480 2771 5480 2864 5480 2867 5481 2585 5481 2582 5481 2867 5482 2865 5482 2585 5482 2868 5483 2521 5483 2866 5483 2869 5484 2582 5484 2581 5484 2869 5485 2867 5485 2582 5485 2870 5486 2524 5486 2521 5486 2870 5487 2521 5487 2868 5487 2871 5488 2581 5488 2578 5488 2871 5489 2869 5489 2581 5489 2872 5490 2526 5490 2524 5490 2872 5491 2524 5491 2870 5491 2873 5492 2578 5492 2577 5492 2873 5493 2871 5493 2578 5493 2874 5494 2528 5494 2526 5494 2874 5495 2526 5495 2872 5495 2875 5496 2873 5496 2577 5496 2875 5497 2577 5497 2575 5497 2876 5498 2531 5498 2528 5498 2876 5499 2528 5499 2874 5499 2877 5500 2875 5500 2575 5500 2877 5501 2575 5501 2572 5501 2878 5502 2532 5502 2531 5502 2878 5503 2534 5503 2532 5503 2878 5504 2531 5504 2876 5504 2879 5505 2877 5505 2572 5505 2879 5506 2570 5506 2568 5506 2879 5507 2572 5507 2570 5507 2880 5508 2534 5508 2878 5508 2880 5509 2537 5509 2534 5509 2881 5510 2879 5510 2568 5510 2882 5511 2537 5511 2880 5511 2883 5512 2881 5512 2568 5512 2883 5513 2567 5513 2564 5513 2883 5514 2568 5514 2567 5514 2884 5515 2537 5515 2882 5515 2884 5516 2538 5516 2537 5516 2885 5517 2883 5517 2564 5517 2886 5518 2541 5518 2538 5518 2886 5519 2538 5519 2884 5519 2887 5520 2564 5520 2562 5520 2887 5521 2885 5521 2564 5521 2888 5522 2541 5522 2886 5522 2888 5523 2542 5523 2541 5523 2888 5524 2544 5524 2542 5524 2889 5525 2887 5525 2562 5525 2889 5526 2560 5526 2558 5526 2889 5527 2562 5527 2560 5527 2890 5528 2546 5528 2544 5528 2890 5529 2544 5529 2888 5529 2891 5530 2889 5530 2558 5530 2891 5531 2558 5531 2556 5531 2892 5532 2546 5532 2890 5532 2893 5533 2891 5533 2556 5533 2894 5534 2546 5534 2892 5534 2894 5535 2548 5535 2546 5535 2895 5536 2893 5536 2556 5536 2895 5537 2556 5537 2554 5537 2896 5538 2550 5538 2548 5538 2896 5539 2548 5539 2894 5539 2897 5540 2552 5540 2550 5540 2897 5541 2554 5541 2552 5541 2897 5542 2550 5542 2896 5542 2897 5543 2895 5543 2554 5543 2866 5544 2898 5544 2899 5544 2868 5545 2899 5545 2900 5545 2868 5546 2866 5546 2899 5546 2870 5547 2868 5547 2900 5547 2872 5548 2900 5548 2901 5548 2872 5549 2901 5549 2902 5549 2872 5550 2870 5550 2900 5550 2874 5551 2872 5551 2902 5551 2876 5552 2902 5552 2903 5552 2876 5553 2874 5553 2902 5553 2878 5554 2903 5554 2904 5554 2878 5555 2876 5555 2903 5555 2880 5556 2904 5556 2905 5556 2880 5557 2878 5557 2904 5557 2882 5558 2905 5558 2906 5558 2882 5559 2880 5559 2905 5559 2884 5560 2906 5560 2907 5560 2884 5561 2882 5561 2906 5561 2886 5562 2907 5562 2908 5562 2886 5563 2908 5563 2909 5563 2886 5564 2884 5564 2907 5564 2888 5565 2886 5565 2909 5565 2890 5566 2888 5566 2909 5566 2890 5567 2909 5567 2910 5567 2892 5568 2890 5568 2910 5568 2892 5569 2910 5569 2911 5569 2892 5570 2911 5570 2912 5570 2894 5571 2912 5571 2913 5571 2894 5572 2892 5572 2912 5572 2896 5573 2894 5573 2913 5573 2897 5574 2896 5574 2913 5574 2897 5575 2913 5575 2914 5575 2895 5576 2914 5576 2915 5576 2895 5577 2897 5577 2914 5577 2893 5578 2915 5578 2916 5578 2893 5579 2895 5579 2915 5579 2891 5580 2916 5580 2917 5580 2891 5581 2893 5581 2916 5581 2889 5582 2917 5582 2918 5582 2889 5583 2891 5583 2917 5583 2887 5584 2918 5584 2919 5584 2887 5585 2919 5585 2920 5585 2887 5586 2889 5586 2918 5586 2885 5587 2887 5587 2920 5587 2883 5588 2920 5588 2921 5588 2883 5589 2885 5589 2920 5589 2881 5590 2921 5590 2922 5590 2881 5591 2883 5591 2921 5591 2879 5592 2922 5592 2923 5592 2879 5593 2881 5593 2922 5593 2877 5594 2923 5594 2924 5594 2877 5595 2879 5595 2923 5595 2875 5596 2924 5596 2925 5596 2875 5597 2877 5597 2924 5597 2873 5598 2925 5598 2926 5598 2873 5599 2875 5599 2925 5599 2871 5600 2926 5600 2927 5600 2871 5601 2873 5601 2926 5601 2869 5602 2927 5602 2928 5602 2869 5603 2871 5603 2927 5603 2867 5604 2928 5604 2929 5604 2867 5605 2929 5605 2930 5605 2867 5606 2869 5606 2928 5606 2865 5607 2867 5607 2930 5607 2863 5608 2930 5608 2931 5608 2863 5609 2865 5609 2930 5609 2861 5610 2931 5610 2932 5610 2861 5611 2863 5611 2931 5611 2859 5612 2932 5612 2933 5612 2859 5613 2861 5613 2932 5613 2857 5614 2933 5614 2934 5614 2857 5615 2859 5615 2933 5615 2855 5616 2934 5616 2935 5616 2855 5617 2935 5617 2936 5617 2855 5618 2857 5618 2934 5618 2853 5619 2855 5619 2936 5619 2851 5620 2853 5620 2936 5620 2851 5621 2936 5621 2937 5621 2851 5622 2937 5622 2938 5622 2849 5623 2851 5623 2938 5623 2849 5624 2938 5624 2939 5624 2847 5625 2849 5625 2939 5625 2845 5626 2847 5626 2939 5626 2845 5627 2939 5627 2940 5627 2843 5628 2845 5628 2940 5628 2843 5629 2940 5629 2941 5629 2841 5630 2843 5630 2941 5630 2841 5631 2941 5631 2942 5631 2839 5632 2841 5632 2942 5632 2839 5633 2942 5633 2943 5633 2837 5634 2839 5634 2943 5634 2837 5635 2943 5635 2944 5635 2835 5636 2837 5636 2944 5636 2835 5637 2944 5637 2945 5637 2833 5638 2945 5638 2946 5638 2833 5639 2835 5639 2945 5639 2831 5640 2946 5640 2947 5640 2831 5641 2833 5641 2946 5641 2829 5642 2947 5642 2948 5642 2829 5643 2831 5643 2947 5643 2826 5644 2948 5644 2949 5644 2826 5645 2829 5645 2948 5645 2827 5646 2949 5646 2950 5646 2827 5647 2826 5647 2949 5647 2823 5648 2950 5648 2951 5648 2823 5649 2827 5649 2950 5649 2821 5650 2951 5650 2952 5650 2821 5651 2823 5651 2951 5651 2820 5652 2952 5652 2953 5652 2820 5653 2821 5653 2952 5653 2818 5654 2953 5654 2954 5654 2818 5655 2820 5655 2953 5655 2813 5656 2954 5656 2955 5656 2813 5657 2955 5657 2956 5657 2813 5658 2818 5658 2954 5658 2814 5659 2813 5659 2956 5659 2811 5660 2956 5660 2957 5660 2811 5661 2814 5661 2956 5661 2809 5662 2957 5662 2958 5662 2809 5663 2811 5663 2957 5663 2807 5664 2958 5664 2959 5664 2807 5665 2809 5665 2958 5665 2805 5666 2959 5666 2960 5666 2805 5667 2960 5667 2961 5667 2805 5668 2807 5668 2959 5668 2803 5669 2805 5669 2961 5669 2801 5670 2803 5670 2961 5670 2801 5671 2961 5671 2962 5671 2800 5672 2801 5672 2962 5672 2800 5673 2962 5673 2963 5673 2796 5674 2800 5674 2963 5674 2796 5675 2963 5675 2964 5675 2797 5676 2796 5676 2964 5676 2797 5677 2964 5677 2965 5677 2794 5678 2797 5678 2965 5678 2794 5679 2965 5679 2966 5679 2791 5680 2794 5680 2966 5680 2791 5681 2966 5681 2967 5681 2789 5682 2791 5682 2967 5682 2789 5683 2967 5683 2968 5683 2789 5684 2968 5684 2969 5684 2785 5685 2789 5685 2969 5685 2786 5686 2785 5686 2969 5686 2786 5687 2969 5687 2970 5687 2784 5688 2786 5688 2970 5688 2784 5689 2970 5689 2971 5689 2781 5690 2784 5690 2971 5690 2781 5691 2971 5691 2972 5691 2777 5692 2781 5692 2972 5692 2777 5693 2972 5693 2973 5693 2778 5694 2777 5694 2973 5694 2778 5695 2973 5695 2974 5695 2772 5696 2778 5696 2974 5696 2772 5697 2974 5697 2975 5697 2772 5698 2975 5698 2976 5698 2773 5699 2772 5699 2976 5699 2774 5700 2773 5700 2976 5700 2774 5701 2976 5701 2977 5701 2775 5702 2774 5702 2977 5702 2775 5703 2977 5703 2978 5703 2776 5704 2775 5704 2978 5704 2776 5705 2978 5705 2979 5705 2779 5706 2776 5706 2979 5706 2779 5707 2979 5707 2980 5707 2779 5708 2980 5708 2981 5708 2780 5709 2779 5709 2981 5709 2782 5710 2981 5710 2982 5710 2782 5711 2982 5711 2983 5711 2782 5712 2780 5712 2981 5712 2783 5713 2983 5713 2984 5713 2783 5714 2782 5714 2983 5714 2787 5715 2783 5715 2984 5715 2788 5716 2984 5716 2985 5716 2788 5717 2787 5717 2984 5717 2790 5718 2788 5718 2985 5718 2790 5719 2985 5719 2986 5719 2790 5720 2986 5720 2987 5720 2792 5721 2790 5721 2987 5721 2793 5722 2792 5722 2987 5722 2793 5723 2987 5723 2988 5723 2793 5724 2988 5724 2989 5724 2795 5725 2793 5725 2989 5725 2795 5726 2989 5726 2990 5726 2798 5727 2795 5727 2990 5727 2798 5728 2990 5728 2991 5728 2799 5729 2798 5729 2991 5729 2802 5730 2799 5730 2991 5730 2802 5731 2991 5731 2992 5731 2802 5732 2992 5732 2993 5732 2804 5733 2802 5733 2993 5733 2804 5734 2993 5734 2994 5734 2806 5735 2804 5735 2994 5735 2808 5736 2806 5736 2994 5736 2808 5737 2994 5737 2995 5737 2808 5738 2995 5738 2996 5738 2810 5739 2808 5739 2996 5739 2812 5740 2810 5740 2996 5740 2812 5741 2996 5741 2997 5741 2812 5742 2997 5742 2998 5742 2815 5743 2812 5743 2998 5743 2816 5744 2998 5744 2999 5744 2816 5745 2999 5745 3000 5745 2816 5746 2815 5746 2998 5746 2817 5747 3000 5747 3001 5747 2817 5748 2816 5748 3000 5748 2819 5749 2817 5749 3001 5749 2822 5750 3001 5750 3002 5750 2822 5751 3002 5751 3003 5751 2822 5752 2819 5752 3001 5752 2824 5753 2822 5753 3003 5753 2825 5754 3003 5754 3004 5754 2825 5755 3004 5755 3005 5755 2825 5756 2824 5756 3003 5756 2828 5757 2825 5757 3005 5757 2830 5758 3005 5758 3006 5758 2830 5759 2828 5759 3005 5759 2832 5760 3006 5760 3007 5760 2832 5761 3007 5761 3008 5761 2832 5762 2830 5762 3006 5762 2834 5763 2832 5763 3008 5763 2836 5764 3008 5764 3009 5764 2836 5765 2834 5765 3008 5765 2838 5766 2836 5766 3009 5766 2838 5767 3009 5767 3010 5767 2838 5768 3010 5768 3011 5768 2840 5769 2838 5769 3011 5769 2842 5770 3011 5770 3012 5770 2842 5771 2840 5771 3011 5771 2844 5772 3012 5772 3013 5772 2844 5773 3013 5773 3014 5773 2844 5774 2842 5774 3012 5774 2846 5775 2844 5775 3014 5775 2846 5776 3014 5776 3015 5776 2848 5777 2846 5777 3015 5777 2850 5778 3015 5778 3016 5778 2850 5779 2848 5779 3015 5779 2852 5780 3016 5780 3017 5780 2852 5781 2850 5781 3016 5781 2854 5782 3017 5782 3018 5782 2854 5783 2852 5783 3017 5783 2856 5784 3018 5784 3019 5784 2856 5785 3019 5785 3020 5785 2856 5786 2854 5786 3018 5786 2858 5787 3020 5787 3021 5787 2858 5788 2856 5788 3020 5788 2860 5789 2858 5789 3021 5789 2862 5790 3021 5790 3022 5790 2862 5791 2860 5791 3021 5791 2864 5792 3022 5792 3023 5792 2864 5793 2862 5793 3022 5793 2866 5794 3023 5794 2898 5794 2866 5795 2864 5795 3023 5795 3024 5796 2946 5796 2945 5796 3024 5797 2947 5797 2946 5797 3024 5798 2945 5798 3025 5798 3026 5799 2945 5799 2944 5799 3026 5800 3025 5800 2945 5800 3027 5801 2947 5801 3024 5801 3028 5802 3026 5802 2944 5802 3028 5803 2944 5803 2943 5803 3029 5804 2948 5804 2947 5804 3029 5805 2949 5805 2948 5805 3029 5806 2947 5806 3027 5806 3030 5807 3028 5807 2943 5807 3030 5808 2942 5808 2941 5808 3030 5809 2943 5809 2942 5809 3031 5810 2950 5810 2949 5810 3031 5811 2949 5811 3029 5811 3032 5812 3030 5812 2941 5812 3032 5813 2941 5813 2940 5813 3033 5814 2950 5814 3031 5814 3034 5815 3032 5815 2940 5815 3035 5816 2950 5816 3033 5816 3035 5817 2951 5817 2950 5817 3036 5818 2939 5818 2938 5818 3036 5819 2940 5819 2939 5819 3036 5820 3034 5820 2940 5820 3037 5821 2951 5821 3035 5821 3037 5822 2952 5822 2951 5822 3038 5823 3036 5823 2938 5823 3038 5824 2938 5824 2937 5824 3039 5825 2953 5825 2952 5825 3039 5826 2952 5826 3037 5826 3040 5827 3038 5827 2937 5827 3041 5828 2953 5828 3039 5828 3041 5829 2954 5829 2953 5829 3042 5830 2937 5830 2936 5830 3042 5831 3040 5831 2937 5831 3043 5832 2954 5832 3041 5832 3043 5833 2955 5833 2954 5833 3043 5834 2956 5834 2955 5834 3044 5835 2936 5835 2935 5835 3044 5836 3042 5836 2936 5836 3045 5837 2956 5837 3043 5837 3046 5838 2934 5838 2933 5838 3046 5839 2935 5839 2934 5839 3046 5840 3044 5840 2935 5840 3047 5841 2956 5841 3045 5841 3047 5842 2957 5842 2956 5842 3048 5843 3046 5843 2933 5843 3049 5844 2958 5844 2957 5844 3049 5845 2957 5845 3047 5845 3050 5846 3048 5846 2933 5846 3050 5847 2933 5847 2932 5847 3051 5848 2959 5848 2958 5848 3051 5849 2958 5849 3049 5849 3052 5850 2932 5850 2931 5850 3052 5851 3050 5851 2932 5851 3053 5852 2960 5852 2959 5852 3053 5853 2959 5853 3051 5853 3054 5854 2931 5854 2930 5854 3054 5855 3052 5855 2931 5855 3055 5856 2961 5856 2960 5856 3055 5857 2960 5857 3053 5857 3056 5858 3054 5858 2930 5858 3056 5859 2930 5859 2929 5859 3057 5860 2962 5860 2961 5860 3057 5861 2961 5861 3055 5861 3058 5862 2929 5862 2928 5862 3058 5863 3056 5863 2929 5863 3059 5864 2963 5864 2962 5864 3059 5865 2964 5865 2963 5865 3059 5866 2962 5866 3057 5866 3060 5867 2928 5867 2927 5867 3060 5868 3058 5868 2928 5868 3061 5869 2964 5869 3059 5869 3062 5870 3060 5870 2927 5870 3062 5871 2926 5871 2925 5871 3062 5872 2927 5872 2926 5872 3063 5873 2964 5873 3061 5873 3063 5874 2965 5874 2964 5874 3064 5875 3062 5875 2925 5875 3065 5876 2965 5876 3063 5876 3065 5877 2966 5877 2965 5877 3065 5878 2967 5878 2966 5878 3066 5879 3064 5879 2925 5879 3066 5880 2925 5880 2924 5880 3067 5881 2967 5881 3065 5881 3068 5882 3066 5882 2924 5882 3068 5883 2923 5883 2922 5883 3068 5884 2924 5884 2923 5884 3069 5885 2967 5885 3067 5885 3069 5886 2968 5886 2967 5886 3069 5887 2969 5887 2968 5887 3070 5888 3068 5888 2922 5888 3071 5889 2969 5889 3069 5889 3072 5890 2921 5890 2920 5890 3072 5891 2922 5891 2921 5891 3072 5892 3070 5892 2922 5892 3073 5893 2969 5893 3071 5893 3073 5894 2970 5894 2969 5894 3074 5895 3072 5895 2920 5895 3075 5896 2970 5896 3073 5896 3075 5897 2971 5897 2970 5897 3076 5898 2920 5898 2919 5898 3076 5899 3074 5899 2920 5899 3077 5900 2971 5900 3075 5900 3077 5901 2972 5901 2971 5901 3077 5902 2973 5902 2972 5902 3078 5903 2919 5903 2918 5903 3078 5904 3076 5904 2919 5904 3079 5905 2973 5905 3077 5905 3080 5906 2918 5906 2917 5906 3080 5907 3078 5907 2918 5907 2916 5908 3080 5908 2917 5908 3081 5909 2974 5909 2973 5909 3081 5910 2973 5910 3079 5910 3082 5911 3080 5911 2916 5911 3083 5912 2975 5912 2974 5912 3083 5913 2974 5913 3081 5913 3084 5914 2916 5914 2915 5914 3084 5915 3082 5915 2916 5915 3085 5916 2975 5916 3083 5916 3085 5917 2976 5917 2975 5917 3086 5918 2915 5918 2914 5918 3086 5919 3084 5919 2915 5919 2977 5920 3085 5920 3087 5920 2977 5921 2976 5921 3085 5921 2913 5922 3088 5922 3086 5922 2913 5923 3086 5923 2914 5923 2978 5924 3087 5924 3089 5924 2978 5925 2977 5925 3087 5925 2912 5926 3090 5926 3088 5926 2912 5927 3088 5927 2913 5927 2979 5928 3089 5928 3091 5928 2979 5929 2978 5929 3089 5929 3092 5930 2979 5930 3091 5930 2911 5931 3090 5931 2912 5931 2911 5932 3093 5932 3090 5932 2980 5933 2979 5933 3092 5933 2910 5934 3093 5934 2911 5934 2910 5935 3094 5935 3093 5935 2981 5936 3092 5936 3095 5936 2981 5937 2980 5937 3092 5937 2909 5938 3096 5938 3094 5938 2909 5939 3094 5939 2910 5939 2982 5940 3095 5940 3097 5940 2982 5941 2981 5941 3095 5941 2908 5942 3098 5942 3096 5942 2908 5943 3096 5943 2909 5943 2983 5944 3097 5944 3099 5944 2983 5945 3099 5945 3100 5945 2983 5946 2982 5946 3097 5946 2907 5947 3098 5947 2908 5947 2907 5948 3101 5948 3102 5948 2907 5949 3102 5949 3098 5949 2984 5950 3100 5950 3103 5950 2984 5951 2983 5951 3100 5951 2906 5952 3101 5952 2907 5952 2985 5953 2984 5953 3103 5953 2905 5954 3104 5954 3105 5954 2905 5955 3105 5955 3101 5955 2905 5956 3101 5956 2906 5956 2986 5957 3103 5957 3106 5957 2986 5958 2985 5958 3103 5958 2904 5959 3104 5959 2905 5959 2987 5960 3106 5960 3107 5960 2987 5961 2986 5961 3106 5961 2903 5962 3108 5962 3104 5962 2903 5963 3104 5963 2904 5963 2988 5964 3107 5964 3109 5964 2988 5965 2987 5965 3107 5965 2902 5966 3110 5966 3108 5966 2902 5967 3108 5967 2903 5967 2989 5968 2988 5968 3109 5968 2989 5969 3109 5969 3111 5969 2901 5970 3110 5970 2902 5970 2901 5971 3112 5971 3113 5971 2901 5972 3113 5972 3110 5972 2990 5973 2989 5973 3111 5973 2990 5974 3111 5974 3114 5974 2900 5975 3112 5975 2901 5975 2991 5976 2990 5976 3114 5976 2991 5977 3114 5977 3115 5977 2991 5978 3115 5978 3116 5978 2899 5979 3112 5979 2900 5979 2899 5980 3117 5980 3112 5980 2992 5981 3116 5981 3118 5981 2992 5982 2991 5982 3116 5982 2898 5983 3119 5983 3117 5983 2898 5984 3117 5984 2899 5984 2898 5985 3120 5985 3119 5985 2993 5986 2992 5986 3118 5986 3023 5987 3121 5987 3120 5987 3023 5988 3120 5988 2898 5988 2994 5989 3118 5989 3122 5989 2994 5990 2993 5990 3118 5990 3022 5991 3121 5991 3023 5991 2995 5992 3122 5992 3123 5992 2995 5993 2994 5993 3122 5993 3021 5994 3124 5994 3121 5994 3021 5995 3121 5995 3022 5995 2996 5996 3123 5996 3125 5996 2996 5997 2995 5997 3123 5997 3020 5998 3124 5998 3021 5998 3020 5999 3126 5999 3124 5999 2997 6000 3125 6000 3127 6000 2997 6001 2996 6001 3125 6001 3019 6002 3126 6002 3020 6002 3019 6003 3128 6003 3126 6003 2998 6004 3127 6004 3129 6004 2998 6005 2997 6005 3127 6005 3018 6006 3128 6006 3019 6006 3018 6007 3130 6007 3128 6007 2999 6008 2998 6008 3129 6008 2999 6009 3129 6009 3131 6009 3017 6010 3130 6010 3018 6010 3017 6011 3132 6011 3133 6011 3017 6012 3133 6012 3130 6012 3000 6013 3131 6013 3134 6013 3000 6014 2999 6014 3131 6014 3016 6015 3132 6015 3017 6015 3001 6016 3134 6016 3135 6016 3001 6017 3135 6017 3136 6017 3001 6018 3000 6018 3134 6018 3015 6019 3137 6019 3132 6019 3015 6020 3132 6020 3016 6020 3002 6021 3136 6021 3138 6021 3002 6022 3001 6022 3136 6022 3014 6023 3137 6023 3015 6023 3014 6024 3139 6024 3137 6024 3003 6025 3002 6025 3138 6025 3003 6026 3138 6026 3140 6026 3013 6027 3139 6027 3014 6027 3013 6028 3141 6028 3139 6028 3004 6029 3003 6029 3140 6029 3012 6030 3141 6030 3013 6030 3012 6031 3142 6031 3141 6031 3005 6032 3140 6032 3143 6032 3005 6033 3143 6033 3144 6033 3005 6034 3004 6034 3140 6034 3011 6035 3145 6035 3142 6035 3011 6036 3142 6036 3012 6036 3006 6037 3005 6037 3144 6037 3010 6038 3145 6038 3011 6038 3010 6039 3146 6039 3145 6039 3007 6040 3144 6040 3147 6040 3007 6041 3006 6041 3144 6041 3009 6042 3146 6042 3010 6042 3009 6043 3148 6043 3146 6043 3008 6044 3007 6044 3147 6044 3008 6045 3148 6045 3009 6045 3008 6046 3147 6046 3149 6046 3008 6047 3149 6047 3148 6047 3119 6048 3150 6048 3117 6048 3151 6049 3150 6049 3119 6049 3117 6050 3152 6050 3112 6050 3150 6051 3152 6051 3117 6051 3112 6052 3153 6052 3113 6052 3152 6053 3153 6053 3112 6053 3113 6054 3154 6054 3110 6054 3110 6055 3154 6055 3108 6055 3153 6056 3154 6056 3113 6056 3154 6057 3155 6057 3108 6057 3108 6058 3156 6058 3104 6058 3104 6059 3156 6059 3105 6059 3155 6060 3156 6060 3108 6060 3156 6061 3157 6061 3105 6061 3105 6062 3158 6062 3101 6062 3157 6063 3158 6063 3105 6063 3101 6064 3159 6064 3102 6064 3158 6065 3159 6065 3101 6065 3102 6066 3160 6066 3098 6066 3098 6067 3160 6067 3096 6067 3159 6068 3160 6068 3102 6068 3160 6069 3161 6069 3096 6069 3161 6070 3162 6070 3096 6070 3096 6071 3162 6071 3094 6071 3162 6072 3163 6072 3094 6072 3094 6073 3163 6073 3093 6073 3093 6074 3164 6074 3090 6074 3163 6075 3164 6075 3093 6075 3090 6076 3165 6076 3088 6076 3164 6077 3165 6077 3090 6077 3088 6078 3166 6078 3086 6078 3086 6079 3166 6079 3084 6079 3165 6080 3166 6080 3088 6080 3166 6081 3167 6081 3084 6081 3084 6082 3168 6082 3082 6082 3167 6083 3168 6083 3084 6083 3082 6084 3169 6084 3080 6084 3080 6085 3169 6085 3078 6085 3168 6086 3169 6086 3082 6086 3169 6087 3170 6087 3078 6087 3078 6088 3171 6088 3076 6088 3076 6089 3171 6089 3074 6089 3170 6090 3171 6090 3078 6090 3171 6091 3172 6091 3074 6091 3074 6092 3173 6092 3072 6092 3072 6093 3173 6093 3070 6093 3172 6094 3173 6094 3074 6094 3173 6095 3174 6095 3070 6095 3070 6096 3175 6096 3068 6096 3174 6097 3175 6097 3070 6097 3068 6098 3176 6098 3066 6098 3175 6099 3176 6099 3068 6099 3066 6100 3177 6100 3064 6100 3064 6101 3177 6101 3062 6101 3176 6102 3177 6102 3066 6102 3177 6103 3178 6103 3062 6103 3062 6104 3179 6104 3060 6104 3060 6105 3179 6105 3058 6105 3178 6106 3179 6106 3062 6106 3179 6107 3180 6107 3058 6107 3058 6108 3181 6108 3056 6108 3056 6109 3181 6109 3054 6109 3180 6110 3181 6110 3058 6110 3181 6111 3182 6111 3054 6111 3054 6112 3183 6112 3052 6112 3052 6113 3183 6113 3050 6113 3182 6114 3183 6114 3054 6114 3050 6115 3184 6115 3048 6115 3183 6116 3184 6116 3050 6116 3048 6117 3185 6117 3046 6117 3184 6118 3185 6118 3048 6118 3185 6119 3186 6119 3046 6119 3186 6120 3187 6120 3046 6120 3046 6121 3187 6121 3044 6121 3187 6122 3188 6122 3044 6122 3044 6123 3188 6123 3042 6123 3188 6124 3189 6124 3042 6124 3042 6125 3189 6125 3040 6125 3189 6126 3190 6126 3040 6126 3040 6127 3190 6127 3038 6127 3190 6128 3191 6128 3038 6128 3038 6129 3191 6129 3036 6129 3191 6130 3192 6130 3036 6130 3036 6131 3192 6131 3034 6131 3192 6132 3193 6132 3034 6132 3034 6133 3193 6133 3032 6133 3193 6134 3194 6134 3032 6134 3032 6135 3194 6135 3030 6135 3194 6136 3195 6136 3030 6136 3030 6137 3195 6137 3028 6137 3195 6138 3196 6138 3028 6138 3028 6139 3196 6139 3026 6139 3026 6140 3196 6140 3025 6140 3196 6141 3197 6141 3025 6141 3025 6142 3198 6142 3024 6142 3197 6143 3198 6143 3025 6143 3024 6144 3199 6144 3027 6144 3198 6145 3199 6145 3024 6145 3027 6146 3200 6146 3029 6146 3199 6147 3200 6147 3027 6147 3029 6148 3201 6148 3031 6148 3200 6149 3201 6149 3029 6149 3031 6150 3202 6150 3033 6150 3201 6151 3202 6151 3031 6151 3033 6152 3203 6152 3035 6152 3202 6153 3203 6153 3033 6153 3035 6154 3204 6154 3037 6154 3037 6155 3204 6155 3039 6155 3203 6156 3204 6156 3035 6156 3204 6157 3205 6157 3039 6157 3039 6158 3206 6158 3041 6158 3205 6159 3206 6159 3039 6159 3041 6160 3207 6160 3043 6160 3206 6161 3207 6161 3041 6161 3043 6162 3208 6162 3045 6162 3207 6163 3208 6163 3043 6163 3045 6164 3209 6164 3047 6164 3208 6165 3209 6165 3045 6165 3047 6166 3210 6166 3049 6166 3209 6167 3210 6167 3047 6167 3049 6168 3211 6168 3051 6168 3210 6169 3211 6169 3049 6169 3051 6170 3212 6170 3053 6170 3211 6171 3212 6171 3051 6171 3212 6172 3213 6172 3053 6172 3053 6173 3213 6173 3055 6173 3213 6174 3214 6174 3055 6174 3055 6175 3214 6175 3057 6175 3214 6176 3215 6176 3057 6176 3057 6177 3215 6177 3059 6177 3215 6178 3216 6178 3059 6178 3059 6179 3216 6179 3061 6179 3216 6180 3217 6180 3061 6180 3061 6181 3217 6181 3063 6181 3217 6182 3218 6182 3063 6182 3063 6183 3218 6183 3065 6183 3218 6184 3219 6184 3065 6184 3065 6185 3219 6185 3067 6185 3219 6186 3220 6186 3067 6186 3067 6187 3220 6187 3069 6187 3220 6188 3221 6188 3069 6188 3069 6189 3221 6189 3071 6189 3221 6190 3222 6190 3071 6190 3071 6191 3222 6191 3073 6191 3222 6192 3223 6192 3073 6192 3073 6193 3223 6193 3075 6193 3223 6194 3224 6194 3075 6194 3075 6195 3224 6195 3077 6195 3224 6196 3225 6196 3077 6196 3077 6197 3225 6197 3079 6197 3225 6198 3226 6198 3079 6198 3079 6199 3226 6199 3081 6199 3081 6200 3226 6200 3083 6200 3226 6201 3227 6201 3083 6201 3227 6202 3228 6202 3083 6202 3083 6203 3228 6203 3085 6203 3228 6204 3229 6204 3085 6204 3085 6205 3229 6205 3087 6205 3229 6206 3230 6206 3087 6206 3087 6207 3230 6207 3089 6207 3230 6208 3231 6208 3089 6208 3089 6209 3231 6209 3091 6209 3231 6210 3232 6210 3091 6210 3091 6211 3232 6211 3092 6211 3092 6212 3233 6212 3095 6212 3232 6213 3233 6213 3092 6213 3095 6214 3234 6214 3097 6214 3233 6215 3234 6215 3095 6215 3097 6216 3235 6216 3099 6216 3234 6217 3235 6217 3097 6217 3099 6218 3236 6218 3100 6218 3235 6219 3236 6219 3099 6219 3236 6220 3237 6220 3100 6220 3100 6221 3237 6221 3103 6221 3237 6222 3238 6222 3103 6222 3103 6223 3238 6223 3106 6223 3238 6224 3239 6224 3106 6224 3106 6225 3239 6225 3107 6225 3239 6226 3240 6226 3107 6226 3107 6227 3240 6227 3109 6227 3240 6228 3241 6228 3109 6228 3109 6229 3241 6229 3111 6229 3241 6230 3242 6230 3111 6230 3111 6231 3242 6231 3114 6231 3242 6232 3243 6232 3114 6232 3114 6233 3243 6233 3115 6233 3243 6234 3244 6234 3115 6234 3115 6235 3244 6235 3116 6235 3244 6236 3245 6236 3116 6236 3116 6237 3245 6237 3118 6237 3245 6238 3246 6238 3118 6238 3118 6239 3246 6239 3122 6239 3246 6240 3247 6240 3122 6240 3122 6241 3247 6241 3123 6241 3247 6242 3248 6242 3123 6242 3123 6243 3248 6243 3125 6243 3248 6244 3249 6244 3125 6244 3125 6245 3249 6245 3127 6245 3127 6246 3249 6246 3129 6246 3249 6247 3250 6247 3129 6247 3129 6248 3251 6248 3131 6248 3250 6249 3251 6249 3129 6249 3131 6250 3252 6250 3134 6250 3251 6251 3252 6251 3131 6251 3134 6252 3253 6252 3135 6252 3135 6253 3253 6253 3136 6253 3252 6254 3253 6254 3134 6254 3253 6255 3254 6255 3136 6255 3136 6256 3255 6256 3138 6256 3254 6257 3255 6257 3136 6257 3138 6258 3256 6258 3140 6258 3140 6259 3256 6259 3143 6259 3255 6260 3256 6260 3138 6260 3256 6261 3257 6261 3143 6261 3143 6262 3258 6262 3144 6262 3144 6263 3258 6263 3147 6263 3257 6264 3258 6264 3143 6264 3258 6265 3259 6265 3147 6265 3147 6266 3260 6266 3149 6266 3259 6267 3260 6267 3147 6267 3149 6268 3261 6268 3148 6268 3260 6269 3261 6269 3149 6269 3261 6270 3262 6270 3148 6270 3148 6271 3262 6271 3146 6271 3262 6272 3263 6272 3146 6272 3146 6273 3263 6273 3145 6273 3145 6274 3263 6274 3142 6274 3263 6275 3264 6275 3142 6275 3264 6276 3265 6276 3142 6276 3142 6277 3265 6277 3141 6277 3141 6278 3265 6278 3139 6278 3265 6279 3266 6279 3139 6279 3139 6280 3267 6280 3137 6280 3266 6281 3267 6281 3139 6281 3137 6282 3268 6282 3132 6282 3267 6283 3268 6283 3137 6283 3132 6284 3269 6284 3133 6284 3133 6285 3269 6285 3130 6285 3268 6286 3269 6286 3132 6286 3269 6287 3270 6287 3130 6287 3130 6288 3271 6288 3128 6288 3128 6289 3271 6289 3126 6289 3270 6290 3271 6290 3130 6290 3271 6291 3272 6291 3126 6291 3126 6292 3273 6292 3124 6292 3272 6293 3273 6293 3126 6293 3124 6294 3274 6294 3121 6294 3121 6295 3274 6295 3120 6295 3273 6296 3274 6296 3124 6296 3120 6297 3275 6297 3119 6297 3274 6298 3275 6298 3120 6298 3275 6299 3151 6299 3119 6299 3228 6300 3276 6300 3277 6300 3228 6301 3277 6301 3229 6301 3230 6302 3277 6302 3278 6302 3230 6303 3229 6303 3277 6303 3227 6304 3276 6304 3228 6304 3227 6305 3279 6305 3276 6305 3231 6306 3230 6306 3278 6306 3231 6307 3278 6307 3280 6307 3226 6308 3279 6308 3227 6308 3226 6309 3281 6309 3279 6309 3232 6310 3280 6310 3282 6310 3232 6311 3282 6311 3283 6311 3232 6312 3231 6312 3280 6312 3225 6313 3281 6313 3226 6313 3225 6314 3284 6314 3285 6314 3225 6315 3285 6315 3281 6315 3233 6316 3232 6316 3283 6316 3224 6317 3284 6317 3225 6317 3234 6318 3233 6318 3283 6318 3234 6319 3283 6319 3286 6319 3223 6320 3287 6320 3284 6320 3223 6321 3284 6321 3224 6321 3235 6322 3286 6322 3288 6322 3235 6323 3234 6323 3286 6323 3222 6324 3287 6324 3223 6324 3222 6325 3289 6325 3290 6325 3222 6326 3290 6326 3287 6326 3236 6327 3235 6327 3288 6327 3236 6328 3288 6328 3291 6328 3221 6329 3289 6329 3222 6329 3237 6330 3236 6330 3291 6330 3237 6331 3291 6331 3292 6331 3237 6332 3292 6332 3293 6332 3220 6333 3294 6333 3295 6333 3220 6334 3295 6334 3289 6334 3220 6335 3289 6335 3221 6335 3238 6336 3237 6336 3293 6336 3219 6337 3294 6337 3220 6337 3239 6338 3238 6338 3293 6338 3239 6339 3293 6339 3296 6339 3218 6340 3297 6340 3294 6340 3218 6341 3294 6341 3219 6341 3240 6342 3239 6342 3296 6342 3240 6343 3296 6343 3298 6343 3217 6344 3297 6344 3218 6344 3217 6345 3299 6345 3300 6345 3217 6346 3300 6346 3297 6346 3241 6347 3240 6347 3298 6347 3241 6348 3298 6348 3301 6348 3216 6349 3299 6349 3217 6349 3242 6350 3241 6350 3301 6350 3242 6351 3301 6351 3302 6351 3215 6352 3303 6352 3299 6352 3215 6353 3299 6353 3216 6353 3243 6354 3242 6354 3302 6354 3243 6355 3302 6355 3304 6355 3214 6356 3303 6356 3215 6356 3214 6357 3305 6357 3303 6357 3244 6358 3243 6358 3304 6358 3244 6359 3304 6359 3306 6359 3244 6360 3306 6360 3307 6360 3213 6361 3305 6361 3214 6361 3213 6362 3308 6362 3305 6362 3245 6363 3244 6363 3307 6363 3212 6364 3309 6364 3310 6364 3212 6365 3310 6365 3308 6365 3212 6366 3308 6366 3213 6366 3246 6367 3245 6367 3307 6367 3246 6368 3307 6368 3311 6368 3211 6369 3309 6369 3212 6369 3247 6370 3246 6370 3311 6370 3247 6371 3311 6371 3312 6371 3210 6372 3309 6372 3211 6372 3210 6373 3313 6373 3309 6373 3248 6374 3247 6374 3312 6374 3248 6375 3312 6375 3314 6375 3209 6376 3313 6376 3210 6376 3209 6377 3315 6377 3313 6377 3249 6378 3248 6378 3314 6378 3249 6379 3314 6379 3316 6379 3208 6380 3315 6380 3209 6380 3208 6381 3317 6381 3315 6381 3250 6382 3249 6382 3316 6382 3250 6383 3316 6383 3318 6383 3207 6384 3317 6384 3208 6384 3207 6385 3319 6385 3317 6385 3251 6386 3318 6386 3320 6386 3251 6387 3250 6387 3318 6387 3206 6388 3319 6388 3207 6388 3206 6389 3321 6389 3319 6389 3252 6390 3320 6390 3322 6390 3252 6391 3322 6391 3323 6391 3252 6392 3251 6392 3320 6392 3205 6393 3321 6393 3206 6393 3205 6394 3324 6394 3321 6394 3253 6395 3252 6395 3323 6395 3204 6396 3324 6396 3205 6396 3204 6397 3325 6397 3324 6397 3254 6398 3323 6398 3326 6398 3254 6399 3253 6399 3323 6399 3203 6400 3325 6400 3204 6400 3203 6401 3327 6401 3325 6401 3255 6402 3326 6402 3328 6402 3255 6403 3254 6403 3326 6403 3202 6404 3329 6404 3330 6404 3202 6405 3330 6405 3327 6405 3202 6406 3327 6406 3203 6406 3256 6407 3328 6407 3331 6407 3256 6408 3255 6408 3328 6408 3201 6409 3329 6409 3202 6409 3257 6410 3331 6410 3332 6410 3257 6411 3256 6411 3331 6411 3200 6412 3333 6412 3329 6412 3200 6413 3329 6413 3201 6413 3258 6414 3332 6414 3334 6414 3258 6415 3257 6415 3332 6415 3199 6416 3335 6416 3333 6416 3199 6417 3333 6417 3200 6417 3336 6418 3258 6418 3334 6418 3259 6419 3258 6419 3336 6419 3198 6420 3337 6420 3335 6420 3198 6421 3335 6421 3199 6421 3260 6422 3336 6422 3338 6422 3260 6423 3259 6423 3336 6423 3339 6424 3198 6424 3197 6424 3339 6425 3337 6425 3198 6425 3261 6426 3260 6426 3338 6426 3340 6427 3261 6427 3338 6427 3341 6428 3339 6428 3197 6428 3341 6429 3197 6429 3196 6429 3262 6430 3261 6430 3340 6430 3195 6431 3341 6431 3196 6431 3342 6432 3262 6432 3340 6432 3263 6433 3262 6433 3342 6433 3343 6434 3341 6434 3195 6434 3344 6435 3263 6435 3342 6435 3345 6436 3343 6436 3195 6436 3345 6437 3195 6437 3194 6437 3346 6438 3263 6438 3344 6438 3346 6439 3264 6439 3263 6439 3347 6440 3345 6440 3194 6440 3347 6441 3193 6441 3192 6441 3347 6442 3194 6442 3193 6442 3348 6443 3265 6443 3264 6443 3348 6444 3264 6444 3346 6444 3349 6445 3347 6445 3192 6445 3350 6446 3266 6446 3265 6446 3350 6447 3265 6447 3348 6447 3351 6448 3349 6448 3192 6448 3351 6449 3191 6449 3190 6449 3351 6450 3192 6450 3191 6450 3352 6451 3266 6451 3350 6451 3352 6452 3267 6452 3266 6452 3352 6453 3268 6453 3267 6453 3353 6454 3351 6454 3190 6454 3354 6455 3268 6455 3352 6455 3355 6456 3353 6456 3190 6456 3355 6457 3190 6457 3189 6457 3356 6458 3269 6458 3268 6458 3356 6459 3268 6459 3354 6459 3357 6460 3189 6460 3188 6460 3357 6461 3355 6461 3189 6461 3358 6462 3270 6462 3269 6462 3358 6463 3269 6463 3356 6463 3359 6464 3188 6464 3187 6464 3359 6465 3357 6465 3188 6465 3360 6466 3271 6466 3270 6466 3360 6467 3270 6467 3358 6467 3361 6468 3359 6468 3187 6468 3361 6469 3187 6469 3186 6469 3362 6470 3271 6470 3360 6470 3362 6471 3272 6471 3271 6471 3363 6472 3361 6472 3186 6472 3363 6473 3186 6473 3185 6473 3364 6474 3272 6474 3362 6474 3364 6475 3273 6475 3272 6475 3365 6476 3363 6476 3185 6476 3365 6477 3185 6477 3184 6477 3366 6478 3274 6478 3273 6478 3366 6479 3275 6479 3274 6479 3366 6480 3273 6480 3364 6480 3367 6481 3365 6481 3184 6481 3367 6482 3183 6482 3182 6482 3367 6483 3184 6483 3183 6483 3368 6484 3275 6484 3366 6484 3369 6485 3367 6485 3182 6485 3370 6486 3275 6486 3368 6486 3370 6487 3151 6487 3275 6487 3371 6488 3369 6488 3182 6488 3371 6489 3182 6489 3181 6489 3372 6490 3150 6490 3151 6490 3372 6491 3151 6491 3370 6491 3373 6492 3181 6492 3180 6492 3373 6493 3371 6493 3181 6493 3374 6494 3152 6494 3150 6494 3374 6495 3153 6495 3152 6495 3374 6496 3150 6496 3372 6496 3375 6497 3179 6497 3178 6497 3375 6498 3180 6498 3179 6498 3375 6499 3373 6499 3180 6499 3376 6500 3153 6500 3374 6500 3377 6501 3375 6501 3178 6501 3378 6502 3154 6502 3153 6502 3378 6503 3153 6503 3376 6503 3379 6504 3377 6504 3178 6504 3379 6505 3177 6505 3176 6505 3379 6506 3178 6506 3177 6506 3380 6507 3155 6507 3154 6507 3380 6508 3156 6508 3155 6508 3380 6509 3154 6509 3378 6509 3381 6510 3379 6510 3176 6510 3382 6511 3156 6511 3380 6511 3383 6512 3381 6512 3176 6512 3383 6513 3175 6513 3174 6513 3383 6514 3176 6514 3175 6514 3384 6515 3157 6515 3156 6515 3384 6516 3156 6516 3382 6516 3385 6517 3383 6517 3174 6517 3386 6518 3157 6518 3384 6518 3386 6519 3158 6519 3157 6519 3386 6520 3159 6520 3158 6520 3387 6521 3174 6521 3173 6521 3387 6522 3385 6522 3174 6522 3388 6523 3159 6523 3386 6523 3389 6524 3387 6524 3173 6524 3389 6525 3173 6525 3172 6525 3390 6526 3160 6526 3159 6526 3390 6527 3159 6527 3388 6527 3391 6528 3389 6528 3172 6528 3391 6529 3172 6529 3171 6529 3392 6530 3160 6530 3390 6530 3392 6531 3161 6531 3160 6531 3393 6532 3391 6532 3171 6532 3393 6533 3171 6533 3170 6533 3394 6534 3161 6534 3392 6534 3394 6535 3162 6535 3161 6535 3395 6536 3393 6536 3170 6536 3395 6537 3170 6537 3169 6537 3396 6538 3162 6538 3394 6538 3396 6539 3163 6539 3162 6539 3397 6540 3395 6540 3169 6540 3397 6541 3168 6541 3167 6541 3397 6542 3169 6542 3168 6542 3398 6543 3163 6543 3396 6543 3398 6544 3164 6544 3163 6544 3399 6545 3397 6545 3167 6545 3400 6546 3165 6546 3164 6546 3400 6547 3164 6547 3398 6547 3401 6548 3166 6548 3165 6548 3401 6549 3167 6549 3166 6549 3401 6550 3399 6550 3167 6550 3401 6551 3165 6551 3400 6551 3370 6552 3402 6552 3372 6552 3402 6553 3403 6553 3372 6553 3372 6554 3404 6554 3374 6554 3403 6555 3404 6555 3372 6555 3374 6556 3405 6556 3376 6556 3404 6557 3405 6557 3374 6557 3376 6558 3406 6558 3378 6558 3405 6559 3406 6559 3376 6559 3378 6560 3407 6560 3380 6560 3406 6561 3407 6561 3378 6561 3380 6562 3408 6562 3382 6562 3407 6563 3408 6563 3380 6563 3382 6564 3409 6564 3384 6564 3384 6565 3409 6565 3386 6565 3408 6566 3409 6566 3382 6566 3409 6567 3410 6567 3386 6567 3386 6568 3411 6568 3388 6568 3410 6569 3411 6569 3386 6569 3388 6570 3412 6570 3390 6570 3390 6571 3412 6571 3392 6571 3411 6572 3412 6572 3388 6572 3412 6573 3413 6573 3392 6573 3413 6574 3414 6574 3392 6574 3392 6575 3414 6575 3394 6575 3394 6576 3414 6576 3396 6576 3414 6577 3415 6577 3396 6577 3396 6578 3416 6578 3398 6578 3415 6579 3416 6579 3396 6579 3398 6580 3416 6580 3400 6580 3416 6581 3417 6581 3400 6581 3417 6582 3418 6582 3400 6582 3400 6583 3418 6583 3401 6583 3401 6584 3419 6584 3399 6584 3418 6585 3419 6585 3401 6585 3399 6586 3420 6586 3397 6586 3397 6587 3420 6587 3395 6587 3419 6588 3420 6588 3399 6588 3420 6589 3421 6589 3395 6589 3395 6590 3422 6590 3393 6590 3421 6591 3422 6591 3395 6591 3393 6592 3423 6592 3391 6592 3422 6593 3423 6593 3393 6593 3391 6594 3424 6594 3389 6594 3423 6595 3424 6595 3391 6595 3389 6596 3425 6596 3387 6596 3387 6597 3425 6597 3385 6597 3424 6598 3425 6598 3389 6598 3425 6599 3426 6599 3385 6599 3385 6600 3427 6600 3383 6600 3426 6601 3427 6601 3385 6601 3383 6602 3428 6602 3381 6602 3427 6603 3428 6603 3383 6603 3381 6604 3429 6604 3379 6604 3379 6605 3429 6605 3377 6605 3428 6606 3429 6606 3381 6606 3429 6607 3430 6607 3377 6607 3377 6608 3431 6608 3375 6608 3375 6609 3431 6609 3373 6609 3430 6610 3431 6610 3377 6610 3431 6611 3432 6611 3373 6611 3373 6612 3433 6612 3371 6612 3432 6613 3433 6613 3373 6613 3371 6614 3434 6614 3369 6614 3369 6615 3434 6615 3367 6615 3433 6616 3434 6616 3371 6616 3434 6617 3435 6617 3367 6617 3367 6618 3436 6618 3365 6618 3365 6619 3436 6619 3363 6619 3435 6620 3436 6620 3367 6620 3436 6621 3437 6621 3363 6621 3437 6622 3438 6622 3363 6622 3363 6623 3438 6623 3361 6623 3361 6624 3438 6624 3359 6624 3438 6625 3439 6625 3359 6625 3439 6626 3440 6626 3359 6626 3359 6627 3440 6627 3357 6627 3440 6628 3441 6628 3357 6628 3357 6629 3441 6629 3355 6629 3355 6630 3441 6630 3353 6630 3441 6631 3442 6631 3353 6631 3442 6632 3443 6632 3353 6632 3353 6633 3443 6633 3351 6633 3443 6634 3444 6634 3351 6634 3351 6635 3444 6635 3349 6635 3349 6636 3444 6636 3347 6636 3444 6637 3445 6637 3347 6637 3445 6638 3446 6638 3347 6638 3347 6639 3446 6639 3345 6639 3446 6640 3447 6640 3345 6640 3345 6641 3447 6641 3343 6641 3343 6642 3447 6642 3341 6642 3447 6643 3448 6643 3341 6643 3448 6644 3449 6644 3341 6644 3341 6645 3449 6645 3339 6645 3339 6646 3449 6646 3337 6646 3449 6647 3450 6647 3337 6647 3337 6648 3451 6648 3335 6648 3450 6649 3451 6649 3337 6649 3335 6650 3451 6650 3333 6650 3451 6651 3452 6651 3333 6651 3333 6652 3453 6652 3329 6652 3329 6653 3453 6653 3330 6653 3452 6654 3453 6654 3333 6654 3453 6655 3454 6655 3330 6655 3330 6656 3455 6656 3327 6656 3327 6657 3455 6657 3325 6657 3454 6658 3455 6658 3330 6658 3455 6659 3456 6659 3325 6659 3325 6660 3457 6660 3324 6660 3456 6661 3457 6661 3325 6661 3324 6662 3458 6662 3321 6662 3321 6663 3458 6663 3319 6663 3457 6664 3458 6664 3324 6664 3458 6665 3459 6665 3319 6665 3319 6666 3460 6666 3317 6666 3317 6667 3460 6667 3315 6667 3459 6668 3460 6668 3319 6668 3460 6669 3461 6669 3315 6669 3315 6670 3462 6670 3313 6670 3461 6671 3462 6671 3315 6671 3313 6672 3463 6672 3309 6672 3309 6673 3463 6673 3310 6673 3462 6674 3463 6674 3313 6674 3463 6675 3464 6675 3310 6675 3464 6676 3465 6676 3310 6676 3310 6677 3465 6677 3308 6677 3308 6678 3465 6678 3305 6678 3465 6679 3466 6679 3305 6679 3305 6680 3466 6680 3303 6680 3466 6681 3467 6681 3303 6681 3467 6682 3468 6682 3303 6682 3303 6683 3468 6683 3299 6683 3299 6684 3468 6684 3300 6684 3468 6685 3469 6685 3300 6685 3300 6686 3469 6686 3297 6686 3469 6687 3470 6687 3297 6687 3470 6688 3471 6688 3297 6688 3297 6689 3471 6689 3294 6689 3294 6690 3471 6690 3295 6690 3471 6691 3472 6691 3295 6691 3472 6692 3473 6692 3295 6692 3295 6693 3473 6693 3289 6693 3473 6694 3474 6694 3289 6694 3289 6695 3474 6695 3290 6695 3290 6696 3474 6696 3287 6696 3474 6697 3475 6697 3287 6697 3287 6698 3475 6698 3284 6698 3475 6699 3476 6699 3284 6699 3476 6700 3477 6700 3284 6700 3284 6701 3477 6701 3285 6701 3285 6702 3477 6702 3281 6702 3477 6703 3478 6703 3281 6703 3478 6704 3479 6704 3281 6704 3281 6705 3479 6705 3279 6705 3279 6706 3479 6706 3276 6706 3479 6707 3480 6707 3276 6707 3276 6708 3480 6708 3277 6708 3480 6709 3481 6709 3277 6709 3481 6710 3482 6710 3277 6710 3277 6711 3482 6711 3278 6711 3278 6712 3482 6712 3280 6712 3482 6713 3483 6713 3280 6713 3483 6714 3484 6714 3280 6714 3280 6715 3484 6715 3282 6715 3282 6716 3485 6716 3283 6716 3283 6717 3485 6717 3286 6717 3484 6718 3485 6718 3282 6718 3485 6719 3486 6719 3286 6719 3286 6720 3487 6720 3288 6720 3288 6721 3487 6721 3291 6721 3486 6722 3487 6722 3286 6722 3291 6723 3488 6723 3292 6723 3487 6724 3488 6724 3291 6724 3488 6725 3489 6725 3292 6725 3292 6726 3489 6726 3293 6726 3489 6727 3490 6727 3293 6727 3293 6728 3490 6728 3296 6728 3490 6729 3491 6729 3296 6729 3296 6730 3491 6730 3298 6730 3491 6731 3492 6731 3298 6731 3492 6732 3493 6732 3298 6732 3298 6733 3493 6733 3301 6733 3301 6734 3493 6734 3302 6734 3493 6735 3494 6735 3302 6735 3302 6736 3494 6736 3304 6736 3494 6737 3495 6737 3304 6737 3495 6738 3496 6738 3304 6738 3304 6739 3496 6739 3306 6739 3496 6740 3497 6740 3306 6740 3306 6741 3497 6741 3307 6741 3497 6742 3498 6742 3307 6742 3307 6743 3498 6743 3311 6743 3498 6744 3499 6744 3311 6744 3311 6745 3499 6745 3312 6745 3499 6746 3500 6746 3312 6746 3312 6747 3500 6747 3314 6747 3314 6748 3500 6748 3316 6748 3500 6749 3501 6749 3316 6749 3501 6750 3502 6750 3316 6750 3316 6751 3502 6751 3318 6751 3318 6752 3503 6752 3320 6752 3502 6753 3503 6753 3318 6753 3320 6754 3504 6754 3322 6754 3322 6755 3504 6755 3323 6755 3503 6756 3504 6756 3320 6756 3504 6757 3505 6757 3323 6757 3323 6758 3506 6758 3326 6758 3326 6759 3506 6759 3328 6759 3505 6760 3506 6760 3323 6760 3506 6761 3507 6761 3328 6761 3328 6762 3508 6762 3331 6762 3507 6763 3508 6763 3328 6763 3331 6764 3509 6764 3332 6764 3508 6765 3509 6765 3331 6765 3332 6766 3510 6766 3334 6766 3509 6767 3510 6767 3332 6767 3334 6768 3511 6768 3336 6768 3510 6769 3511 6769 3334 6769 3336 6770 3512 6770 3338 6770 3338 6771 3512 6771 3340 6771 3511 6772 3512 6772 3336 6772 3512 6773 3513 6773 3340 6773 3513 6774 3514 6774 3340 6774 3340 6775 3514 6775 3342 6775 3514 6776 3515 6776 3342 6776 3342 6777 3515 6777 3344 6777 3344 6778 3515 6778 3346 6778 3515 6779 3516 6779 3346 6779 3516 6780 3517 6780 3346 6780 3346 6781 3517 6781 3348 6781 3348 6782 3518 6782 3350 6782 3517 6783 3518 6783 3348 6783 3350 6784 3519 6784 3352 6784 3518 6785 3519 6785 3350 6785 3352 6786 3520 6786 3354 6786 3519 6787 3520 6787 3352 6787 3354 6788 3521 6788 3356 6788 3520 6789 3521 6789 3354 6789 3356 6790 3522 6790 3358 6790 3521 6791 3522 6791 3356 6791 3358 6792 3523 6792 3360 6792 3522 6793 3523 6793 3358 6793 3360 6794 3524 6794 3362 6794 3523 6795 3524 6795 3360 6795 3362 6796 3525 6796 3364 6796 3364 6797 3525 6797 3366 6797 3524 6798 3525 6798 3362 6798 3525 6799 3526 6799 3366 6799 3366 6800 3527 6800 3368 6800 3526 6801 3527 6801 3366 6801 3527 6802 3402 6802 3368 6802 3368 6803 3402 6803 3370 6803 2617 6804 3450 6804 3449 6804 2617 6805 3449 6805 2615 6805 2613 6806 3449 6806 3448 6806 2613 6807 2615 6807 3449 6807 2619 6808 3450 6808 2617 6808 2619 6809 3451 6809 3450 6809 2611 6810 2613 6810 3448 6810 2611 6811 3448 6811 3447 6811 2621 6812 3451 6812 2619 6812 2621 6813 3452 6813 3451 6813 2621 6814 3453 6814 3452 6814 2608 6815 3447 6815 3446 6815 2608 6816 2611 6816 3447 6816 2623 6817 3453 6817 2621 6817 2606 6818 3446 6818 3445 6818 2606 6819 2608 6819 3446 6819 2625 6820 3454 6820 3453 6820 2625 6821 3453 6821 2623 6821 2605 6822 3444 6822 3443 6822 2605 6823 3445 6823 3444 6823 2605 6824 2606 6824 3445 6824 2627 6825 3455 6825 3454 6825 2627 6826 3454 6826 2625 6826 2602 6827 2605 6827 3443 6827 2629 6828 3456 6828 3455 6828 2629 6829 3457 6829 3456 6829 2629 6830 3455 6830 2627 6830 2601 6831 2602 6831 3443 6831 2601 6832 3443 6832 3442 6832 2631 6833 3457 6833 2629 6833 2598 6834 3441 6834 3440 6834 2598 6835 3442 6835 3441 6835 2598 6836 2601 6836 3442 6836 2633 6837 3457 6837 2631 6837 2633 6838 3458 6838 3457 6838 2633 6839 3459 6839 3458 6839 2597 6840 2598 6840 3440 6840 2597 6841 3440 6841 3439 6841 2634 6842 3459 6842 2633 6842 2595 6843 3439 6843 3438 6843 2595 6844 2597 6844 3439 6844 2637 6845 3459 6845 2634 6845 2637 6846 3460 6846 3459 6846 2592 6847 2595 6847 3438 6847 2639 6848 3460 6848 2637 6848 2639 6849 3461 6849 3460 6849 2639 6850 3462 6850 3461 6850 2591 6851 2592 6851 3438 6851 2591 6852 3438 6852 3437 6852 2641 6853 3462 6853 2639 6853 2589 6854 2591 6854 3437 6854 2589 6855 3437 6855 3436 6855 2643 6856 3463 6856 3462 6856 2643 6857 3462 6857 2641 6857 2587 6858 3435 6858 3434 6858 2587 6859 3436 6859 3435 6859 2587 6860 2589 6860 3436 6860 2645 6861 3464 6861 3463 6861 2645 6862 3463 6862 2643 6862 2584 6863 2587 6863 3434 6863 2647 6864 3465 6864 3464 6864 2647 6865 3464 6865 2645 6865 2583 6866 2584 6866 3434 6866 2583 6867 3434 6867 3433 6867 2649 6868 3466 6868 3465 6868 2649 6869 3467 6869 3466 6869 2649 6870 3465 6870 2647 6870 2580 6871 3432 6871 3431 6871 2580 6872 3433 6872 3432 6872 2580 6873 2583 6873 3433 6873 2651 6874 3467 6874 2649 6874 2579 6875 2580 6875 3431 6875 2653 6876 3467 6876 2651 6876 2653 6877 3468 6877 3467 6877 2576 6878 3431 6878 3430 6878 2576 6879 2579 6879 3431 6879 2655 6880 3468 6880 2653 6880 2655 6881 3469 6881 3468 6881 2574 6882 2576 6882 3430 6882 2574 6883 3430 6883 3429 6883 2656 6884 3469 6884 2655 6884 2656 6885 3470 6885 3469 6885 2573 6886 3429 6886 3428 6886 2573 6887 2574 6887 3429 6887 2659 6888 3470 6888 2656 6888 2659 6889 3471 6889 3470 6889 2571 6890 3428 6890 3427 6890 2571 6891 2573 6891 3428 6891 2660 6892 3471 6892 2659 6892 2660 6893 3472 6893 3471 6893 2569 6894 3427 6894 3426 6894 2569 6895 2571 6895 3427 6895 2663 6896 3472 6896 2660 6896 2663 6897 3473 6897 3472 6897 2566 6898 3425 6898 3424 6898 2566 6899 3426 6899 3425 6899 2566 6900 2569 6900 3426 6900 2665 6901 3473 6901 2663 6901 2665 6902 3474 6902 3473 6902 2665 6903 3475 6903 3474 6903 2565 6904 2566 6904 3424 6904 2667 6905 3475 6905 2665 6905 2563 6906 3424 6906 3423 6906 2563 6907 2565 6907 3424 6907 2668 6908 3475 6908 2667 6908 2668 6909 3476 6909 3475 6909 2668 6910 3477 6910 3476 6910 2561 6911 3423 6911 3422 6911 2561 6912 2563 6912 3423 6912 2671 6913 3477 6913 2668 6913 2559 6914 3422 6914 3421 6914 2559 6915 2561 6915 3422 6915 3420 6916 2559 6916 3421 6916 2673 6917 3478 6917 3477 6917 2673 6918 3477 6918 2671 6918 2557 6919 2559 6919 3420 6919 2675 6920 3479 6920 3478 6920 2675 6921 3478 6921 2673 6921 2555 6922 3420 6922 3419 6922 2555 6923 2557 6923 3420 6923 2676 6924 3479 6924 2675 6924 2676 6925 3480 6925 3479 6925 2553 6926 3419 6926 3418 6926 2553 6927 2555 6927 3419 6927 2678 6928 3480 6928 2676 6928 3481 6929 3480 6929 2678 6929 3417 6930 2551 6930 2553 6930 3417 6931 2553 6931 3418 6931 2681 6932 3481 6932 2678 6932 3482 6933 3481 6933 2681 6933 2549 6934 2551 6934 3417 6934 3416 6935 2549 6935 3417 6935 3483 6936 2681 6936 2683 6936 3483 6937 3482 6937 2681 6937 2685 6938 3483 6938 2683 6938 3415 6939 2549 6939 3416 6939 3415 6940 2547 6940 2549 6940 3484 6941 3483 6941 2685 6941 3414 6942 2547 6942 3415 6942 3414 6943 2545 6943 2547 6943 3485 6944 2685 6944 2687 6944 3485 6945 3484 6945 2685 6945 3413 6946 2543 6946 2545 6946 3413 6947 2545 6947 3414 6947 3486 6948 2687 6948 2688 6948 3486 6949 2688 6949 2690 6949 3486 6950 3485 6950 2687 6950 3412 6951 2540 6951 2543 6951 3412 6952 2543 6952 3413 6952 3487 6953 2690 6953 2693 6953 3487 6954 3486 6954 2690 6954 3411 6955 2536 6955 2539 6955 3411 6956 2539 6956 2540 6956 3411 6957 2540 6957 3412 6957 3488 6958 3487 6958 2693 6958 3410 6959 2535 6959 2536 6959 3410 6960 2536 6960 3411 6960 3489 6961 2693 6961 2694 6961 3489 6962 3488 6962 2693 6962 3409 6963 2535 6963 3410 6963 3490 6964 2694 6964 2697 6964 3490 6965 3489 6965 2694 6965 3408 6966 2533 6966 2535 6966 3408 6967 2535 6967 3409 6967 3491 6968 2697 6968 2699 6968 3491 6969 2699 6969 2701 6969 3491 6970 3490 6970 2697 6970 3407 6971 2529 6971 2530 6971 3407 6972 2530 6972 2533 6972 3407 6973 2533 6973 3408 6973 3492 6974 3491 6974 2701 6974 3406 6975 2529 6975 3407 6975 3493 6976 3492 6976 2701 6976 3493 6977 2701 6977 2703 6977 3405 6978 2529 6978 3406 6978 3405 6979 2527 6979 2529 6979 3494 6980 3493 6980 2703 6980 3494 6981 2703 6981 2705 6981 3494 6982 2705 6982 2706 6982 3404 6983 2522 6983 2525 6983 3404 6984 2525 6984 2527 6984 3404 6985 2527 6985 3405 6985 3495 6986 3494 6986 2706 6986 3403 6987 2520 6987 2522 6987 3403 6988 2522 6988 3404 6988 3496 6989 2706 6989 2709 6989 3496 6990 3495 6990 2706 6990 3402 6991 2520 6991 3403 6991 3497 6992 2709 6992 2710 6992 3497 6993 3496 6993 2709 6993 3527 6994 2520 6994 3402 6994 3527 6995 2770 6995 2520 6995 3498 6996 2710 6996 2713 6996 3498 6997 2713 6997 2714 6997 3498 6998 3497 6998 2710 6998 3526 6999 2769 6999 2770 6999 3526 7000 2770 7000 3527 7000 3499 7001 3498 7001 2714 7001 3525 7002 2769 7002 3526 7002 3525 7003 2767 7003 2769 7003 3500 7004 2714 7004 2717 7004 3500 7005 3499 7005 2714 7005 3524 7006 2767 7006 3525 7006 3524 7007 2763 7007 2765 7007 3524 7008 2765 7008 2767 7008 3501 7009 2717 7009 2719 7009 3501 7010 2719 7010 2720 7010 3501 7011 3500 7011 2717 7011 3523 7012 2763 7012 3524 7012 3502 7013 3501 7013 2720 7013 3522 7014 2761 7014 2763 7014 3522 7015 2763 7015 3523 7015 3503 7016 3502 7016 2720 7016 3503 7017 2720 7017 2723 7017 3521 7018 2761 7018 3522 7018 3521 7019 2759 7019 2761 7019 3504 7020 2723 7020 2725 7020 3504 7021 3503 7021 2723 7021 3520 7022 2759 7022 3521 7022 3520 7023 2757 7023 2759 7023 3505 7024 3504 7024 2725 7024 3505 7025 2725 7025 2727 7025 3519 7026 2757 7026 3520 7026 3519 7027 2755 7027 2757 7027 3506 7028 2727 7028 2729 7028 3506 7029 2729 7029 2731 7029 3506 7030 3505 7030 2727 7030 3518 7031 2755 7031 3519 7031 3518 7032 2753 7032 2755 7032 3507 7033 3506 7033 2731 7033 3517 7034 2753 7034 3518 7034 3517 7035 2749 7035 2751 7035 3517 7036 2751 7036 2753 7036 3508 7037 2731 7037 2733 7037 3508 7038 3507 7038 2731 7038 3508 7039 2733 7039 2735 7039 3516 7040 2749 7040 3517 7040 3509 7041 3508 7041 2735 7041 3515 7042 2749 7042 3516 7042 3515 7043 2747 7043 2749 7043 3510 7044 2735 7044 2737 7044 3510 7045 2737 7045 2739 7045 3510 7046 3509 7046 2735 7046 3514 7047 2743 7047 2745 7047 3514 7048 2745 7048 2747 7048 3514 7049 2747 7049 3515 7049 3511 7050 2739 7050 2741 7050 3511 7051 3510 7051 2739 7051 3513 7052 2743 7052 3514 7052 3512 7053 2741 7053 2743 7053 3512 7054 2743 7054 3513 7054 3512 7055 3511 7055 2741 7055</p>
        </triangles>
      </mesh>
    </geometry>
  </library_geometries>
  <library_materials>
    <material id="mat_Wheel__R__shape004" name="Wheel__R__shape004">
      <instance_effect url="#effect_Wheel__R__shape004"/>
    </material>
  </library_materials>
  <library_visual_scenes>
    <visual_scene id="myscene">
      <node id="node0" name="node0">
        <instance_geometry url="#geometry0">
          <bind_material>
            <technique_common>
              <instance_material symbol="ref_Wheel__R__shape004" target="#mat_Wheel__R__shape004"/>
            </technique_common>
          </bind_material>
        </instance_geometry>
      </node>
    </visual_scene>
  </library_visual_scenes>
  <scene>
    <instance_visual_scene url="#myscene"/>
  </scene>
</COLLADA>
